COLLISION_DATE,COLLISION_TIME,DAY_OF_WEEK,PRIMARY_RD,SECONDARY_RD,INTERSECTION,WEATHER_1,COLLISION_SEVERITY,NUMBER_KILLED,NUMBER_INJURED,PARTY_COUNT,PRIMARY_COLL_FACTOR,PCF_CODE_OF_VIOL,PCF_VIOL_CATEGORY,HIT_AND_RUN,TYPE_OF_COLLISION,MVIW,ROAD_SURFACE,ROAD_COND_1,LIGHTING,CONTROL_DEVICE,ALCOHOL_INVOLVED,LATITUDE,LONGITUDE
20010504,1146,5,6,OLIVE AV,Y,A,0,0,0,2,A,C,3,N,C,C,A,H,A,A,N,33.774139,-118.182391
20010504,1233,5,ANAHEIM,MLK,Y,A,4,0,1,2,D,-,0,N,H,C,A,H,A,A,N,33.782609,-118.180700
20010504,1341,5,SUNFIELD AV,HARVEY WY,N,A,0,0,0,1,A,C,21,N,E,I,A,H,A,D,N,33.836124,-118.134991
20010504,1459,5,20,OLIVE AV,Y,A,0,0,0,1,A,C,3,M,E,I,A,H,A,D,N,33.793485,-118.182854
20010504,1552,5,ATLANTIC,35,N,A,0,0,0,2,D,-,0,N,C,C,A,H,A,D,N,33.820077,-118.185013
20010504,1649,5,CHERRY AV,RT 405 NBOFF/R,N,A,4,0,1,2,A,C,3,N,C,C,A,H,A,A,N,33.771741,-118.167701
20010504,1703,5,LONG BCH BL,ROOSEVELT,N,A,0,0,0,2,A,C,6,N,B,C,A,H,A,D,N,33.828937,-118.189345
20010504,1725,5,PACIFC CST HWY,GARDENIA AV,Y,A,0,0,0,3,A,C,9,M,D,C,A,H,A,D,N,33.789852,-118.168729
20010504,1740,5,LOUISE,LONG BCH BL,N,A,4,0,1,6,D,-,0,N,B,C,A,H,A,D,N,33.855084,-118.196971
20010504,1745,5,CHERRY AV,WARDLOW,Y,A,0,0,0,2,A,C,21,M,B,C,A,H,A,D,N,33.818920,-118.167686
20010504,1812,5,7,ROSWELL,Y,A,0,0,0,2,A,C,8,N,D,C,A,H,A,D,N,33.775334,-118.143708
20010504,1915,5,STUDEBAKER RD,WILLOW,Y,A,0,0,0,2,A,C,12,N,D,C,A,H,A,A,N,33.803249,-118.099274
20010504,2028,5,LB BL,55,N,A,0,0,0,2,D,-,0,M,D,E,A,H,C,D,N,33.829966,-118.090047
20010504,820,5,RT 710,CARSON,N,A,3,0,7,4,A,C,3,N,E,I,A,H,A,D,N,33.770050,-118.193739
20010504,900,5,RT 405,SANTA FE AV,N,A,0,0,0,2,A,C,21,N,C,C,A,H,A,D,N,33.807295,-118.215507
20010504,1628,5,RT 405,ATLANTIC AV,N,A,0,0,0,2,A,C,7,N,B,C,A,H,A,D,N,39.576654,-74.226897
20010504,2245,5,RT 710,PACIFC CST HWY,N,A,0,0,0,2,A,C,8,N,E,I,A,H,D,D,N,33.770050,-118.193739
20010504,1740,5,RT 91,CHERRY AV,N,A,0,0,0,3,A,C,3,N,C,C,A,H,A,D,N,33.876334,-118.167205
20010505,1508,6,SAN VICENTE AV,DEBORAH,N,A,0,0,0,2,A,C,1,N,D,E,A,H,A,D,Y,33.804451,-118.116864
20010505,45,6,WILLOW,ATLANTIC AV,Y,A,0,0,0,2,A,C,8,M,D,C,A,H,C,A,N,33.804328,-118.185023
20010505,240,6,PLYMOUTH,LONG BCH BL,N,A,0,0,0,2,A,C,8,M,C,E,A,H,C,A,N,33.853292,-118.196168
20010505,400,6,PINE AV,PACIFC CST HWY,N,A,0,0,0,4,A,C,3,M,B,E,A,H,C,D,N,33.789850,-118.192390
20010505,1212,6,CEDAR AV,MOUNTAIN VIEW,Y,A,0,0,0,2,A,C,9,N,D,C,A,H,A,A,N,33.851751,-118.193668
20010505,1230,6,W 4,W 4 425,N,A,0,0,0,2,A,C,21,N,D,E,A,H,A,D,N,33.771710,-118.192400
20010505,1356,6,34,FASHION AV,N,A,0,0,0,1,A,C,3,M,E,I,A,H,A,A,N,33.818869,-118.208934
20010505,1359,6,WILLOW,LAKEWOOD BL,N,A,0,0,0,2,A,C,3,M,C,C,A,H,A,D,N,33.803251,-118.142788
20010505,1359,6,CASPIAN AV,WILLOW,N,A,0,0,0,2,A,C,7,M,C,C,A,H,A,D,N,33.804425,-118.212179
20010505,1523,6,6,PACIFIC AV,Y,A,0,0,0,2,A,C,12,N,D,C,A,H,A,A,N,33.767199,-118.193709
20010505,1609,6,MOLINO AV,ANAHEIM,N,A,0,0,0,2,A,C,11,N,G,B,A,H,A,D,N,33.782610,-118.161105
20010505,1633,6,DAWSON,ANAHEIM,N,A,0,0,0,2,A,C,3,M,C,C,A,H,A,D,N,33.782599,-118.165480
20010505,1727,6,CHERRY AV,ANAHEIM,N,A,4,0,1,2,D,-,0,N,G,B,A,H,A,D,N,33.782604,-118.167652
20010505,1800,6,PARADE,HARBOR AV,N,A,3,0,1,2,A,C,11,N,G,B,A,H,A,D,N,33.790757,-118.210490
20010505,1820,6,MARKET,ROSE,Y,A,0,0,0,2,A,C,7,M,D,C,A,H,A,A,N,33.854373,-118.170491
20010505,1830,6,7,MARGO AV,N,A,4,0,2,3,A,C,4,N,C,C,A,H,A,D,N,33.775060,-118.111726
20010505,1848,6,LONG BCH BL,RT 91 E EBON/R,Y,A,0,0,0,2,A,C,12,M,D,C,A,H,A,A,N,33.770050,-118.193739
20010505,1903,6,OCEAN,ALAMITOS,Y,A,3,0,1,2,A,C,10,F,G,B,A,H,A,A,N,33.766221,-118.183133
20010505,1950,6,OCEAN BL,W JUNIPERO AV,N,A,0,0,0,2,-,-,0,N,B,E,A,H,C,A,N,33.764198,-118.166629
20010505,2125,6,E MARKET,DAIRY AV,N,A,0,0,0,2,A,C,8,M,D,C,A,H,D,D,N,33.854288,-118.194809
20010505,2255,6,XIMENO AV,11,Y,A,0,0,0,2,A,C,4,M,C,C,A,H,C,D,N,33.758513,-118.143416
20010505,2348,6,LAKEWOOD BL,NORSE WY,N,A,0,0,0,2,A,C,7,N,C,E,A,H,C,D,N,33.833984,-118.142461
20010505,350,6,RT 91,ATLANTIC BL,N,A,0,0,0,2,A,C,8,N,B,C,A,H,C,D,N,33.874843,-118.193412
20010505,1540,6,RT 91,ATLANTIC AV,N,A,0,0,0,1,A,C,8,N,E,I,A,H,A,D,N,33.874843,-118.193412
20010506,204,7,PINE,5,N,A,4,0,1,2,A,C,1,F,C,C,A,H,C,A,Y,33.772944,-118.192404
20010506,24,7,DOWNEY AV,65,Y,A,0,0,0,2,A,C,12,M,D,C,A,H,C,A,N,33.872914,-118.151279
20010506,555,7,PACIFC CST HWY,CHANNEL DR,N,A,3,0,1,1,A,C,8,N,E,I,A,H,B,D,N,33.772905,-118.119484
20010506,718,7,SAN ANTONIO DR,ELM AV,N,A,3,0,1,1,A,C,3,N,E,I,A,H,A,D,N,33.835338,-118.188024
20010506,756,7,LEWIS AV,61,N,A,0,0,0,3,A,C,8,M,B,C,A,H,C,D,N,33.865519,-118.180104
20010506,1100,7,MLK,11,Y,A,0,0,0,2,A,C,12,M,D,C,-,H,A,A,N,33.780786,-118.180671
20010506,1114,7,ESTHER,ESTHER 539,N,A,0,0,0,3,A,C,8,M,B,E,A,H,A,D,N,33.770050,-118.193739
20010506,1637,7,CHERRY AV,PACIFC CST HWY,N,A,0,0,0,3,A,C,3,N,C,C,A,H,A,D,N,33.789861,-118.167643
20010506,1752,7,WARDLOW,NORWALK BL,Y,A,0,0,0,2,A,C,8,N,D,C,A,H,A,A,N,33.817565,-118.071822
20010506,1820,7,15,LINDEN AV,N,A,0,0,0,2,A,C,9,N,D,C,A,H,A,D,N,33.766916,-118.186385
20010506,1943,7,TEMPLE,SPRING,N,A,0,0,0,2,A,C,9,N,D,C,A,H,B,D,N,33.811571,-118.158856
20010506,2007,7,BRAYTON AV,SOUTH,Y,A,3,0,1,2,D,-,0,M,G,B,A,H,C,D,N,33.860119,-118.176293
20010506,2215,7,LOS COYOTES DGNL,BELLFLOWER,Y,A,0,0,0,2,A,C,12,N,D,C,A,H,C,A,N,33.770050,-118.193739
20010506,2224,7,CHERRY,8,N,A,0,0,0,2,A,C,3,M,B,E,A,H,C,D,N,33.777152,-118.167665
20010506,130,7,RT 91,LBB,N,A,0,0,0,2,A,C,7,M,D,C,A,H,C,D,N,33.770050,-118.193739
20010506,130,7,RT 91,RT 710,N,A,0,0,0,2,A,C,3,M,C,C,A,H,C,D,N,32.932282,-80.411644
20010506,1225,7,RT 405 NBTRN,LA RV,N,A,0,0,0,2,A,C,8,N,E,I,A,H,A,D,N,33.770050,-118.193739
20010506,1950,7,RT 405,SPRING,N,A,0,0,0,3,A,C,3,M,C,C,A,H,C,D,N,33.770050,-118.193739
20010507,315,1,LONG BCH BL,55,N,A,0,0,0,2,C,-,18,N,B,C,A,H,C,D,Y,39.720165,-74.125754
20010507,230,1,ORIZABA,67,N,A,0,0,0,3,A,C,8,M,B,E,A,H,C,D,N,33.876038,-118.157836
20010507,259,1,DEL AMO BL,LEMON AV,Y,A,0,0,0,1,E,-,24,N,E,I,A,H,C,D,N,33.846913,-118.179688
20010507,515,1,3,EUCLID,Y,A,0,0,0,2,A,C,12,N,B,C,A,H,B,A,N,33.768077,-118.149165
20010507,523,1,PROSPECT,14,N,A,0,0,0,3,A,C,3,M,B,E,A,H,A,D,N,33.784417,-118.140499
20010507,538,1,BROADWAY,ESPERANZA,Y,A,0,0,0,2,A,C,5,N,E,I,A,H,A,D,N,33.768225,-118.175064
20010507,625,1,OCEAN,JUNIPERO,Y,A,2,0,1,2,A,C,10,N,G,B,A,H,A,A,N,33.764198,-118.166629
20010507,720,1,CHESTNUT,20,Y,A,3,0,1,2,D,-,0,M,H,G,A,H,A,A,N,33.793485,-118.195894
20010507,735,1,7,CERRITOS AV,N,A,4,0,3,4,A,C,3,N,C,C,A,H,A,A,N,33.766264,-118.179274
20010507,753,1,10,ORANGE,N,A,4,0,1,4,A,C,3,N,C,C,A,H,A,D,N,33.778974,-118.176331
20010507,754,1,SHORELINE DR,BROADWAY,N,A,0,0,0,2,D,-,0,N,B,C,A,H,A,D,N,33.769314,-118.202510
20010507,905,1,PACIFC CST HWY,GAVIOTA,N,A,0,0,0,2,A,C,7,N,B,C,A,H,A,D,N,33.789856,-118.170908
20010507,915,1,W AMERICAN AV,28,N,A,0,0,0,3,D,-,0,M,D,E,A,H,A,D,N,39.581088,-74.227716
20010507,1130,1,WILLOW,FASHION AV,Y,A,3,0,1,2,D,-,0,N,H,G,A,H,A,A,N,33.804427,-118.208920
20010507,1158,1,TERMINO,4,Y,A,4,0,2,2,A,C,12,N,D,C,A,H,A,A,N,33.771706,-118.145896
20010507,1413,1,E 2,COVINA,Y,A,2,0,1,2,-,-,0,N,G,B,A,H,A,D,N,33.759904,-118.133881
20010507,1434,1,BELLFLOWER BL,ATHERTON,Y,A,0,0,0,2,A,C,9,N,A,C,A,H,A,A,N,33.788526,-118.124399
20010507,1530,1,CENTRALIA,GREEN BRICK,N,A,0,0,0,2,A,C,7,M,B,E,A,H,A,D,N,33.770050,-118.193739
20010507,1534,1,10,OHIO AV,Y,A,4,0,1,2,A,C,12,F,D,C,A,H,A,A,N,33.778972,-118.160054
20010507,1550,1,CLARK AV,PATTERSON,N,A,0,0,0,3,A,C,21,N,C,C,A,D,A,D,N,33.770050,-118.193739
20010507,1715,1,7,STUDEBAKER,N,A,0,0,0,2,A,C,3,M,C,C,A,H,A,D,N,33.761751,-118.103505
20010507,1720,1,6,LIGHT POLE YE1122,N,A,0,0,0,1,A,C,8,N,E,I,A,H,A,D,N,33.770050,-118.193739
20010507,1800,1,HARBOR PLZ,W CENTER DIVIDER,N,A,4,0,1,1,A,C,16,N,F,A,A,H,A,D,N,33.770050,-118.193739
20010507,1822,1,PACIFC CST HWY,MAY AV,N,A,4,0,2,2,A,C,9,N,D,C,A,H,A,D,N,33.789853,-118.173027
20010507,1850,1,BIXBY VLG DR,N GREENWAY,Y,A,3,0,2,2,A,C,8,N,D,C,A,H,A,D,N,33.771655,-118.114417
20010507,1900,1,LOMA AV,LOMA AV 262,N,A,0,0,0,2,A,C,21,M,H,E,A,H,A,D,N,33.545107,-117.780808
20010507,1946,1,ALAMITOS AV,ANAHEIM,Y,A,4,0,1,2,A,C,12,F,D,C,A,H,C,A,N,33.782608,-118.177967
20010507,2045,1,RT 710 SBOFF/R,PACIFC CST HWY,N,A,0,0,0,2,A,C,6,N,B,C,A,H,D,D,N,33.770050,-118.193739
20010508,2356,2,BROADWAY,COLORADO PL,N,A,0,0,0,2,A,C,1,M,B,E,A,H,C,D,Y,33.765624,-118.159556
20010508,740,2,BELLFLOWER BL,PALM RD,N,A,0,0,0,2,A,C,7,N,D,C,A,H,A,D,N,33.778015,-118.122214
20010508,750,2,LOS COYOTES DGNL,BELLFLOWER BL,N,A,0,0,0,3,A,C,3,N,C,C,A,H,A,A,N,33.769086,-118.120973
20010508,810,2,OCEAN BL,ESPERANZA AV,N,A,4,0,1,5,A,C,3,N,C,C,A,H,A,A,N,33.765433,-118.175596
20010508,937,2,EL DORADO PK RD,SNAKE RD,N,A,4,0,1,1,D,-,0,N,E,I,B,F,A,D,N,33.770050,-118.193739
20010508,952,2,LONG BCH BL,WILLOW,Y,A,0,0,0,2,A,C,3,N,C,C,A,H,A,-,N,33.804424,-118.189443
20010508,1041,2,LIME AV,20,N,A,0,0,0,2,-,-,0,M,H,E,A,H,A,D,N,33.766599,-118.183684
20010508,1045,2,LOCUST,12,N,A,0,0,0,2,A,C,8,N,B,C,A,H,A,D,N,33.781408,-118.191494
20010508,1330,2,4,ALAMO CT,Y,A,0,0,0,1,A,C,8,M,E,I,A,H,A,D,N,33.771710,-118.188358
20010508,1335,2,CALIFORNIA AV,68,N,A,0,0,0,1,A,C,8,N,E,I,A,H,A,D,N,33.878217,-118.181149
20010508,1613,2,FACULTY,VILLAGE DR,N,A,0,0,0,2,A,C,8,N,D,C,A,H,A,D,N,33.834293,-118.137336
20010508,1648,2,PACIFC CST HWY,CEDAR,Y,A,4,0,2,2,A,C,9,N,D,C,A,H,A,A,N,33.789861,-118.195099
20010508,1820,2,33,GALE AV,N,A,0,0,0,3,A,C,7,N,B,C,A,H,A,D,N,33.817091,-118.207830
20010508,1841,2,ST LOUIS,N ANAHEIM,N,A,0,0,0,2,A,C,6,M,B,C,A,H,B,D,N,33.782603,-118.166577
20010508,1900,2,PACIFC CST HWY,PACIFIC AV,Y,A,0,0,0,2,A,C,12,N,D,C,A,H,A,A,N,46.356782,-124.054189
20010508,2002,2,PACIFIC PL,WARDLOW,N,A,0,0,0,3,A,C,3,N,C,C,A,H,D,D,N,33.819044,-118.195946
20010508,2054,2,PACIFC CST HWY,ULTIMO AV,N,A,0,0,0,2,A,C,9,M,E,I,A,H,C,A,N,33.776405,-118.124174
20010508,830,2,RT 710,LONG BCH BL,N,A,0,0,0,2,A,C,3,N,C,C,A,H,A,D,N,33.770050,-118.193739
20010508,930,2,RT 710,WILLOW OC,N,A,0,0,0,4,A,C,3,M,C,C,A,H,A,D,N,33.770050,-118.193739
20010508,1000,2,RT 405,PALO VERDE AV,N,A,4,0,1,3,A,C,7,N,E,I,A,H,A,D,N,33.805010,-118.107912
20010508,1230,2,RT 405,WALNUT AV OC,N,A,0,0,0,1,A,C,8,N,E,I,A,H,A,D,N,33.770050,-118.193739
20010508,1601,2,RT 405,SPRING,N,A,0,0,0,2,A,C,3,N,C,C,A,H,A,D,N,33.770050,-118.193739
20010508,1620,2,RT 710,WILLOW,N,A,0,0,0,2,A,C,3,N,C,C,A,H,A,D,N,33.770050,-118.193739
20010508,1630,2,RT 91,LONG BCH BL,N,A,0,0,0,2,A,C,3,N,C,C,A,H,A,D,N,33.873156,-118.200648
20010508,1715,2,RT 91,RT 710,N,A,3,0,1,2,A,C,16,N,H,C,A,H,A,D,N,32.932282,-80.411644
20010508,1322,2,RT 405,OLYMPIC BL,N,A,4,0,1,3,A,C,3,N,C,C,A,H,A,D,N,33.758790,-118.145278
20010509,255,3,20,ORANGE,Y,A,0,0,0,1,-,-,0,M,E,I,A,H,C,A,N,33.793493,-118.176317
20010509,736,3,TEMPLE AV,7,N,A,4,0,1,2,A,C,11,N,G,B,A,H,A,A,N,33.768238,-118.159159
20010509,750,3,BROADWAY,BONITO AV,Y,A,3,0,2,3,A,C,3,N,D,C,A,H,A,D,N,33.768919,-118.180419
20010509,1011,3,6,MAGNOLIA AV,Y,A,2,0,2,2,A,C,12,N,D,C,A,H,A,A,N,33.767548,-118.198037
20010509,1046,3,3,DAISY AV,N,A,4,0,3,2,A,C,3,N,C,C,A,H,A,A,N,33.783581,-118.199634
20010509,1130,3,CARSON,PIONEER,N,A,0,0,0,2,D,-,0,M,B,C,A,D,A,D,N,33.831396,-118.081907
20010509,1232,3,ANAHEIM,ATLANTIC AV,Y,A,0,0,0,2,D,-,0,N,D,C,A,H,A,A,N,33.782609,-118.185034
20010509,1358,3,MARKET,ATLANTIC AV,Y,A,0,0,0,2,A,C,9,N,D,C,A,H,A,A,N,33.854324,-118.185004
20010509,1500,3,ANAHEIM,ORANGE AV,Y,A,0,0,0,2,-,-,0,M,-,-,A,H,A,A,N,33.782603,-118.176335
20010509,1637,3,ATTICA DR,APPIAN WY,N,A,0,0,0,2,A,C,7,M,B,E,A,H,C,D,N,33.758035,-118.120847
20010509,1716,3,2,ST JOSEPH,N,A,3,0,1,2,D,-,0,N,B,C,A,H,A,A,N,33.761358,-118.137289
20010509,1728,3,21,CERRITOS,N,A,4,0,2,2,A,C,21,N,D,C,A,H,A,D,N,33.795302,-118.177410
20010509,1800,3,7,CHANNEL DR,N,A,0,0,0,2,A,C,4,M,B,D,A,H,A,D,N,33.775220,-118.119009
20010509,1817,3,ATLANTIC AV,RT 91,Y,A,0,0,0,1,D,-,0,M,E,I,A,H,A,A,N,33.874843,-118.193412
20010509,1950,3,PACIFC CST HWY,CHANNEL DR,N,A,0,0,0,2,A,C,3,N,C,C,A,H,A,A,N,33.772905,-118.119484
20010509,545,3,RT 405,ATLANTIC AV,N,A,4,0,2,3,A,C,3,N,C,C,A,H,A,D,N,39.576654,-74.226897
20010509,750,3,RT 710,LONG BCH BL OC,N,B,0,0,0,2,A,C,3,N,C,C,A,H,A,D,N,33.770050,-118.193739
20010509,830,3,RT 405,ATLANTIC AV,N,A,0,0,0,2,A,C,3,N,C,C,A,H,A,D,N,39.576654,-74.226897
20010509,1150,3,RT 710,RT 91 OC,N,A,0,0,0,2,C,-,18,N,H,C,A,H,A,D,N,33.770050,-118.193739
20010509,1215,3,RT 405,PALO VERDE AV,N,A,0,0,0,2,A,C,3,N,C,C,A,H,A,D,N,33.805010,-118.107912
20010509,1305,3,RT 91,RT 710,N,A,4,0,1,2,A,C,7,N,C,C,A,H,A,D,N,32.932282,-80.411644
20010509,1430,3,RT 405,LONG BCH BL,N,A,4,0,2,1,A,C,3,N,E,I,A,H,A,D,N,33.770050,-118.193739
20010509,2037,3,RT 91 WBOFF/R,ATLANTIC BL,N,A,4,0,1,1,A,C,8,N,E,I,A,-,D,D,N,40.589527,-73.744950
20010510,152,4,CHERRY AV,56,N,A,3,0,1,3,A,C,1,N,C,E,A,H,C,A,Y,33.764935,-118.168315
20010510,159,4,LOS ALMTS TRFC CIR,N PACIFC CST HWY,N,A,3,0,1,1,A,C,3,N,E,I,A,H,C,D,Y,33.770050,-118.193739
20010510,721,4,CLARK,EAGLE,N,A,0,0,0,1,A,C,8,N,E,I,A,H,A,D,N,33.799451,-118.133983
20010510,815,4,7,GAVIOTA,Y,B,0,0,0,2,A,C,3,N,C,C,A,H,A,A,N,33.775344,-118.170903
20010510,850,4,LIME AV,4,Y,A,3,0,2,1,A,C,17,N,H,A,A,H,A,D,N,33.766330,-118.183683
20010510,912,4,ALY E ORANG AV,63,N,A,0,0,0,2,A,C,3,M,A,C,A,H,A,D,N,33.869160,-118.177326
20010510,1330,4,3,MAGNOLIA AV,Y,A,0,0,0,2,A,C,7,N,C,C,A,H,A,D,N,33.767557,-118.198074
20010510,1425,4,LONG BCH BL,MARKET,N,A,4,0,1,3,A,C,3,N,C,C,A,H,A,A,N,33.854284,-118.196533
20010510,1456,4,6,PINE,N,A,0,0,0,2,A,C,17,N,A,E,A,H,A,D,N,33.774121,-118.192392
20010510,1555,4,PACIFC CST HWY,GUNDRY AV,N,A,0,0,0,1,A,C,7,N,E,I,A,H,A,D,N,33.789854,-118.174173
20010510,1650,4,PACIFC CST HWY,ATLANTIC AV,Y,A,3,0,2,2,A,C,9,N,D,C,A,H,A,A,N,33.789867,-118.185018
20010510,1759,4,LOS COYOTES DIAGON,CLARK,N,A,0,0,0,2,A,C,3,N,C,C,A,H,A,D,N,33.796144,-118.134002
20010510,1820,4,ATLANTIC AV,HARDING,Y,A,3,0,1,2,A,C,5,N,H,G,A,H,A,A,N,33.867323,-118.185201
20010510,1854,4,DEL AMO BL,ORANGE AV,N,A,0,0,0,2,A,C,3,N,C,C,A,H,A,A,N,33.846917,-118.176842
20010510,630,4,RT 405,RT 710,N,A,0,0,0,1,C,-,18,N,E,I,A,H,A,D,N,46.462508,-95.646979
20010510,1115,4,RT 710,PACIFC CST HWY,N,A,3,0,1,2,A,C,7,N,B,C,A,D,A,D,N,33.770050,-118.193739
20010510,1120,4,RT 710,WARDLOW AV OC,N,A,0,0,0,2,A,C,7,N,B,C,A,H,A,D,N,33.770050,-118.193739
20010510,1245,4,RT 405,TEMPLE AV,N,A,0,0,0,2,A,C,3,N,C,C,A,H,A,D,N,34.145957,-118.417898
20010510,1338,4,RT 710,DEL AMO BL,N,A,0,0,0,5,A,C,3,N,C,C,A,H,A,D,N,33.847073,-118.130810
20010510,1635,4,RT 91,RT 710,N,A,3,0,1,2,A,C,7,N,F,A,A,H,A,D,N,32.932282,-80.411644
20010510,1745,4,RT 710 NBON/R,PACIFC CST HWY,N,A,0,0,0,1,A,C,8,N,E,I,A,H,A,D,N,33.770050,-118.193739
20010510,1110,4,RT 91,PARAMOUNT BL,N,A,0,0,0,2,A,C,7,N,B,C,A,H,A,D,N,33.876245,-118.162684
20010510,1820,4,RT 91 WBON/R,CHERRY AV,N,A,4,0,1,2,A,C,3,F,C,C,A,H,A,A,N,33.823170,-118.167726
20010510,1825,4,RT 91,ATLANTIC AV,N,A,0,0,0,2,A,C,3,N,E,I,A,H,A,D,N,33.874843,-118.193412
20010510,1830,4,RT 91,PARAMOUNT BL,N,A,0,0,0,3,A,C,3,N,C,C,A,H,A,D,N,33.876245,-118.162684
20010510,1700,4,RT 10,VENICE BL,N,A,0,0,0,2,A,C,7,N,B,C,A,H,A,D,N,33.770050,-118.193739
20010511,2109,5,RT 710 SBON/R,WILLOW,Y,A,4,0,2,2,A,C,1,F,C,C,A,H,C,D,Y,33.770050,-118.193739
20010511,2200,5,RT 710,DEL AMO BL,N,A,3,0,4,3,A,C,7,F,B,C,A,H,C,D,Y,33.847073,-118.130810
20010511,150,5,ORANGE AV,5,N,A,0,0,0,4,A,C,8,M,B,C,A,H,C,D,N,33.765773,-118.177361
20010511,805,5,WILLOW,CLARK AV,N,A,0,0,0,2,A,C,3,N,C,C,A,D,A,D,N,33.803229,-118.133871
20010511,819,5,BANNER DR,45,N,A,0,0,0,2,A,C,9,N,B,C,A,H,A,D,N,33.840470,-118.174838
20010511,1545,5,ANAHEIM,TEMPLE AV,N,A,0,0,0,2,A,C,3,M,C,C,A,H,A,D,N,33.782597,-118.158947
20010511,1556,5,ATLANTIC AV,27,N,A,0,0,0,3,-,-,0,N,D,C,A,H,A,A,N,33.766968,-118.185061
20010511,1732,5,OCEAN BL,ELM AV,Y,A,0,0,0,2,A,C,12,N,D,C,A,H,A,A,N,33.766747,-118.187685
20010511,1825,5,MARKET,CEDAR,N,A,0,0,0,2,A,C,8,N,B,C,A,H,A,D,N,33.854279,-118.193685
20010511,2047,5,PACIFC CST HWY,MLK,N,A,4,0,1,2,A,C,3,F,C,C,A,H,C,A,N,33.789856,-118.180653
20010511,2152,5,CHERRY AV,56,Y,A,4,0,3,2,A,C,3,N,D,C,A,H,C,D,N,33.764935,-118.168315
20010511,35,5,RT 710,ANAHEIM,N,A,4,0,1,2,A,C,7,F,E,I,A,H,C,D,N,33.762173,-118.205115
20010511,230,5,ANAHEIM,RT 710 NBON/R UC,N,A,0,0,0,1,A,C,3,M,E,I,A,H,C,D,N,33.770050,-118.193739
20010511,1520,5,RT 91,RT 710,N,A,0,0,0,1,A,C,16,N,E,J,A,H,A,D,N,32.932282,-80.411644
20010511,1650,5,RT 405,CALIFORNIA AV,N,A,4,0,1,3,A,C,3,N,C,C,A,H,A,D,N,34.168501,-118.605754
20010512,300,6,BELLFLOWER BL,CARSON,N,A,0,0,0,1,A,C,1,M,E,I,A,H,C,A,Y,33.832358,-118.125209
20010512,2052,6,ARTESIA,RT 710 NBOFF/R,Y,B,4,0,1,2,A,C,1,N,C,C,A,H,C,A,Y,33.874505,-118.183160
20010512,2116,6,OBISPO AV,65,Y,B,0,0,0,2,A,C,1,N,B,E,A,H,C,D,Y,33.872507,-118.155610
20010512,2240,6,LOYNES DR,PACIFC CST HWY,N,B,0,0,0,2,A,C,1,N,A,C,A,H,C,A,Y,33.767271,-118.116958
20010512,418,6,ANAHEIM,TEMPLE,Y,B,4,0,2,2,A,C,12,N,D,C,A,H,C,A,N,33.782597,-118.158947
20010512,755,6,DAISY AV,DEL AMO,N,B,0,0,0,2,A,C,21,M,H,E,A,A,A,D,N,33.846577,-118.198653
20010512,1034,6,49,VIRGINIA,N,B,0,0,0,1,A,C,8,N,E,I,A,H,A,D,N,33.844817,-118.196696
20010512,1112,6,10,ROSE,Y,B,0,0,0,2,A,C,3,M,C,C,A,H,A,D,N,33.778970,-118.169823
20010512,1138,6,6,ELM,N,A,0,0,0,2,A,C,8,N,B,C,A,H,A,A,N,33.774145,-118.187666
20010512,1303,6,ANAHEIM,MIRA MAR AV,N,A,4,0,2,2,-,-,0,N,C,C,A,H,A,D,N,33.782596,-118.147518
20010512,1335,6,4,TERMINO AV,Y,A,4,0,2,2,A,C,12,F,D,C,A,H,A,A,N,33.771706,-118.145896
20010512,1424,6,3,ORANGE,Y,A,0,0,0,2,A,-,0,N,D,C,A,H,A,A,N,33.770140,-118.176532
20010512,1505,6,DAISY,PACIFC CST HWY,N,A,0,0,0,2,A,C,9,M,D,C,A,H,A,D,N,33.789868,-118.199501
20010512,1603,6,LONG BCH BL,10,N,B,0,0,0,2,A,C,17,N,H,C,A,H,A,A,N,39.714252,-74.132931
20010512,1725,6,ORANGE AV,67,N,B,3,0,1,2,A,C,11,N,G,B,A,H,A,D,N,33.766705,-118.177177
20010512,1735,6,PACIFIC AV,15,N,A,4,0,1,2,A,C,11,N,G,B,A,H,A,A,N,33.767270,-118.193747
20010512,1945,6,LOCUST,54,N,A,0,0,0,2,A,C,5,M,B,E,A,H,C,D,N,40.623087,-73.718980
20010512,1953,6,ORANGE AV,67,Y,A,3,0,1,2,A,C,9,N,H,G,A,H,B,A,N,33.766705,-118.177177
20010512,2020,6,OCEAN BL,RT 47,N,A,0,0,0,2,A,C,8,M,D,C,A,H,C,A,N,39.627783,-74.190228
20010512,2127,6,11,LOMA AV,Y,A,4,0,1,2,A,C,17,F,D,C,A,H,C,D,N,33.761470,-118.150673
20010512,2136,6,W 21,SAN FRANCISCO,N,A,0,0,0,2,A,C,7,M,C,C,A,H,C,D,N,33.795316,-118.203512
20010512,2230,6,ALY S NAPLES PL,COMPO WK,N,F,0,0,0,1,A,C,0,M,E,J,A,H,D,D,N,33.770050,-118.193739
20010512,1640,6,RT 405 NBOFF/R,CHERRY AV,N,A,4,0,1,1,A,C,3,N,E,I,A,H,A,A,N,33.823170,-118.167726
20010512,1705,6,RT 710 SBOFF/R,WILLOW AV,N,B,0,0,0,1,A,C,3,N,E,I,A,H,A,D,N,40.623157,-73.723150