COLLISION_DATE,COLLISION_TIME,DAY_OF_WEEK,PRIMARY_RD,SECONDARY_RD,INTERSECTION,WEATHER_1,COLLISION_SEVERITY,NUMBER_KILLED,NUMBER_INJURED,PARTY_COUNT,PRIMARY_COLL_FACTOR,PCF_CODE_OF_VIOL,PCF_VIOL_CATEGORY,HIT_AND_RUN,TYPE_OF_COLLISION,MVIW,ROAD_SURFACE,ROAD_COND_1,LIGHTING,CONTROL_DEVICE,ALCOHOL_INVOLVED,LATITUDE,LONGITUDE
20010628,815,4,OCEAN BL,ORANGE AV,Y,A,0,0,0,2,A,-,0,N,D,C,A,H,A,A,N,33.765666,-118.177364
20010628,1150,4,4,CHERRY AV,Y,A,4,0,1,2,A,C,9,N,H,G,A,H,A,A,N,33.764511,-118.168402
20010628,1252,4,ATLANTIC AV,27,Y,A,0,0,0,2,A,C,9,N,D,C,A,H,A,A,N,33.766968,-118.185061
20010628,1607,4,LOS COYOTES DIAGNL,OUTER TRAFFIC CIR,Y,A,0,0,0,2,A,C,12,N,D,C,A,H,A,A,N,33.790991,-118.141022
20010628,1612,4,PACIFC CST HWY,LOS COYOTES DIA,N,A,0,0,0,2,A,C,3,N,C,C,A,H,A,D,N,33.790574,-118.141557
20010628,1630,4,57,ELM AV,N,A,4,0,1,2,A,C,11,N,G,B,A,H,A,D,N,33.790574,-118.141557
20010628,1658,4,LOMA,11,Y,A,0,0,0,3,A,C,9,N,D,C,A,H,A,A,N,33.780777,-118.150236
20010628,1725,4,WILLOW,MAGNOLIA,N,A,0,0,0,2,A,C,3,N,C,C,A,H,A,D,N,33.804433,-118.198067
20010628,1736,4,CARSON,CLARK AV,N,A,0,0,0,3,A,C,4,N,C,C,A,H,A,A,N,33.832368,-118.133854
20010628,1745,4,CARSON,FACULTY AV,N,A,3,0,1,4,A,C,3,N,C,C,A,H,A,A,N,33.832402,-118.137369
20010628,1835,4,PALO VERDE AV,BARBANELL,Y,A,0,0,0,2,A,C,9,N,D,C,A,H,A,D,N,33.805252,-118.107910
20010628,1835,4,STEARNS,GRAND AV,Y,A,0,0,0,2,A,C,9,N,D,C,A,H,A,D,N,33.796086,-118.147229
20010628,2050,4,SPRING,CLAREMORE,N,A,0,0,0,2,A,C,7,N,B,C,A,H,C,D,N,33.810432,-118.078274
20010628,2102,4,OCEAN,TEMPLE,Y,A,0,0,0,2,A,C,8,N,B,E,A,H,C,B,N,33.762460,-118.159678
20010628,2207,4,ORANGE AV,19,Y,A,0,0,0,2,A,C,3,M,C,C,A,H,C,A,N,33.766100,-118.177294
20010628,630,4,RT 91,RT 710,N,A,0,0,0,2,A,C,7,N,B,C,A,H,A,D,N,32.932282,-80.411644
20010628,825,4,RT 710,DEL AMO BL,N,A,4,0,1,2,A,C,7,N,B,C,A,H,A,D,N,33.847073,-118.130810
20010628,910,4,RT 405,TEMPLE,N,A,4,0,1,2,A,C,3,N,C,C,A,H,A,D,N,34.145957,-118.417898
20010628,1628,4,RT 710,CARSON,N,A,0,0,0,2,A,C,7,M,C,C,A,H,A,D,N,33.770050,-118.193739
20010628,1655,4,RT 710,WILLOW,N,A,0,0,0,3,A,C,4,N,C,C,A,H,A,D,N,33.770050,-118.193739
20010628,1900,4,RT 710,PACIFC CST HWY,N,A,3,0,1,1,A,C,3,N,F,A,A,D,A,D,N,33.770050,-118.193739
20010628,1530,4,MYRTLE AV,70,N,A,0,0,0,2,A,C,8,N,B,C,A,H,A,D,N,33.881841,-118.181828
20010628,1800,4,RT 91,ATLANTIC AV,N,A,0,0,0,2,A,C,2,N,B,C,A,H,A,D,N,33.874843,-118.193412
20010629,1,5,7,CERRITOS,N,A,0,0,0,2,A,C,1,N,C,E,A,H,C,D,Y,33.775369,-118.177945
20010629,1930,5,LEWIS AV,15,N,A,0,0,0,2,A,C,1,M,B,C,A,H,A,D,Y,33.786196,-118.180076
20010629,2220,5,RT 605,LA/OC CO LINE,N,A,3,0,1,2,A,C,1,N,D,C,A,H,D,D,Y,33.770050,-118.193739
20010629,2240,5,RT 605,ORANGE CO LINE,N,A,0,0,0,3,A,C,1,N,C,C,A,H,C,D,Y,33.770050,-118.193739
20010629,612,5,TRAFFIC CIR,PACIFC CST HWY,N,A,4,0,1,2,A,C,9,N,H,G,A,H,A,D,N,33.788902,-118.140964
20010629,1205,5,CHESTNUT AV,20,N,A,0,0,0,2,A,C,21,N,C,C,A,H,A,D,N,33.793485,-118.195894
20010629,1206,5,LONG BCH BL,LOUISE,N,A,4,0,1,2,A,C,8,N,D,C,A,H,A,A,N,33.855084,-118.196971
20010629,1553,5,WARDLOW,PACIFIC PL,Y,A,4,0,1,2,D,-,0,N,D,C,A,H,A,A,N,33.819044,-118.195946
20010629,1615,5,MLK,19,Y,A,0,0,0,3,A,C,3,N,C,C,A,H,A,D,N,33.791671,-118.180696
20010629,1645,5,OCEAN,ORIZABA,Y,A,0,0,0,2,A,C,3,M,C,C,A,H,A,A,N,33.762112,-118.157927
20010629,1653,5,ANAHEIM,LINDEN,N,A,0,0,0,2,A,C,5,N,H,G,A,H,A,D,N,33.782601,-118.186705
20010629,1715,5,MLK,19,Y,A,4,0,3,2,A,C,3,N,C,C,A,H,A,D,N,33.791671,-118.180696
20010629,1720,5,PALO VERDE,SPRING,N,A,0,0,0,3,-,-,0,N,C,C,A,H,A,D,N,33.810426,-118.107869
20010629,1730,5,LAKEWOOD BL,WARDLOW RD,N,A,0,0,0,2,A,C,3,N,C,C,A,D,A,A,N,33.818804,-118.139045
20010629,1810,5,ATLANTIC AV,ANAHEIM,N,A,0,0,0,2,A,C,7,N,B,C,A,H,A,A,N,33.782609,-118.185034
20010629,1813,5,BURNETT,EASY,N,A,0,0,0,2,A,C,7,N,B,E,A,H,A,A,N,33.800744,-118.210003
20010629,1834,5,LIME,1,N,A,0,0,0,2,A,C,21,M,C,C,A,H,A,D,N,33.800744,-118.183982
20010629,1900,5,SUNSET,ELM,N,A,0,0,0,2,A,C,9,N,H,G,A,H,A,D,N,33.849239,-118.188345
20010629,1920,5,10,ALMOND,N,A,0,0,0,3,A,C,3,N,C,C,A,H,A,A,N,33.778971,-118.175099
20010629,1932,5,SANTE FE AV,32,Y,A,3,0,1,2,A,C,11,N,G,B,A,H,A,D,N,33.815276,-118.215532
20010629,1940,5,ATLANTIC,ARTESIA,Y,A,0,0,0,2,A,C,3,N,C,C,A,H,B,A,N,33.874312,-118.186089
20010629,2045,5,STUDEBAKER RD,S LOYNES DR,N,A,0,0,0,2,A,C,3,N,C,C,A,H,C,A,N,33.766947,-118.103100
20010629,2105,5,STUDEBAKER RD,PAVO,Y,A,3,0,2,2,A,C,4,F,C,C,A,H,C,D,N,33.811191,-118.099227
20010629,2145,5,PACIFC CST HWY,TRAFFIC CIR,N,A,0,0,0,2,A,C,7,M,B,C,A,H,C,A,N,33.788902,-118.140964
20010629,1650,5,RT 91,ATLANTIC AV,N,A,0,0,0,2,A,C,3,N,C,C,A,H,A,D,N,33.874843,-118.193412
20010629,1855,5,RT 710,WILLOW,N,A,0,0,0,3,A,C,8,N,B,C,A,H,A,D,N,33.770050,-118.193739
20010629,2220,5,RT 405 SBOFF/R,ORANGE AV,N,A,0,0,0,2,A,C,3,M,C,C,A,H,D,D,N,33.825422,-118.176316
20010630,44,6,ANAHEIM,LIME,Y,A,0,0,0,2,A,C,8,M,D,C,A,H,C,D,Y,33.782606,-118.183950
20010630,211,6,SAN FRANCISCO AV,HILL,N,A,0,0,0,3,A,C,1,M,A,E,A,H,C,D,Y,33.797149,-118.203507
20010630,1918,6,ANAHEIM,9,Y,A,3,0,4,2,A,C,12,F,D,C,A,H,A,A,Y,33.782627,-118.219840
20010630,2048,6,WILLOW,GOLDEN AV,Y,A,0,0,0,2,A,C,1,M,D,C,A,H,C,A,Y,33.804332,-118.202405
20010630,2307,6,DEUKMEJIAN,FEDERATION,N,A,0,0,0,1,A,C,1,N,E,I,A,H,C,D,Y,33.778942,-118.137597
20010630,2355,6,LONG BCH BL,RT 91,Y,A,0,0,0,2,A,C,1,N,C,C,A,H,C,A,Y,39.726252,-74.123919
20010630,100,6,LONG BCH BL,HILL,N,A,0,0,0,2,D,-,0,M,C,E,A,H,C,D,N,33.797119,-118.189269
20010630,710,6,3,PINE AV,Y,B,0,0,0,2,A,C,3,N,C,C,A,H,A,D,N,33.766915,-118.192401
20010630,736,6,ALAMITOS AV,7,N,B,4,0,1,2,A,C,8,N,B,C,A,H,A,D,N,33.767030,-118.182766
20010630,1030,6,52,ORANGE,N,A,0,0,0,2,-,-,0,N,A,D,A,H,A,D,N,33.850061,-118.177157
20010630,1059,6,STUDEBAKER RD,SPRING,Y,A,3,0,3,3,A,C,8,N,A,C,A,H,A,A,N,33.810501,-118.099235
20010630,1331,6,MONLACO RD,BELLFLOWER BL,Y,A,0,0,0,2,D,-,0,N,D,C,A,H,A,A,N,33.822260,-118.125151
20010630,1410,6,2,SORRENTO DR,Y,A,3,0,1,3,A,C,3,N,C,C,A,H,A,A,N,33.757870,-118.128424
20010630,1600,6,LOMA,11,N,A,0,0,0,2,A,C,21,N,B,C,A,H,A,D,N,33.780777,-118.150236
20010630,1625,6,RT 710,9,N,A,3,0,1,1,A,C,3,N,E,I,A,H,A,D,N,33.762173,-118.205115
20010630,1840,6,ALAMITOS AV,7,Y,A,0,0,0,2,A,C,8,N,B,C,A,H,A,A,N,33.767030,-118.182766
20010630,1850,6,69,ORCUTT,N,A,3,0,1,2,A,C,11,N,G,B,A,A,A,A,N,33.879316,-118.202704
20010630,1920,6,60,GARDENIA AV,Y,A,4,0,3,2,A,C,12,N,D,C,A,H,A,D,N,33.864221,-118.169619
20010630,1950,6,MLK BL,19,N,A,0,0,0,2,A,C,8,N,B,C,A,H,A,A,N,33.791671,-118.180696
20010630,2211,6,19,OLIVE,N,A,0,0,0,2,D,-,0,M,B,E,A,H,C,D,N,33.791668,-118.182854
20010630,2321,6,REDONDO AV,4,Y,A,0,0,0,2,A,C,12,N,D,C,A,H,C,A,N,33.761027,-118.152627
20010630,1400,6,RT 710,WILLOW,N,A,0,0,0,2,A,C,7,N,C,C,A,H,A,D,N,33.770050,-118.193739
20010701,436,7,SANTA FE AV,33,N,A,3,0,1,1,A,C,1,N,E,I,A,H,C,D,Y,33.817106,-118.215527
20010701,2050,7,QUEENS WY,OCEAN BL,N,A,0,0,0,2,A,C,11,N,G,B,A,H,C,D,Y,33.767374,-118.197984
20010701,330,7,ORANGE AV,HARDING,N,A,0,0,0,2,A,C,7,M,B,C,A,H,D,D,N,33.867345,-118.177333
20010701,430,7,ALY E CHESTNUT,N SPRING,N,A,0,0,0,1,A,C,3,N,E,I,A,H,D,D,N,33.811639,-118.195894
20010701,524,7,PACIFIC CST HWY,BELLFLOWER BL,Y,B,0,0,0,1,A,C,8,M,E,I,A,H,B,A,N,33.774031,-118.121077
20010701,800,7,10,MIRAMAR,Y,A,0,0,0,2,A,C,9,N,D,C,A,H,A,D,N,33.778964,-118.147515
20010701,1008,7,LOS COYOTES DIAGNL,STUDEBAKER RD,N,A,0,0,0,3,D,-,0,N,C,E,A,H,A,D,N,33.829849,-118.099598
20010701,1811,7,MARKET,PINE AV,N,A,1,1,0,2,D,-,0,N,H,G,A,H,A,D,N,33.854294,-118.191741
20010701,1148,7,RT 405,WARDLOW RD,N,A,0,0,0,2,A,C,7,N,B,C,A,H,A,D,N,33.818749,-118.130842
20010701,1435,7,RT 710 SBTRN,RT 405,N,A,4,0,1,1,A,C,8,N,E,I,A,H,A,A,N,33.770050,-118.193739
20010701,1700,7,RT 710,WILLOW,N,A,0,0,0,2,A,C,4,N,C,C,A,D,A,D,N,33.770050,-118.193739
20010701,1805,7,RT 91,ORANGE AV,N,A,4,0,2,1,A,C,8,N,E,I,A,H,A,D,N,33.850492,-117.875066
20010702,38,1,BROADWAY,BONITO,Y,A,0,0,0,2,A,C,1,N,D,C,A,H,C,A,Y,33.768919,-118.180419
20010702,210,1,GARDENIA,ANAHEIM,N,A,0,0,0,2,-,-,0,M,C,E,A,H,C,D,N,33.782599,-118.168735
20010702,800,1,PACIFC CST HWY,ALAMITOS,Y,A,0,0,0,2,-,-,0,N,D,C,A,H,A,A,N,33.789852,-118.189507
20010702,900,1,LONG BCH BL,ANAHEIM BL,N,A,0,0,0,2,A,C,4,N,C,C,A,H,A,A,N,33.782605,-118.189258
20010702,1110,1,ARBOR RD,CLARK,Y,A,4,0,2,2,A,C,12,N,D,C,A,H,A,A,N,33.843048,-118.133800
20010702,1153,1,PALMER CT,20,N,A,4,0,1,2,A,C,9,N,H,G,A,H,A,D,N,33.793483,-118.190258
20010702,1220,1,PACIFC CST HWY,XIMENO AV,Y,A,4,0,2,2,A,C,3,N,C,C,A,H,A,A,N,33.787755,-118.139553
20010702,1300,1,PACIFC CST HWY,PINE AV,Y,A,0,0,0,2,A,C,9,N,B,C,A,H,A,A,N,33.789850,-118.192390
20010702,1320,1,POPPY,CHERRY AV,N,A,4,0,1,2,A,C,8,N,A,C,A,H,A,D,N,33.868302,-118.168541
20010702,1346,1,LONG BCH BL,MARKET,Y,A,3,0,1,2,A,C,9,N,D,C,A,H,A,A,N,33.854284,-118.196533
20010702,1613,1,PACIFC CST HWY,TEMPLE AV,N,A,4,0,1,2,A,C,5,N,H,G,A,H,A,A,N,33.789847,-118.158931
20010702,1630,1,WILLOW,KNOXVILLE,Y,A,0,0,0,2,A,C,9,N,D,C,A,H,A,D,N,33.770050,-118.193739
20010702,1630,1,ATLANTIC,52,Y,A,0,0,0,3,A,C,3,M,C,C,A,H,A,A,N,33.850511,-118.184950
20010702,1635,1,2,BAYSHORE,N,A,0,0,0,2,-,-,0,N,C,C,A,H,A,A,N,33.751735,-118.128372
20010702,1635,1,LONG BCH BL,CAMBRIDGE,N,A,0,0,0,2,A,C,9,N,B,C,A,H,A,D,N,33.865679,-118.200125
20010702,1650,1,LAKEWOOD BL,TRAFFIC CIR,Y,A,0,0,0,2,A,C,3,N,C,C,A,H,A,A,N,33.791542,-118.142661
20010702,1750,1,OCEAN BL,9 PL,N,A,0,0,0,2,A,C,3,N,C,C,A,H,A,D,N,33.765255,-118.174262
20010702,1855,1,MLK BL,10,N,A,0,0,0,2,A,C,9,N,B,C,A,H,A,D,N,33.778977,-118.180686
20010702,1945,1,ATLANTIC AV,64,N,A,0,0,0,2,A,C,3,N,C,C,A,H,B,A,N,33.767457,-118.185030
20010702,140,1,RT 710,RT 405,N,A,0,0,0,1,A,C,8,M,E,I,A,H,C,D,N,33.770050,-118.193739
20010702,730,1,RT 405,WOODRUFF AV,N,A,4,0,1,4,A,C,7,N,B,C,A,H,A,D,N,33.813146,-118.115196
20010702,1130,1,RT 405,SANTA FE AV,N,A,0,0,0,1,A,C,8,N,F,A,A,H,A,D,N,33.807295,-118.215507
20010702,1550,1,RT 405,TEMPLE AV,N,A,0,0,0,3,A,C,3,N,C,C,A,H,A,D,N,34.145957,-118.417898
20010702,1600,1,RT 405,TEMPLE,N,A,0,0,0,2,A,C,3,N,C,C,A,H,A,D,N,34.145957,-118.417898
20010702,1700,1,RT 405,WOODRUFF AV,N,A,0,0,0,3,A,C,3,N,C,C,A,H,A,D,N,33.813146,-118.115196
20010702,1740,1,RT 405,BELLFLOWER BL,N,A,0,0,0,3,A,C,3,N,C,C,A,H,A,D,N,33.769086,-118.120973
20010702,2035,1,RT 91,CHERRY AV,N,A,0,0,0,2,A,C,8,M,B,C,A,H,B,D,N,33.876334,-118.167205
20010703,1353,2,ANAHEIM,ARGONNE,N,A,0,0,0,2,A,C,1,N,D,E,A,H,A,D,Y,33.782592,-118.135670
20010703,2105,2,2,W PACIFC CST HWY,N,A,0,0,0,2,A,C,3,N,C,C,A,H,C,A,Y,33.789827,-118.208004
20010703,202,2,68,LONG BCH BL,N,A,0,0,0,3,D,-,0,M,H,C,A,H,C,D,N,33.767686,-118.189283
20010703,204,2,ANAHEIM,STANLEY,N,A,0,0,0,2,A,C,4,N,B,C,A,E,C,D,N,33.782621,-118.162261
20010703,740,2,HILL,ATLANTIC,N,A,4,0,1,2,A,C,11,N,G,B,A,H,A,D,N,33.797124,-118.185032
20010703,745,2,LONG BCH BL,WILLOW,Y,A,0,0,0,2,A,C,3,M,C,C,A,-,A,-,N,33.804424,-118.189443
20010703,753,2,ATLANTIC AV,SPRING,Y,A,0,0,0,2,A,C,8,N,D,C,A,H,A,A,N,33.811590,-118.185067
20010703,814,2,SHORELINE DR,LINDEN AV,N,A,3,0,1,2,-,-,0,N,C,C,A,H,A,A,N,33.763356,-118.185359
20010703,902,2,KAREN AV,PREMIUM,N,A,0,0,0,2,-,-,0,N,E,I,A,H,A,D,N,33.817360,-118.095555
20010703,953,2,PACIFIC CST HWY,WESTMINSTER,N,A,0,0,0,1,A,C,0,N,E,I,A,H,A,D,N,33.758149,-118.111272
20010703,1030,2,PACIFC CST HWY,S 7,N,A,0,0,0,2,A,C,3,N,C,C,A,H,A,A,N,33.775387,-118.122914
20010703,1030,2,MLK,19,N,A,0,0,0,2,A,C,3,M,C,C,A,H,A,D,N,33.791671,-118.180696
20010703,1100,2,WALNUT,ANAHEIM,Y,A,0,0,0,2,A,C,8,N,D,C,A,H,A,A,N,33.782597,-118.171990
20010703,1115,2,OCEAN BL,LBB,N,A,4,0,1,2,A,I,0,N,H,G,A,H,A,D,N,33.770050,-118.193739
20010703,1300,2,HARBOR,PACIFC CST HWY,N,A,0,0,0,2,A,C,3,N,D,C,A,H,A,A,N,33.789825,-118.210498
20010703,1345,2,ANAHEIM,W TERMINO AV,N,A,0,0,0,2,A,C,21,N,C,E,A,H,A,D,N,33.782595,-118.145883
20010703,1354,2,CARSON,LOS COYOTES DIAG,N,A,3,0,1,2,A,C,11,N,G,B,A,H,A,D,N,33.832134,-118.098846
20010703,1510,2,ATLANTIC AV,WARDLOW RD,Y,A,0,0,0,2,A,C,9,N,A,C,A,H,A,A,N,33.818910,-118.185015
20010703,1552,2,7,ATLANTIC AV,N,A,4,0,1,2,A,C,8,N,D,C,A,H,A,D,N,33.766564,-118.185066
20010703,1703,2,PACIFC CST HWY,ROSE AV,Y,A,0,0,0,2,A,C,9,N,A,C,A,H,A,D,N,33.789858,-118.169818
20010703,1715,2,ANAHEIM,ALAMITOS,Y,A,4,0,5,2,D,-,0,N,D,C,A,H,B,A,N,33.782608,-118.177967
20010703,1745,2,CARSON,FAUST AV,N,A,3,0,3,2,A,C,8,N,H,C,-,H,A,A,N,33.832457,-118.114363
20010703,1907,2,DELTA,26 WY,N,A,0,0,0,2,A,C,8,N,C,E,A,H,A,D,N,33.805366,-118.211095
20010703,2000,2,BROADWAY,GAVIOTA,Y,A,0,0,0,2,A,C,3,N,C,C,A,H,A,A,N,33.767757,-118.171484
20010703,2018,2,CHERRY,CURRY,Y,A,4,0,3,2,A,C,9,N,D,C,A,H,D,D,N,33.866501,-118.168653
20010703,2057,2,LONG BCH BL,3,Y,A,4,0,1,2,A,C,3,N,C,C,A,H,C,A,N,33.766985,-118.189485
20010703,2206,2,4,ROSWELL,Y,B,0,0,0,2,-,-,0,N,D,C,A,H,C,D,N,33.771711,-118.143733
20010703,650,2,RT 405,LONG BCH BL,N,B,0,0,0,2,A,C,7,N,C,D,A,H,A,D,N,33.770050,-118.193739
20010703,705,2,RT 710,ATLANTIC AV UC,N,A,4,0,1,2,A,C,7,N,B,C,A,H,A,D,N,33.770050,-118.193739
20010703,725,2,RT 405,LAKEWOOD BL,N,A,0,0,0,2,A,C,3,N,C,C,A,H,A,D,N,33.843075,-118.142426
20010703,1600,2,RT 710,9,N,A,0,0,0,2,A,C,8,N,B,C,A,H,A,D,N,33.762173,-118.205115
20010703,1955,2,RT 710,PACIFC CST HWY,N,A,4,0,1,2,A,C,3,N,E,I,A,H,B,D,N,33.770050,-118.193739
20010703,2140,2,RT 405,CHERRY AV,N,A,0,0,0,3,A,C,3,N,E,I,A,H,C,D,N,33.823170,-118.167726
20010704,2155,3,CHARLEMAGNE AV,CARSON,N,A,0,0,0,3,A,C,1,N,A,E,A,H,C,A,Y,33.832258,-118.130558
20010704,650,3,ATLANTIC AV,8,Y,A,0,0,0,2,A,C,3,M,C,C,A,H,A,A,N,33.766653,-118.185027
20010704,926,3,STUDEBAKER,7,N,B,0,0,0,1,-,-,0,N,E,I,B,H,A,A,N,33.761751,-118.103505
20010704,935,3,STUDEBAKER RD,7,N,B,0,0,0,3,A,C,3,N,C,C,B,H,A,D,N,33.761751,-118.103505
20010704,1626,3,PACIFC CST HWY,W CLARK AV,N,A,4,0,3,2,A,C,3,N,C,C,A,H,A,A,N,33.783826,-118.134163
20010704,1630,3,CARITA,WOODRUFF AV,N,A,0,0,0,1,D,-,0,M,E,I,A,H,A,D,N,33.824293,-118.116548
20010704,1925,3,OCEAN BL,FALCON AV,Y,A,4,0,1,2,A,C,3,N,C,C,A,H,A,D,N,33.765189,-118.173777
20010704,2022,3,W 32,32 1921,N,A,0,0,0,2,A,C,21,M,C,E,A,H,C,D,N,39.583110,-74.226151
20010704,2230,3,BROADWAY,TEMPLE,Y,A,0,0,0,2,D,-,0,N,D,C,A,H,C,A,N,33.765505,-118.158946
20010704,2230,3,LCD,TRAFFIC CIR,Y,A,0,0,0,2,A,C,3,M,C,C,A,H,C,D,N,33.789901,-118.142510
20010704,2305,3,LONG BCH BL,WARDLOW RD,N,A,0,0,0,2,A,C,8,M,D,C,A,H,C,D,N,33.818979,-118.189257
20010704,2358,3,OCEAN,POMONA,N,A,0,0,0,7,E,-,24,N,B,E,A,H,C,D,N,33.754675,-118.134803
20010704,1020,3,RT 103 NBOFF/R,PACIFC CST HWY,N,A,3,0,1,1,A,C,3,N,F,A,A,H,A,A,N,33.788805,-118.225971
20010704,2115,3,RT 605,SPRING OC,N,B,2,0,11,1,C,-,18,N,E,I,A,H,C,D,N,33.770050,-118.193739
20010705,1410,4,ANAHEIM,GARDENIA,N,A,0,0,0,2,A,C,1,M,B,E,A,H,A,D,Y,33.782599,-118.168735
20010705,1833,4,56,DAIRY AV,N,A,0,0,0,2,D,-,0,M,B,C,A,H,A,D,Y,33.857561,-118.192911
20010705,636,4,ORANGE AV,10,Y,A,3,0,1,2,A,C,12,N,D,C,A,H,A,A,N,33.765882,-118.177301
20010705,641,4,GERALD DESMOND BR,GATE S SHIPYARD,N,A,0,0,0,4,A,C,4,N,C,C,A,H,A,D,N,33.770050,-118.193739
20010705,800,4,GAVIOTA,PACIFC CST HWY,Y,A,4,0,2,3,A,C,10,F,G,B,A,H,A,D,N,33.789856,-118.170908
20010705,904,4,EARL AV,23,N,A,0,0,0,2,A,C,6,M,B,C,A,H,A,D,N,33.798952,-118.191609
20010705,925,4,LONG BCH BL,14,Y,A,0,0,0,1,A,C,9,N,H,F,A,H,A,A,N,39.672243,-74.157491
20010705,941,4,BROADWAY,W TEMPLE AV,N,A,0,0,0,5,A,C,3,N,C,E,A,H,A,D,N,33.765505,-118.158946
20010705,958,4,CARSON,PIONEER,N,B,0,0,0,2,A,C,12,N,D,C,A,H,A,A,N,33.831396,-118.081907
20010705,1133,4,2,RAVENNA DR,N,C,0,0,0,1,A,C,3,N,E,I,B,H,A,A,N,33.756818,-118.123023
20010705,1200,4,LAKEWOOD,RT 405,N,B,0,0,0,1,D,-,0,N,E,I,B,H,A,D,N,46.813557,-95.897738
20010705,1210,4,MAGNOLIA AV,3,Y,B,0,0,0,2,A,C,8,N,B,C,B,H,A,A,N,33.767557,-118.198074
20010705,1220,4,3,DAISY,Y,C,0,0,0,2,A,C,12,N,D,C,B,H,A,D,N,33.770517,-118.199385
20010705,1230,4,ATLANTIC,33,Y,C,0,0,0,2,A,C,7,M,B,C,B,H,A,A,N,33.817060,-118.185010
20010705,1234,4,ARTESIA BL,CHERRY AV,N,B,4,0,1,2,A,C,3,N,C,C,B,H,A,D,N,33.874600,-118.168710
20010705,1426,4,OBISPO AV,N 68,N,A,4,0,3,2,D,-,0,N,H,C,A,H,A,D,N,33.878335,-118.155642
20010705,1513,4,E 15,PETERSON,N,A,0,0,0,2,A,C,8,N,C,E,A,H,A,A,N,33.786233,-118.173062
20010705,1532,4,PACIFC CST HWY,PINE,Y,A,0,0,0,2,A,C,9,N,D,C,A,H,A,A,N,33.789850,-118.192390
20010705,1547,4,REDONDO AV,2,Y,A,0,0,0,2,D,-,0,N,D,C,A,H,A,A,N,33.760998,-118.152634
20010705,1651,4,LIME AV,3,N,A,4,0,1,2,A,C,9,N,H,G,A,H,A,D,N,33.766342,-118.183720
20010705,1723,4,TEHACHAPI DR,KEEVER AV,N,A,3,0,2,1,A,C,8,N,E,I,A,H,A,D,N,33.836330,-118.171036
20010705,1850,4,MLK,19,Y,A,4,0,1,2,A,C,3,N,C,C,A,H,A,D,N,33.791671,-118.180696
20010705,2025,4,PACIFC CST HWY,WALNUT AV,Y,A,3,0,2,2,A,C,12,N,D,C,A,H,C,A,N,33.789858,-118.171987
20010705,800,4,RT 710,CARSON,N,A,3,0,1,2,A,C,7,N,B,C,A,H,A,D,N,33.770050,-118.193739
20010705,1240,4,RT 405,LAKEWOOD BL,N,B,0,0,0,1,A,C,3,N,E,I,B,H,A,D,N,33.843075,-118.142426
20010705,1245,4,RT 710,PACIFC CST HWY,N,B,4,0,1,4,A,C,3,N,D,C,B,H,A,D,N,33.770050,-118.193739
20010705,1330,4,RT 405,LAKEWOOD BL,N,B,0,0,0,2,E,-,24,N,C,C,B,H,A,D,N,33.843075,-118.142426
20010706,851,5,BROADWAY,LIME,Y,B,0,0,0,2,A,C,1,M,C,C,A,H,A,A,Y,33.769274,-118.183694
20010706,1738,5,PACIFIC AV,WILLOW,N,A,0,0,0,2,A,C,1,M,C,C,A,H,A,D,Y,33.804440,-118.193717
20010706,2130,5,ARBOR,VIRGINIA AV,N,A,0,0,0,2,A,C,1,M,A,E,A,H,C,D,Y,33.843906,-118.196696
20010706,845,5,ARTESIA,BUTLER,Y,B,3,0,2,2,A,C,9,N,D,C,-,-,A,A,N,33.874350,-118.196925
20010706,931,5,CHERRY AV,RT 91,Y,C,0,0,0,2,A,C,3,M,C,C,B,H,A,A,N,33.876334,-118.167205
20010706,945,5,BROADWAY,CHERRY AV,Y,A,0,0,0,2,A,C,7,M,B,C,A,H,A,A,N,33.767286,-118.167896
20010706,1252,5,OCEAN BL,13 PL,Y,A,3,0,3,4,D,-,0,N,G,B,A,H,A,A,N,33.764784,-118.170651
20010706,1400,5,PACIFC CST HWY,LEMON AV,Y,A,2,0,2,2,A,C,11,N,G,B,A,H,A,D,N,33.789858,-118.178418
20010706,1430,5,SPRING,AIRPORT WY,N,A,2,0,1,2,A,C,9,N,D,C,A,H,A,D,N,33.810904,-118.156435
20010706,1540,5,CHERRY,S 61,N,A,0,0,0,4,A,C,9,N,A,C,A,H,A,D,N,33.865585,-118.168651
20010706,1638,5,CHERRY AV,7,N,A,4,0,1,2,A,C,11,N,G,B,A,H,A,D,N,33.764567,-118.168429
20010706,1825,5,ATLANTIC AV,CARSON,N,A,0,0,0,2,A,C,8,N,B,C,A,H,A,D,N,33.831747,-118.185071
20010706,1915,5,CARSON,NECTAR,Y,A,0,0,0,2,D,-,0,N,D,C,A,H,A,A,N,33.831302,-118.087846
20010706,2331,5,ANAHEIM,CHERRY AV,N,A,0,0,0,2,A,C,9,M,B,C,A,H,C,D,N,33.782604,-118.167652
20010706,2500,5,CANTON,DEL MAR AV,N,A,0,0,0,2,D,-,0,N,H,E,A,H,A,D,N,33.810785,-118.191319
20010706,650,5,RT 405 SBTRN,RT 710,N,A,0,0,0,2,A,C,7,M,B,C,A,H,A,D,N,33.770050,-118.193739
20010706,2115,5,RT 91,PARAMOUNT BL UC,N,B,0,0,0,2,A,C,7,N,B,C,A,H,D,D,N,33.770050,-118.193739