COLLISION_DATE,COLLISION_TIME,DAY_OF_WEEK,PRIMARY_RD,SECONDARY_RD,INTERSECTION,WEATHER_1,COLLISION_SEVERITY,NUMBER_KILLED,NUMBER_INJURED,PARTY_COUNT,PRIMARY_COLL_FACTOR,PCF_CODE_OF_VIOL,PCF_VIOL_CATEGORY,HIT_AND_RUN,TYPE_OF_COLLISION,MVIW,ROAD_SURFACE,ROAD_COND_1,LIGHTING,CONTROL_DEVICE,ALCOHOL_INVOLVED,LATITUDE,LONGITUDE
20010706,2117,5,RT 91,PARAMOUNT BL,N,A,0,0,0,1,C,-,18,N,E,J,A,H,C,D,N,33.876245,-118.162684
20010707,235,6,2,LA VERNE,N,A,0,0,0,3,A,C,1,M,B,E,A,H,C,A,Y,33.759545,-118.133314
20010707,1259,6,10,CHERRY,N,A,0,0,0,2,A,C,4,M,C,C,A,H,A,D,Y,33.778975,-118.167665
20010707,1628,6,PACIFIC AV,21,Y,A,3,0,1,2,A,C,11,N,G,B,A,H,A,A,Y,33.767314,-118.193747
20010707,738,6,STEARNS,BELLFLOWER BL,Y,A,4,0,3,3,A,C,12,N,D,C,A,H,A,A,N,33.796022,-118.125239
20010707,844,6,XIMENO AV,ATHERTON,Y,A,0,0,0,2,D,-,0,N,D,C,A,H,A,A,N,33.789847,-118.138903
20010707,909,6,LIVINGSTON DR,MIRA MAR AV,Y,A,4,0,2,3,A,C,12,N,D,C,A,H,A,A,N,33.760473,-118.146997
20010707,1210,6,10,BROADWAY,N,A,0,0,0,3,A,C,8,M,C,C,A,H,A,A,N,34.019679,-118.487891
20010707,1214,6,10,RAYMOND AV,Y,A,0,0,0,2,A,C,9,N,D,C,A,H,A,A,N,33.778970,-118.164404
20010707,1534,6,10,NEWPORT AV,N,A,0,0,0,2,A,C,4,M,C,C,A,H,A,D,N,33.778966,-118.151320
20010707,1557,6,BELLFLOWER BL,ATHERTON,Y,A,4,0,1,2,A,C,9,N,D,C,A,H,A,A,N,33.788526,-118.124399
20010707,1812,6,2,NIETO,N,A,0,0,0,2,A,C,17,N,B,C,A,-,A,A,N,33.760463,-118.135188
20010707,1840,6,LONG BCH BL,67 WY,Y,A,0,0,0,1,A,C,3,N,E,I,A,H,A,D,N,33.760463,-118.135188
20010707,1940,6,11,MAGNOLIA AV,N,A,0,0,0,2,A,C,7,M,B,E,A,H,A,D,N,33.767886,-118.198067
20010707,1955,6,2,ORANGE AV,Y,A,0,0,0,2,A,C,6,M,D,C,A,H,C,A,N,33.765675,-118.177343
20010707,2215,6,CHERRY AV,RT 91 WBON/R,Y,A,0,0,0,2,A,C,12,M,D,C,A,H,C,A,N,33.770050,-118.193739
20010707,2236,6,INDIANA AV,N POPPY,N,A,0,0,0,2,A,C,21,M,E,I,A,H,D,D,N,33.868646,-118.153048
20010707,1130,6,RT 405 NBOFF/R,WARNOCK WY,N,A,4,0,1,2,A,C,7,N,B,C,A,H,A,D,N,33.827387,-118.214479
20010707,1905,6,RT 405,CHERRY AV,N,A,0,0,0,1,C,-,18,N,E,J,A,H,A,D,N,33.823170,-118.167726
20010707,2020,6,RT 405,LONG BCH BL,N,A,4,0,1,2,A,C,3,N,E,J,A,H,D,D,N,33.770050,-118.193739
20010707,2330,6,RT 710,PACIFC CST HWY,N,A,0,0,0,1,D,-,0,M,E,I,A,H,C,D,N,33.770050,-118.193739
20010708,402,7,SPRING,WALNUT,N,A,3,0,1,2,A,C,1,N,C,E,A,H,C,A,Y,33.811666,-118.171975
20010708,1345,7,OUTER TRAFFIC CIR,HATHAWAY AV,N,A,0,0,0,2,A,C,7,N,C,C,A,H,A,D,Y,33.790967,-118.143902
20010708,410,7,RT 405,CLARKE AV UC,N,A,0,0,0,2,A,C,1,N,C,C,A,H,D,D,Y,33.770050,-118.193739
20010708,500,7,RT 405,WALNUT AV,N,A,0,0,0,1,A,C,3,N,E,I,A,H,C,D,Y,33.811666,-118.171975
20010708,1154,7,OBISPO,PACIFC CST HWY,N,A,3,0,1,2,A,C,11,N,G,B,A,H,A,D,N,33.789856,-118.154575
20010708,1340,7,4,ORANGE AV,N,A,0,0,0,2,A,C,3,N,C,C,A,H,A,D,N,33.765726,-118.177333
20010708,1355,7,SOUTH,DOWNEY AV,Y,A,3,0,4,2,A,C,12,N,D,C,A,H,A,D,N,33.860199,-118.151179
20010708,1418,7,ALY W LOCUST AV,PACIFC CST HWY,N,A,0,0,0,1,A,C,21,M,E,I,A,H,A,D,N,33.789849,-118.191081
20010708,1634,7,LONG BCH BL,6,Y,A,4,0,1,3,A,C,12,F,D,C,A,H,A,A,N,39.709252,-74.139024
20010708,1730,7,HARBOR PLZ,QUEENS WY DR,Y,A,0,0,0,2,A,C,12,N,D,C,A,H,A,A,N,33.754819,-118.200524
20010708,1736,7,PACIFC CST HWY,XIMENO,Y,A,4,0,1,2,A,C,12,N,D,C,A,H,A,A,N,33.789178,-118.141573
20010708,2025,7,PACIFIC AV,PACIFC CST HWY,N,A,0,0,0,2,A,C,9,N,C,C,A,H,B,A,N,33.789847,-118.193724
20010708,930,7,RT 710 NBOFF/R,WILLOW,N,A,0,0,0,1,A,C,3,N,E,I,A,H,A,D,N,33.770050,-118.193739
20010708,1450,7,RT 91,MAIN,N,A,0,0,0,3,A,C,4,N,C,C,A,H,A,D,N,33.873196,-118.281501
20010708,1605,7,RT 605,SPRING OC,N,A,0,0,0,1,A,C,8,N,E,I,A,H,A,D,N,33.770050,-118.193739
20010709,58,1,TEMPLE AV,ANAHEIM,N,A,0,0,0,2,A,C,1,N,B,E,-,H,C,D,Y,33.782597,-118.158947
20010709,209,1,LOMINA AV,FOREMAN AV,N,A,0,0,0,2,A,C,1,N,C,C,A,H,C,D,Y,33.782597,-118.158947
20010709,1624,1,OCEAN BL,GOLDEN AV,Y,A,0,0,0,2,A,C,1,N,C,C,A,H,A,A,Y,33.767388,-118.201820
20010709,1800,1,LONG BCH BL,BROADWAY,Y,A,3,0,1,2,A,C,23,F,G,B,A,H,A,D,Y,33.769277,-118.189493
20010709,2200,1,WILLOW AV,BELMONT AV,N,A,0,0,0,1,B,-,22,N,E,I,A,H,C,D,Y,33.803277,-118.144357
20010709,240,1,RT 91,PARAMOUNT BL,N,A,3,0,1,1,A,C,1,N,E,I,A,H,D,D,Y,33.876245,-118.162684
20010709,115,1,WILLOW,RT 605,N,A,0,0,0,1,A,C,3,N,E,I,A,H,C,D,N,33.804465,-118.184804
20010709,817,1,55,ORANGE AV,N,A,0,0,0,2,A,C,6,M,B,C,A,H,A,D,N,33.766685,-118.177181
20010709,900,1,9,CEDAR,N,A,0,0,0,2,A,C,21,M,H,C,A,H,A,A,N,33.777754,-118.195074
20010709,1125,1,PARAMOUNT BL,68,Y,A,3,0,2,2,A,C,12,N,D,C,A,H,A,A,N,33.878315,-118.159945
20010709,1230,1,5,W ORIZABA,N,A,0,0,0,2,A,C,21,M,D,E,A,H,A,D,N,33.772622,-118.156760
20010709,1245,1,OCEAN BL,TEMPLE,N,A,0,0,0,2,A,C,3,N,C,C,A,H,A,A,N,33.762460,-118.159678
20010709,1300,1,ANAHEIM,DAISY,N,A,4,0,1,3,D,-,0,N,B,C,A,H,A,D,N,33.782608,-118.199380
20010709,1439,1,CLARK AV,PACIFC CST HWY,N,A,4,0,1,2,D,-,0,F,H,G,A,H,A,D,N,33.783826,-118.134163
20010709,1450,1,BELLFLOWER,27,Y,A,0,0,0,2,A,C,12,N,D,C,A,H,A,A,N,33.805059,-118.125192
20010709,1500,1,VINA AV,10,N,A,0,0,0,2,A,C,7,M,B,C,A,H,A,D,N,33.778970,-118.169296
20010709,1644,1,OCEAN BL,39 PL,N,A,0,0,0,2,A,C,3,N,C,C,A,H,A,D,N,33.760309,-118.147737
20010709,1655,1,COLUMBIA,ATLANTIC AV,Y,A,0,0,0,2,A,C,8,N,D,C,A,H,A,A,N,33.808926,-118.185072
20010709,1715,1,PACIFC CST HWY,PACIFIC,Y,A,0,0,0,3,A,C,9,N,D,C,A,H,A,A,N,33.770050,-118.193739
20010709,1755,1,PACIFC CST HWY,LOS ALAMITOS TFC,Y,A,0,0,0,2,A,C,7,N,B,C,A,H,A,D,N,33.770050,-118.193739
20010709,1755,1,LINDEN AV,3,N,A,4,0,1,2,A,C,9,N,H,G,A,H,A,D,N,33.766650,-118.186393
20010709,1755,1,DEL AMO BL,GARDENIA AV,Y,A,4,0,1,2,A,C,9,N,D,C,A,H,A,D,N,33.846853,-118.169196
20010709,1940,1,FORHAN,LONG BCH BL,N,A,2,0,1,1,A,C,17,N,H,A,A,H,A,D,N,33.871268,-118.201777
20010709,2500,1,ROSE AV,7,N,A,0,0,0,3,A,C,9,N,B,E,A,H,A,D,N,33.775343,-118.169839
20010709,1200,1,RT 405,WOODRUFF AV,N,A,3,0,2,1,A,C,8,N,E,I,A,H,A,D,N,33.813146,-118.115196
20010709,1435,1,RT 405,LAKEWOOD BL,N,A,4,0,3,2,A,C,3,N,C,C,A,H,A,D,N,33.843075,-118.142426
20010709,1500,1,RT 710,PACIFC CST HWY,N,A,0,0,0,2,A,C,3,N,E,I,A,D,A,D,N,33.770050,-118.193739
20010709,1540,1,RT 710,PACIFC CST HWY,N,A,0,0,0,2,A,C,7,M,B,C,A,H,A,D,N,33.770050,-118.193739
20010709,1810,1,RT 710,CARSON,N,A,0,0,0,3,A,C,3,N,C,C,A,H,A,D,N,33.770050,-118.193739
20010709,2135,1,RT 405,LONG BCH BL,N,A,4,0,2,1,A,C,8,N,E,I,A,H,D,D,N,33.770050,-118.193739
20010709,2335,1,RT 710,PACIFC CST HWY,N,A,3,0,1,3,A,C,8,N,B,E,A,D,D,D,N,33.770050,-118.193739
20010709,245,1,RT 91,PARAMOUNT BL,N,A,4,0,1,1,A,C,3,N,E,J,A,H,D,D,N,33.876245,-118.162684
20010709,1643,1,RT 605,CARSON,N,A,3,0,3,1,A,C,8,N,F,A,A,H,A,D,N,33.770050,-118.193739
20010710,817,2,3,HERMOSA AV,Y,A,2,0,3,2,A,C,9,N,D,C,A,H,A,A,N,33.769206,-118.169385
20010710,1045,2,CLARK,WARDLOW,N,A,0,0,0,2,D,-,0,M,B,C,A,H,A,D,N,33.818865,-118.133951
20010710,1223,2,PACIFIC CST HWY,STUDE BAKER,Y,A,0,0,0,2,A,C,12,N,D,C,A,H,A,A,N,33.818865,-118.133951
20010710,1259,2,TERMINO AV,15,Y,A,0,0,0,2,A,C,3,N,C,C,A,H,A,A,N,33.785769,-118.145893
20010710,1340,2,PARAMOUNT,ARTESIA BL,N,A,0,0,0,2,A,C,9,N,B,C,A,H,A,A,N,33.874619,-118.159983
20010710,1539,2,CEDAR AV,14,Y,A,0,0,0,2,A,C,9,N,B,C,A,H,A,A,N,33.766896,-118.194925
20010710,1634,2,ATHERTON,BELLFLOWER BL,Y,A,0,0,0,2,A,C,12,N,H,G,A,A,A,A,N,33.788526,-118.124399
20010710,1645,2,TERMINO AV,MAYFIELD,N,A,0,0,0,2,A,C,21,M,H,C,A,H,A,D,N,33.779872,-118.145886
20010710,1725,2,WILLOW,PINE AV,Y,A,0,0,0,2,A,C,9,N,D,C,A,H,A,D,N,33.804329,-118.192557
20010710,1742,2,COWLES,COTA AV,Y,A,4,0,3,2,A,C,9,N,D,C,A,H,A,A,N,33.784650,-118.216567
20010710,2218,2,LAKEWOOD BL,HARVEY WY,N,A,0,0,0,2,A,C,3,N,C,C,A,H,C,A,N,33.836152,-118.142452
20010710,2245,2,7,MARGO,Y,A,0,0,0,2,D,-,0,N,D,C,A,H,C,A,N,33.775060,-118.111726
20010710,750,2,RT 710,ARTESIA BL,N,B,0,0,0,2,A,C,3,N,C,C,A,H,A,D,N,33.873075,-118.068043
20010710,800,2,RT 710,DEL AMO,N,A,4,0,2,2,A,C,3,N,C,C,A,H,A,D,N,33.770050,-118.193739
20010710,1515,2,RT 405,DELORES YARD UC,N,A,4,0,1,3,A,C,3,N,C,C,A,H,A,D,N,33.770050,-118.193739
20010710,1730,2,RT 91,RT 710,N,A,0,0,0,2,A,C,3,M,C,C,A,H,A,D,N,32.932282,-80.411644
20010710,1910,2,RT 405,WARDLOW UC,N,A,4,0,1,1,A,C,8,N,E,I,A,H,A,D,N,33.770050,-118.193739
20010711,813,3,4,TERMINO AV,Y,A,0,0,0,2,A,C,12,N,D,C,A,H,A,A,N,33.771706,-118.145896
20010711,1000,3,MAGNOLIA AV,ANAHEIM,Y,A,0,0,0,2,A,C,8,N,B,C,A,H,A,A,N,33.782601,-118.198034
20010711,1328,3,JUNIPERO AV,PACIFC CST HWY,N,A,0,0,0,2,D,-,0,N,C,C,A,H,A,D,N,33.789856,-118.163304
20010711,1600,3,WALNUT AV,33,N,A,0,0,0,2,A,C,8,N,D,C,A,H,A,D,N,33.817103,-118.171979
20010711,1601,3,WARDLOW RD,BELLFLOWER BL,Y,A,4,0,1,2,A,C,9,N,D,C,A,H,A,A,N,33.818750,-118.125154
20010711,1627,3,7,MARGO AV,N,A,3,0,1,4,A,C,3,N,C,C,A,H,A,A,N,33.775060,-118.111726
20010711,1916,3,LOS COYOTES DIAG,XIMENO,Y,A,0,0,0,2,A,C,9,N,D,C,A,H,A,A,N,33.791929,-118.139567
20010711,2245,3,21,PASADENA,N,A,0,0,0,3,A,C,3,M,C,E,A,H,C,D,N,33.795304,-118.187198
20010711,2300,3,APPLETON,CHERRY,N,A,0,0,0,2,A,C,21,M,B,C,A,H,C,D,N,33.767878,-118.167768
20010711,2316,3,6,ATLANTIC,N,A,4,0,1,2,A,C,5,N,H,G,A,H,C,A,N,33.774145,-118.185047
20010711,845,3,RT 405,LONG BCH BL,N,A,0,0,0,3,A,C,3,N,C,C,A,H,A,D,N,33.770050,-118.193739
20010711,1339,3,RT 710,DELAMO BL,N,A,0,0,0,1,C,-,18,N,E,J,D,H,A,D,N,33.770050,-118.193739
20010711,1340,3,RT 710,DELAMO BL,N,A,0,0,0,1,A,C,3,N,E,I,D,G,A,D,N,33.770050,-118.193739
20010711,1341,3,RT 710,DELAMO BL,N,A,0,0,0,2,C,-,18,N,C,C,D,G,A,D,N,33.770050,-118.193739
20010711,1545,3,RT 710,ATLANTIC AV,N,A,0,0,0,2,A,C,3,N,C,C,A,H,A,D,N,39.576654,-74.226897
20010711,1630,3,RT 405,REDONDO AV,N,A,0,0,0,2,A,C,7,M,B,C,A,H,A,D,N,33.785760,-118.152415
20010711,1640,3,RT 710,DELAMO BL,N,A,0,0,0,2,A,C,7,N,C,C,A,H,A,D,N,33.770050,-118.193739
20010711,1910,3,RT 710,PACIFC CST HWY,N,A,0,0,0,1,A,C,3,N,E,I,A,H,A,D,N,33.770050,-118.193739
20010711,836,3,RT 91,CHERRY AV,N,A,0,0,0,2,A,C,3,N,C,C,A,H,A,A,N,33.876334,-118.167205
20010711,1640,3,RT 91,PARAMOUNT BL,N,A,0,0,0,2,A,C,3,N,C,C,A,H,A,D,N,33.876245,-118.162684
20010712,1000,4,MARKET,LINDEN AV,Y,A,0,0,0,2,A,C,9,M,D,C,A,H,A,A,Y,33.854316,-118.185940
20010712,657,4,VISTA,MIRA MAR AV,Y,A,3,0,1,2,A,C,12,N,G,B,A,H,A,A,N,33.766268,-118.146984
20010712,736,4,SPRING,CASPIAN,N,A,3,0,1,2,A,C,8,N,D,C,A,H,A,D,N,33.811632,-118.212200
20010712,910,4,PACIFC CST HWY,GUNDRY,N,A,0,0,0,2,A,C,17,N,H,C,A,H,A,D,N,33.789854,-118.174173
20010712,1035,4,ATLANTIC AV,JACKRABBIT LN,Y,A,2,0,1,2,A,C,9,N,H,G,A,H,A,A,N,33.788055,-118.185025
20010712,1110,4,PARAMOUNT BL,67,N,A,0,0,0,1,A,C,17,N,E,I,A,H,A,D,N,33.876975,-118.160008
20010712,1159,4,BELLFLOWER BL,27,Y,A,4,0,1,2,A,C,12,N,D,C,A,H,A,A,N,33.805059,-118.125192
20010712,1515,4,4,ROSE AV,N,A,0,0,0,2,A,C,8,N,D,C,A,H,A,D,N,33.771715,-118.169840
20010712,1534,4,ANAHEIM,GARDENIA,N,A,4,0,1,2,A,C,9,N,D,C,A,H,A,A,N,33.782599,-118.168735
20010712,1855,4,PACIFIC AV,10,N,A,4,0,1,2,A,C,12,N,H,G,A,H,A,A,N,33.767229,-118.193709
20010712,2015,4,4,CHERRY,N,A,0,0,0,2,A,C,3,M,C,C,A,H,C,D,N,33.771715,-118.167682
20010712,54,4,RT 710,RT 91,N,A,0,0,0,1,A,C,3,N,E,I,A,H,C,D,N,33.770050,-118.193739
20010712,830,4,RT 405,PALO VERDE,N,A,0,0,0,2,A,C,7,M,E,I,A,H,A,D,N,33.770050,-118.193739
20010712,915,4,RT 91,LONG BCH BL,N,A,4,0,2,2,A,C,8,N,B,C,A,H,A,D,N,33.873156,-118.200648
20010712,1040,4,RT 710,WARDLOW RD,N,A,0,0,0,4,A,C,3,N,C,C,A,H,A,D,N,33.818749,-118.130842
20010712,1930,4,RT 405 SBOFF/R,SANTA FE AV,N,A,0,0,0,1,A,C,3,N,E,I,A,H,A,D,N,33.807295,-118.215507
20010712,1709,4,RT 91,DOWNEY AV,N,A,0,0,0,2,A,C,3,N,C,C,A,H,A,D,N,33.876770,-118.153649
20010713,1745,5,MAGNOLIA AV,W 9,Y,A,0,0,0,2,A,C,1,N,A,C,A,H,A,D,Y,33.777747,-118.198037
20010713,1956,5,PACIFC CST HWY,MAGNOLIA,Y,A,2,0,3,2,A,C,1,N,C,C,A,H,A,A,Y,33.789866,-118.198093
20010713,730,5,10,CHERRY AV,N,B,0,0,0,2,A,C,9,M,D,C,A,H,A,D,N,33.764560,-118.168392
20010713,756,5,JUNIPERO,4,N,A,4,0,1,2,A,C,9,N,D,C,A,H,A,D,N,33.771718,-118.164391
20010713,852,5,7,DAWSON AV,N,A,0,0,0,2,A,C,3,M,C,C,A,H,A,D,N,33.775342,-118.165530
20010713,1004,5,LONG BCH BL,12,Y,A,0,0,0,3,A,C,3,M,C,C,A,H,A,A,N,39.713833,-74.131789
20010713,1105,5,ALY E ATLANTIC,S 1,Y,A,0,0,0,2,A,C,9,N,H,G,A,H,A,D,N,33.789867,-118.185018
20010713,1415,5,SMITH PL,DEAD END,N,A,3,0,1,2,A,C,9,N,H,G,A,H,A,D,N,33.770050,-118.193739
20010713,1437,5,REDONDO,N ANAHEIM,N,A,2,0,1,2,A,C,11,N,G,B,A,H,A,D,N,33.782602,-118.152411
20010713,1516,5,CARSON,JOSIE AV,N,A,0,0,0,2,A,C,3,N,C,C,A,D,A,D,N,33.832174,-118.105130
20010713,1525,5,LAKEWOOD BL,HARVEY WY,N,A,0,0,0,3,A,C,3,N,C,C,A,H,A,A,N,33.836152,-118.142452
20010713,1530,5,SHIPWAY,LOS SANTOS,N,A,0,0,0,1,A,-,0,N,E,I,A,H,A,D,N,33.792161,-118.094441
20010713,1602,5,PACIFC CST HWY,CLARK,Y,A,0,0,0,2,A,C,8,N,B,C,A,H,A,A,N,33.783826,-118.134163
20010713,1630,5,RT 91 EBOFF/R,CHERRY AV,Y,A,0,0,0,2,A,C,3,M,B,C,A,H,A,A,N,33.823170,-118.167726
20010713,1705,5,PACIFC CST HWY,ROSE AV,N,A,0,0,0,2,-,-,0,M,D,C,A,H,A,D,N,33.789858,-118.169818
20010713,1730,5,19,PASADENA AV,N,A,0,0,0,2,A,C,8,M,C,E,A,H,A,D,N,33.791674,-118.187203
20010713,1813,5,8,BENNETT AV,N,A,0,0,0,2,A,C,9,N,D,C,A,H,A,D,N,33.758797,-118.144048
20010713,2125,5,PACIFC CST HWY,LOS COYOTES DIA,Y,A,0,0,0,2,D,-,0,N,B,C,-,H,C,D,N,33.790574,-118.141557
20010713,2135,5,ATLANTIC AV,PLEASANT,N,A,4,0,1,2,-,-,0,N,B,C,A,H,C,D,N,33.847141,-118.184867
20010713,2146,5,CHERRY,HARDING,Y,A,2,0,3,2,A,C,8,N,A,C,A,H,C,A,N,33.867402,-118.168659
20010713,2224,5,ATLANTIC,6,Y,A,4,0,1,2,A,C,12,N,D,C,A,H,C,A,N,33.774145,-118.185047
20010713,450,5,RT 710 NBTRN,SANTA FE AV,N,A,0,0,0,1,A,C,3,N,F,A,A,H,C,D,N,33.807295,-118.215507
20010713,522,5,RT 405,SANTE FE AV,N,A,3,0,1,5,A,C,3,N,C,C,A,H,D,D,N,33.770050,-118.193739
20010713,640,5,RT 405,TEMPLE AV OC,N,A,0,0,0,2,A,C,3,N,C,C,A,H,A,D,N,33.770050,-118.193739
20010713,930,5,RT 91,BROADWAY AV,N,A,0,0,0,1,A,C,16,N,E,I,A,H,A,D,N,33.954255,-118.278192
20010713,1050,5,RT 405,SPRING,N,A,0,0,0,2,A,C,7,N,B,C,A,H,A,D,N,33.770050,-118.193739
20010713,1230,5,RT 710,WARDLOW RD,N,A,0,0,0,2,D,-,0,M,C,C,A,H,A,D,N,33.818749,-118.130842
20010713,1420,5,RT 710,ANAHEIM,N,A,0,0,0,2,D,-,0,N,B,C,A,H,A,D,N,33.762173,-118.205115
20010713,1605,5,RT 710,RT 91,N,A,4,0,1,2,A,C,7,N,C,C,A,H,A,D,N,33.770050,-118.193739
20010713,1855,5,RT 91,LONG BCH BL,N,A,0,0,0,1,A,C,8,N,E,I,A,H,A,D,N,33.873156,-118.200648
20010714,1305,6,ALY S DELTA,32,N,A,0,0,0,1,A,C,1,M,E,I,A,H,A,D,Y,33.815292,-118.211105
20010714,1750,6,7,ROSE AV,N,A,0,0,0,2,A,C,1,M,D,C,A,H,A,D,Y,33.775343,-118.169839
20010714,200,6,PARK AV,2,N,A,0,0,0,2,A,C,3,M,C,E,A,H,C,D,N,33.775343,-118.169839
20010714,1117,6,SPRING,RT 605 SBOFF/R,Y,A,4,0,1,2,A,C,12,N,D,C,A,H,A,A,N,33.770050,-118.193739
20010714,1331,6,7,ATLANTIC,Y,A,0,0,0,2,A,C,8,N,D,C,A,H,A,A,N,33.775355,-118.185042
20010714,1457,6,ATLANTIC AV,33,Y,A,4,0,1,2,A,C,12,F,D,C,A,H,A,A,N,33.767260,-118.185068
20010714,1620,6,WALNUT AV,16,N,A,3,0,1,2,A,C,11,N,G,B,A,H,A,D,N,33.787147,-118.171982
20010714,1655,6,HARBOR AV,ANAHEIM,N,A,0,0,0,2,A,C,8,N,A,E,A,H,A,A,N,33.782770,-118.210487
20010714,1840,6,PACIFIC AV,ANAHEIM,Y,A,0,0,0,2,A,C,9,M,D,C,A,H,A,A,N,33.782594,-118.193733
20010714,1900,6,MLK JR,19,N,A,4,0,4,2,A,C,3,N,C,C,-,H,A,A,N,33.791671,-118.180696
20010714,1902,6,ADAIR,ELM,N,A,4,0,1,2,A,C,5,N,H,G,A,H,A,D,N,33.864178,-118.188432
20010714,2116,6,WOODRUFF,HARCO,Y,A,0,0,0,2,-,-,0,N,D,C,A,H,C,A,N,33.826987,-118.116567
20010714,2206,6,4,ALAMITOS AV,Y,B,3,0,2,2,-,-,0,N,E,I,A,H,C,A,N,33.766956,-118.182753
20010714,2245,6,LAKEWOOD BL,DOUGLAS CNTR DR,N,A,0,0,0,3,A,C,3,N,C,C,A,D,C,A,N,33.830381,-118.142664
20010714,205,6,RT 91 WBTRN,RT 710,N,A,0,0,0,2,A,C,8,M,E,I,A,H,C,D,N,33.770050,-118.193739
20010715,110,7,CHERRY AV,MCKENZIE,N,A,2,0,2,5,A,C,1,N,C,E,A,H,C,A,Y,33.871938,-118.168580
20010715,210,7,WILLOW,EUCALYPTUS AV,Y,A,3,0,4,2,A,C,1,N,D,C,A,H,C,A,Y,33.804318,-118.196963
20010715,214,7,20,EUCALYPTUS,N,B,0,0,0,3,A,C,1,M,C,E,A,H,C,A,Y,33.793484,-118.196983
20010715,532,7,CHERRY,ARTESIA,N,A,0,0,0,3,A,C,3,N,C,C,A,H,B,A,Y,33.874600,-118.168710
20010715,1746,7,ATLANTIC AV,ADAMS,N,A,0,0,0,2,A,C,1,N,C,C,A,H,A,D,Y,33.869874,-118.185562
20010715,2500,7,14,CHERRY,N,A,0,0,0,2,A,C,1,M,C,E,A,H,C,D,Y,33.784424,-118.167634
20010715,340,7,RT 405 NBOFF/R,LAKEWOOD BL,N,A,0,0,0,1,A,C,1,N,E,I,A,H,C,D,Y,33.843075,-118.142426
20010715,148,7,DEL AMO,ORANGE,N,A,0,0,0,1,A,C,7,N,E,J,A,H,C,D,N,33.846917,-118.176842
20010715,803,7,PACIFC CST HWY,PACIFIC AV,Y,B,0,0,0,2,A,C,12,M,D,C,A,H,A,A,N,46.356782,-124.054189
20010715,855,7,LONG BCH BL,ANAHEIM,Y,A,0,0,0,2,A,C,12,N,D,C,A,H,A,A,N,33.782605,-118.189258
20010715,1055,7,7,PARK AV,N,A,4,0,1,2,A,C,3,N,C,C,A,H,A,A,N,33.775354,-118.137369
20010715,1123,7,E 63,ROSE,N,A,0,0,0,2,A,C,16,M,B,E,A,H,A,D,N,33.869200,-118.170817
20010715,1441,7,OCEAN AV,LOCUST,N,A,0,0,0,2,A,C,21,M,A,E,A,H,A,D,N,33.766886,-118.191036
20010715,1900,7,2,MARINA DR,N,A,4,0,1,2,A,C,3,N,C,C,A,H,A,A,N,33.757647,-118.113255
20010715,1922,7,OCEAN BL,ORIZABA,N,A,4,0,2,4,A,C,3,F,C,C,A,H,B,D,N,33.762112,-118.157927
20010715,1130,7,RT 710 SBTRN,ATLANTIC AV,N,A,0,0,0,2,A,C,7,M,E,I,A,H,A,D,N,39.576654,-74.226897
20010715,1845,7,RT 710,7,N,A,3,0,1,2,A,C,7,F,F,A,A,H,A,D,N,33.762173,-118.205115
20010716,2121,1,4,XIMENO,N,A,0,0,0,3,A,C,8,N,B,E,A,H,C,D,Y,33.771699,-118.141557
20010716,217,1,SAN ANSELINE,WARDLOW,N,A,0,0,0,2,A,C,3,M,C,E,A,H,C,A,N,33.818859,-118.120771
20010716,230,1,BELMONT,STEARNS,N,A,0,0,0,2,-,-,0,M,D,E,A,H,C,D,N,33.796079,-118.144352
20010716,908,1,7,E CAMPUS DR,N,B,4,0,1,3,A,C,3,N,C,C,A,H,A,A,N,33.775231,-118.115290
20010716,943,1,BELLFLOWER BL,SPRING,N,A,0,0,0,2,A,C,3,N,C,C,A,H,A,D,N,33.810596,-118.125360
20010716,1215,1,7,CHANNEL DR,N,A,0,0,0,1,C,-,18,N,E,I,A,H,A,D,N,33.775220,-118.119009
20010716,1439,1,PACIFC CST HWY,MAGNOLIA AV,Y,A,0,0,0,1,A,C,8,M,E,I,A,H,A,A,N,33.789866,-118.198093
20010716,1524,1,L B B,68,Y,A,3,0,1,2,A,C,10,N,G,B,A,D,A,A,N,39.699652,-74.137874
20010716,1534,1,OCEAN BL,CHERRY AV,N,A,0,0,0,2,A,C,7,N,B,C,A,H,A,D,N,33.764487,-118.168426
20010716,1540,1,20,MYRTLE AV,N,A,0,0,0,1,-,-,0,M,E,I,A,H,A,D,N,33.764487,-118.168426
20010716,1554,1,17,ALAMITOS AV,N,A,0,0,0,2,A,C,21,M,D,C,A,H,A,D,N,33.767135,-118.182730
20010716,1615,1,ARTESIA BL,RT 710,N,A,0,0,0,2,A,C,3,N,C,C,A,H,A,A,N,33.874505,-118.183160
20010716,1650,1,7,BELLFLOWER BL,N,A,4,0,1,3,A,C,3,N,C,C,A,H,A,D,N,33.775248,-118.121193
20010716,1836,1,8,DEL REY CT,Y,A,3,0,1,2,A,C,11,N,G,B,A,H,A,D,N,33.776104,-118.195675
20010716,1855,1,LONG BCH BL,ARTESIA BL,Y,A,4,0,1,2,A,C,12,N,D,C,A,H,A,A,N,33.874332,-118.202702
20010716,2055,1,4,WALNUT AV,Y,A,0,0,0,2,A,C,12,M,D,C,A,H,C,A,N,33.771719,-118.172009