COLLISION_DATE,COLLISION_TIME,DAY_OF_WEEK,PRIMARY_RD,SECONDARY_RD,INTERSECTION,WEATHER_1,COLLISION_SEVERITY,NUMBER_KILLED,NUMBER_INJURED,PARTY_COUNT,PRIMARY_COLL_FACTOR,PCF_CODE_OF_VIOL,PCF_VIOL_CATEGORY,HIT_AND_RUN,TYPE_OF_COLLISION,MVIW,ROAD_SURFACE,ROAD_COND_1,LIGHTING,CONTROL_DEVICE,ALCOHOL_INVOLVED,LATITUDE,LONGITUDE
20011116,1343,5,10,FREEMAN AV,Y,A,4,0,1,2,A,C,9,N,D,C,A,H,A,A,N,33.778971,-118.155669
20011116,1420,5,MAGNOLIA AV,7,Y,A,4,0,3,2,A,C,12,N,D,C,A,H,A,A,N,33.767721,-118.198069
20011116,1430,5,PACIFC CST HWY,8,N,A,0,0,0,2,D,-,0,N,D,C,A,H,A,D,N,33.777260,-118.125326
20011116,1442,5,SPRING,EL DORADO PK,Y,A,0,0,0,2,A,C,3,N,C,C,A,H,A,A,N,33.810303,-118.087990
20011116,1700,5,10,GLADYS AV,Y,A,0,0,0,2,A,C,9,N,D,C,A,H,A,D,N,33.778971,-118.157842
20011116,1941,5,ORANGE AV,ARTESIA BL,N,A,0,0,0,2,A,C,8,M,B,C,A,H,B,A,N,33.874675,-118.177374
20011116,2000,5,TERMINO AV,BROADWAY,N,A,0,0,0,2,A,C,7,M,B,C,A,H,C,D,N,33.764453,-118.145906
20011116,2040,5,LINDEN,7,N,A,0,0,0,2,-,-,0,M,D,C,A,H,C,A,N,33.775353,-118.186373
20011116,2115,5,PALO VERDE AV,STEARNS,Y,A,0,0,0,2,A,C,9,N,D,C,-,H,C,A,N,33.795428,-118.107917
20011116,240,5,RT 210,WILLOW,N,A,3,0,1,2,A,C,3,N,C,C,A,D,C,D,N,33.770050,-118.193739
20011116,630,5,RT 710,PACIFC CST HWY,N,E,0,0,0,1,C,-,18,N,H,A,B,H,B,D,N,33.770050,-118.193739
20011116,715,5,RT 710,RT 1,N,A,0,0,0,2,A,C,3,N,C,C,B,D,A,D,N,33.770050,-118.193739
20011116,900,5,RT 710,WILLOW,N,A,0,0,0,3,A,C,3,N,C,C,A,H,A,D,N,33.770050,-118.193739
20011116,1405,5,RT 710,WILLOW,N,A,4,0,1,3,A,C,7,N,B,C,A,D,A,D,N,33.770050,-118.193739
20011116,1520,5,RT 710,LONG BCH BL,N,A,0,0,0,2,A,C,3,N,C,C,A,H,A,D,N,33.770050,-118.193739
20011116,1540,5,RT 405,WOODRUFF AV,N,A,4,0,1,2,A,C,8,N,B,C,A,H,A,D,N,33.813146,-118.115196
20011116,1555,5,RT 710,LONG BCH BL,N,A,0,0,0,1,C,-,18,N,E,J,A,H,A,D,N,33.770050,-118.193739
20011116,1852,5,RT 405 SBON/R,BELLFLOWER BL,N,A,0,0,0,2,A,C,3,N,C,C,A,H,C,A,N,33.769086,-118.120973
20011116,540,5,RT 91,CHERRY AV,N,A,0,0,0,3,A,C,3,M,C,C,A,H,A,D,N,33.876334,-118.167205
20011117,117,6,DAIRY,56,N,A,0,0,0,3,A,C,7,M,E,I,A,H,C,D,N,33.857561,-118.192911
20011117,148,6,OLYMPIC PLZ,43 PL,N,A,0,0,0,2,A,C,8,M,B,E,A,H,C,D,N,33.758653,-118.144704
20011117,745,6,CARSON,FAUST,N,E,0,0,0,2,A,C,9,N,D,C,B,H,A,D,N,33.832457,-118.114363
20011117,827,6,7,MAGNOLIA AV,Y,E,4,0,1,4,A,C,12,N,D,C,A,H,A,A,N,33.767721,-118.198069
20011117,1330,6,CHERRY,TEHACHAPI,Y,A,4,0,1,2,A,C,9,N,D,C,A,H,A,D,N,33.836567,-118.167462
20011117,1437,6,7,OHIO AV,Y,A,0,0,0,2,A,C,9,N,D,C,A,H,A,D,N,33.775345,-118.160060
20011117,1449,6,LONG BCH BL,ESTHER,Y,-,0,0,0,2,A,C,3,M,C,C,A,H,A,A,N,33.788948,-118.189266
20011117,1500,6,PACIFC CST HWY,HARBOR AV,N,A,0,0,0,2,A,C,3,N,C,C,A,H,A,A,N,33.789825,-118.210498
20011117,1554,6,FACULTY AV,FACULTY AV 4808,N,A,4,0,1,2,-,-,0,N,H,G,A,H,A,D,N,33.845075,-118.136865
20011117,1620,6,SPRING,PALO VERDE,N,A,0,0,0,1,A,C,7,N,E,I,A,H,A,D,N,33.810426,-118.107869
20011117,1628,6,PACIFC CST HWYWY,CEDAR,Y,A,4,0,2,2,A,C,9,N,D,C,A,H,C,A,N,33.789861,-118.195099
20011117,1935,6,ARTESIA BL,ORIZABA AV,Y,A,4,0,1,2,A,C,10,N,G,B,A,H,C,A,N,33.874754,-118.157833
20011117,2006,6,2,RAVENNA,N,A,0,0,0,2,A,C,3,N,C,C,A,H,C,A,N,33.756818,-118.123023
20011117,2228,6,15,MOLINO AV,N,A,0,0,0,4,A,C,7,M,C,C,A,H,C,D,N,33.763534,-118.161254
20011117,1145,6,RT 91,CHERRY AV,N,A,4,0,1,5,A,C,7,F,B,C,A,H,A,D,N,33.876334,-118.167205
20011118,220,7,RT 710,PACIFC CST HWY,Y,E,0,0,0,2,A,C,7,N,B,C,B,H,D,D,Y,33.770050,-118.193739
20011118,315,7,ATLANTIC AV,RT 91 WBOFF/R,Y,E,3,0,1,1,A,C,3,N,E,I,B,H,C,A,Y,33.770050,-118.193739
20011118,1337,7,NEW YORK,W ALAMITOS AV,N,A,0,0,0,2,A,C,1,M,B,C,A,H,A,D,Y,33.784870,-118.177253
20011118,1825,7,BERMUDA,CLUB CHERRY AV,N,A,0,0,0,2,A,C,1,M,A,E,A,H,C,D,Y,33.823170,-118.167726
20011118,425,7,RT 405,LA RV UC,N,E,3,0,1,3,A,C,1,N,C,C,A,H,D,D,Y,33.770050,-118.193739
20011118,525,7,WILLOW,WOODRUFF,N,E,0,0,0,2,A,C,12,N,D,C,B,H,C,A,N,33.803312,-118.114536
20011118,620,7,CHESTNUT AV,10,N,B,0,0,0,4,A,C,5,M,B,E,D,H,B,D,N,33.778968,-118.196351
20011118,900,7,PARK AV,BROADWAY,N,A,0,0,0,2,A,C,8,M,B,E,A,H,A,D,N,34.030668,-118.474394
20011118,900,7,PARK,BROADWAY,N,E,0,0,0,2,A,C,8,N,B,E,A,H,A,D,N,34.030668,-118.474394
20011118,1013,7,OBISPO AV,N 10,N,A,0,0,0,2,A,C,6,N,B,C,A,H,A,D,N,33.778969,-118.154588
20011118,1235,7,ANAHEIM,LOMA AV,N,A,4,0,1,2,A,C,11,N,G,B,A,H,A,D,N,33.782598,-118.150236
20011118,1303,7,BELLFLOWER BL,27,Y,A,0,0,0,2,D,-,0,N,D,C,A,H,A,A,N,33.805059,-118.125192
20011118,1515,7,7,ORANGE AV,N,A,0,0,0,1,A,C,8,N,E,I,A,H,A,A,N,33.765820,-118.177352
20011118,1614,7,MOLINO AV,PACIFC CST HWY,Y,A,3,0,1,2,A,C,11,N,G,B,A,H,A,D,N,33.789854,-118.161196
20011118,1711,7,PINE AV,6,Y,A,4,0,2,3,A,C,12,N,D,C,A,H,C,A,N,33.774121,-118.192392
20011118,2319,7,SPRING,RT 605,Y,A,0,0,0,2,A,C,12,N,D,C,A,H,C,A,N,33.811654,-118.199252
20011118,350,7,RT 710,LOS ANGELES RV,N,E,0,0,0,1,A,C,8,N,E,I,B,H,C,D,N,33.770050,-118.193739
20011118,650,7,RT 405,CLARK AV,N,E,0,0,0,1,C,-,18,N,E,I,B,H,B,D,N,33.817379,-118.133749
20011118,1105,7,RT 91 EBTRN,LONGBEACH BL,N,A,0,0,0,1,A,C,3,N,E,I,A,H,A,D,N,33.770050,-118.193739
20011119,145,1,7,ULTIMO AV,N,A,0,0,0,2,A,C,8,M,C,C,A,H,C,D,N,33.775368,-118.124170
20011119,450,1,ANAHEIM,ARGONNE AV,N,A,0,0,0,3,E,-,24,N,B,E,A,H,C,D,N,33.782592,-118.135670
20011119,728,1,TRAFFIC CIR,PACIFC CST HWY,Y,A,0,0,0,2,D,-,0,N,B,C,A,H,A,D,N,33.788902,-118.140964
20011119,730,1,19,HENDERSON AV,N,E,4,0,4,2,A,C,5,N,A,C,A,H,A,D,N,33.791680,-118.197624
20011119,930,1,PACIFC CST HWY,TERMINO AV,N,A,0,0,0,1,A,C,8,N,E,I,A,H,A,D,N,33.789843,-118.145883
20011119,930,1,3,MAGNOLIA,Y,A,0,0,0,2,A,C,7,N,B,C,A,H,A,D,N,33.770505,-118.198046
20011119,956,1,8,OBISPO AV,Y,A,0,0,0,2,A,C,12,N,D,C,A,H,A,D,N,33.777166,-118.154588
20011119,1215,1,SANTA FE AV,PACIFC CST HWY,Y,A,0,0,0,2,D,-,0,M,D,C,A,H,A,D,N,33.789800,-118.215409
20011119,1300,1,LAKEWOOD,WILLOW,Y,A,0,0,0,2,D,-,0,N,D,C,A,D,A,A,N,33.803251,-118.142788
20011119,1710,1,WALNUT AV,WALNUT AV 1046,N,A,0,0,0,1,D,-,0,M,E,I,A,H,C,A,N,33.782597,-118.171990
20011119,1910,1,LINDEN AV,ESTHER,Y,A,0,0,0,2,A,C,6,M,H,G,A,H,C,D,N,33.788945,-118.186692
20011119,2149,1,OHIO AV,ANAHEIM,N,A,0,0,0,2,D,-,0,M,C,E,A,H,C,D,N,33.782614,-118.160056
20011119,545,1,RT 405,REDONDO AV,N,A,0,0,0,1,C,-,18,N,E,J,A,H,B,D,N,33.785760,-118.152415
20011119,620,1,RT 405,LONG BCH BL,N,A,0,0,0,2,A,C,3,N,E,J,A,H,B,D,N,33.770050,-118.193739
20011119,745,1,RT 405,LAKEWOOD BL,N,A,0,0,0,1,C,-,18,N,E,J,A,H,A,D,N,33.843075,-118.142426
20011119,1120,1,RT 47 NBON/R,HENRY FORD,N,A,0,0,0,2,A,C,3,N,B,C,A,H,A,D,N,33.770050,-118.193739
20011119,1445,1,RT 710,9,N,A,2,0,1,2,A,C,3,N,E,I,A,H,A,D,N,33.762173,-118.205115
20011119,1610,1,RT 710,PACIFC CST HWY,N,A,0,0,0,2,A,C,3,N,C,C,A,D,D,D,N,33.770050,-118.193739
20011119,1710,1,RT 710,DEL AMO BL,N,A,0,0,0,3,A,C,3,N,C,C,A,H,C,D,N,33.847073,-118.130810
20011119,1820,1,RT 405,PACIFIC AV,N,A,0,0,0,2,A,C,7,N,B,C,A,H,D,D,N,46.356782,-124.054189
20011119,1900,1,RT 91,CHERRY AV,N,A,0,0,0,2,A,C,3,N,C,C,A,H,D,D,N,33.876334,-118.167205
20011120,1645,2,WARDLOW RD,PACIFIC PL,N,A,0,0,0,2,A,C,1,N,E,I,A,G,B,A,Y,33.819044,-118.195946
20011120,243,2,PINE AV,BURNETT,N,A,0,0,0,3,D,-,0,M,A,E,A,H,C,D,N,33.800748,-118.192560
20011120,800,2,WILLOW,PACIFIC,N,A,0,0,0,2,A,C,3,N,C,C,A,H,A,D,N,33.804440,-118.193717
20011120,821,2,HILL,DELTA,N,A,4,0,1,1,D,-,0,N,E,I,A,H,A,D,N,33.797111,-118.211084
20011120,1028,2,SANTA FE AV,PACIFC CST HWY,Y,A,0,0,0,2,A,C,8,N,B,C,A,H,A,A,N,33.789800,-118.215409
20011120,1038,2,PACIFC CST HWY,LONG BCH BL,N,A,3,0,1,2,A,C,8,N,H,G,A,H,A,A,N,33.789852,-118.189507
20011120,1112,2,OBISPO AV,N 10,N,A,0,0,0,2,A,C,3,N,C,C,A,H,A,D,N,33.778969,-118.154588
20011120,1330,2,ANAHEIM,ATLANTIC AV,N,A,0,0,0,2,A,C,3,M,C,C,A,H,A,D,N,33.782609,-118.185034
20011120,1508,2,BELLFLOWER,HARVEY,N,A,0,0,0,2,A,C,3,N,C,C,A,H,A,A,N,33.836060,-118.125212
20011120,1510,2,WALNUT AV,PACIFC CST HWY,N,A,3,0,1,2,A,C,11,N,G,B,A,H,A,D,N,33.789858,-118.171987
20011120,1700,2,3,GLADYS AV,N,A,0,0,0,2,A,C,8,N,B,E,A,H,C,D,N,33.768087,-118.157858
20011120,1800,2,TRAFFIC CIR,LOS COYOTES DIAG,Y,A,0,0,0,2,B,-,22,N,D,C,A,H,C,D,N,33.790991,-118.141022
20011120,1922,2,3,FALCON AV,N,A,0,0,0,4,A,C,7,M,C,C,A,H,C,D,N,33.769673,-118.172938
20011120,644,2,RT 710,LONG BCH BL,N,A,0,0,0,2,A,C,3,N,C,C,A,H,B,D,N,33.770050,-118.193739
20011120,645,2,RT 710,LONG BCH BL,N,A,0,0,0,2,A,C,3,N,C,C,A,H,B,D,N,33.770050,-118.193739
20011120,1045,2,RT 710,RT 405 SBTRN,N,A,0,0,0,2,A,C,7,N,B,C,A,H,A,D,N,33.770050,-118.193739
20011120,1740,2,RT 405 NBOFF/R,CHERRY AV OC,N,A,0,0,0,1,A,C,3,N,E,I,A,H,C,D,N,33.770050,-118.193739
20011121,2300,3,RT 405,ORANGE AV OC,N,A,4,0,1,2,A,C,1,N,B,C,A,H,C,D,Y,33.770050,-118.193739
20011121,729,3,PACIFC CST HWY,CHESTNUT AV,Y,A,4,0,2,2,A,C,9,N,D,C,A,H,A,A,N,33.789861,-118.196387
20011121,835,3,ORANGE,67,Y,B,4,0,2,2,A,C,9,N,D,C,A,H,A,A,N,33.876409,-118.177385
20011121,1211,3,PACIFC CST HWY,MLK AV,Y,A,4,0,2,2,A,C,9,N,D,C,A,H,A,A,N,33.789856,-118.180653
20011121,1404,3,3,ELM AV,Y,A,0,0,0,2,A,C,8,N,D,C,A,H,A,A,N,33.770494,-118.187682
20011121,1426,3,PACIFC CST HWY,HARBOR AV,N,A,0,0,0,2,A,C,2,N,B,C,A,H,A,D,N,33.789825,-118.210498
20011121,1528,3,CHERRY,65,N,A,0,0,0,2,A,C,7,N,B,C,A,H,A,D,N,33.872465,-118.168701
20011121,1535,3,WILLOW,LAKEWOOD BL,Y,A,3,0,3,2,A,C,9,N,A,C,A,D,A,A,N,33.803251,-118.142788
20011121,1625,3,LONG BCH BL,GREENLEAF AV,N,A,0,0,0,2,A,C,7,N,H,C,A,H,B,D,N,33.881301,-118.204913
20011121,1800,3,WILLOW,EARL AV,Y,A,0,0,0,2,A,C,9,N,A,C,A,H,B,A,N,40.622881,-76.181566
20011121,1834,3,SOUTH,LIME,N,A,4,0,1,2,A,C,3,N,C,C,A,H,C,D,N,33.860072,-118.183996
20011121,2104,3,GALE AV,67 WY,N,A,3,0,1,2,-,-,0,N,G,B,A,H,C,D,N,33.876821,-118.205595
20011121,2138,3,WILLOW,GOLDEN AV,Y,B,0,0,0,2,A,C,3,M,C,C,A,H,C,A,N,33.804332,-118.202405
20011121,2200,3,BROADWAY,PINE AV,Y,A,0,0,0,2,A,C,7,N,B,C,A,H,C,A,N,40.626710,-73.714487
20011121,2201,3,10,LOMA AV,Y,A,0,0,0,3,A,C,12,M,D,C,A,H,C,A,N,33.761252,-118.150699
20011121,2337,3,19,MAGNOLIA,N,A,0,0,0,3,D,-,0,M,D,E,A,H,C,D,N,33.791683,-118.198083
20011121,755,3,RT 405 SBON/R,CHERRY AV,N,A,0,0,0,2,A,C,3,N,C,C,A,H,A,D,N,33.823170,-118.167726
20011121,915,3,RT 405,LONG BCH BL,N,A,0,0,0,3,A,C,7,N,B,C,A,H,A,D,N,33.770050,-118.193739
20011121,1450,3,RT 710,ATLANTIC AV,N,A,4,0,1,2,A,C,7,N,B,C,A,H,A,D,N,39.576654,-74.226897
20011121,1555,3,RT 405 SBON/R,BELLFLOWER BL,N,A,0,0,0,2,A,C,3,N,C,C,A,H,A,A,N,33.769086,-118.120973
20011121,1720,3,RT 91,LONG BCH BL,N,A,4,0,1,2,A,C,3,N,C,C,A,H,B,D,N,33.873156,-118.200648
20011122,335,4,7,ALMOND AV,N,A,0,0,0,5,A,C,1,N,B,E,A,H,C,D,Y,33.775350,-118.174724
20011122,250,4,CERRITOS,BROADWAY,N,F,0,0,0,2,A,C,0,M,C,C,A,H,C,D,N,33.768690,-118.178639
20011122,324,4,DELTA AV,31,N,A,0,0,0,3,A,C,3,M,B,E,A,H,C,D,N,33.813995,-118.211116
20011122,836,4,I,ANAHEIM,Y,B,0,0,0,1,A,C,8,M,E,I,A,H,A,D,N,33.782627,-118.219840
20011122,1030,4,LOCUST,LOCUST 3705,N,F,0,0,0,2,A,C,21,M,D,E,A,H,A,D,N,33.775344,-118.191080
20011122,1230,4,PINE AV,BURNETT,N,A,4,0,1,1,A,C,3,N,F,A,A,H,A,D,N,33.800748,-118.192560
20011122,1322,4,BURNETT,EASY AV,Y,A,0,0,0,2,D,-,0,N,D,C,A,H,A,D,N,33.800744,-118.210003
20011122,1330,4,ALY N MAGNOLIA,4,N,A,0,0,0,1,-,-,0,M,E,I,A,H,A,D,N,33.771699,-118.198044
20011122,1555,4,CHESTNUT AV,21,N,B,0,0,0,2,A,C,21,M,B,C,A,A,A,D,N,33.795295,-118.195892
20011122,2101,4,WILLARD,LOCUST AV,N,A,0,0,0,3,A,-,0,M,C,C,A,H,C,D,N,33.794602,-118.191074
20011122,1245,4,RT 710,WILLOW,N,A,0,0,0,1,C,-,18,N,E,I,A,H,A,D,N,33.770050,-118.193739
20011122,1520,4,RT 710,DEL AMO BL,N,A,0,0,0,1,A,C,7,N,E,I,A,H,A,D,N,33.847073,-118.130810
20011122,1530,4,RT 710 SBTRN,ATLANTIC AV,N,A,0,0,0,2,A,C,7,M,B,C,A,H,A,D,N,39.576654,-74.226897
20011123,1622,5,SHERMAN PL,15,N,A,0,0,0,2,D,-,0,N,C,C,A,H,A,D,Y,33.786226,-118.166214
20011123,201,5,TEMPLE AV,4,N,A,0,0,0,2,D,-,0,M,C,E,A,H,C,D,N,33.762512,-118.159643
20011123,230,5,OHIO,11,N,A,0,0,0,2,A,C,7,M,B,E,A,H,C,D,N,33.780783,-118.160045
20011123,906,5,REDONDO AV,11,Y,A,0,0,0,2,A,C,9,N,D,C,A,H,A,D,N,33.761143,-118.152633
20011123,1023,5,MAGNOLIA AV,19,N,A,0,0,0,2,A,C,3,M,C,C,A,H,A,D,N,33.767938,-118.198067
20011123,1534,5,PACIFC CST HWY,CEDAR AV,Y,A,0,0,0,2,A,C,9,N,D,C,A,H,A,A,N,33.789861,-118.195099
20011123,1712,5,PARK AV,ANAHEIM,Y,A,0,0,0,2,A,C,0,M,B,C,A,H,C,D,N,33.782591,-118.137201
20011123,1859,5,STUDEBAKER RD,WARDLOW RD,Y,A,3,0,1,2,D,-,0,N,A,C,A,H,C,A,N,33.818891,-118.099082
20011123,1900,5,56,E CALIFORNIA,N,A,4,0,1,2,A,C,7,N,B,E,A,H,C,D,N,33.858117,-118.181007
20011123,520,5,RT 405,BELLFLOWER BL,N,A,0,0,0,4,C,-,18,N,H,C,A,H,D,D,N,33.769086,-118.120973
20011123,545,5,RT 710,LONG BCH BL,N,A,0,0,0,2,A,C,7,M,B,C,A,H,B,D,N,33.770050,-118.193739
20011123,645,5,RT 710 SBTRN,ATLANTIC AV,N,A,0,0,0,1,C,-,18,N,E,I,A,H,A,D,N,39.576654,-74.226897
20011123,1105,5,RT 405,CHERRY AV,N,A,0,0,0,3,A,C,7,N,C,C,A,H,A,D,N,33.823170,-118.167726
20011123,1145,5,RT 710,DEL AMO BL,N,A,0,0,0,1,C,-,18,N,H,A,A,H,A,D,N,33.847073,-118.130810
20011123,1442,5,RT 103 SBOFF/R,PACIFC CST HWY,N,A,0,0,0,1,A,C,3,N,F,A,A,H,A,D,N,33.770050,-118.193739
20011123,2310,5,RT 710,PACIFC CST HWY,N,A,2,0,1,4,A,C,3,N,C,C,A,H,C,D,N,33.770050,-118.193739
20011124,728,6,ARTESIA,BUTLER,Y,B,0,0,0,2,A,C,9,N,H,C,A,H,A,A,N,33.874350,-118.196925
20011124,916,6,BROADWAY,MAINE AV,N,B,0,0,0,2,A,C,8,N,C,E,A,H,A,D,N,33.769264,-118.200604
20011124,1122,6,ARTESIA BL,W CURTIS AV,N,C,4,0,1,2,A,C,7,N,B,C,B,H,A,D,N,33.874631,-118.158887
20011124,1123,6,GRANADA AV,2,N,B,0,0,0,2,A,C,8,N,B,C,A,H,A,D,N,33.756352,-118.138654
20011124,1137,6,WESTMINSTER BL,STUDEBAKER,N,B,4,0,2,2,A,C,4,N,C,C,A,H,A,A,N,33.759567,-118.103926
20011124,1304,6,OCEAN BL,GERALD DESMOND,N,C,0,0,0,1,C,-,18,N,E,I,B,H,A,D,N,33.770050,-118.193739
20011124,1314,6,BELLFLOWER BL,STEARNS,N,C,4,0,1,2,A,C,3,N,C,C,B,H,A,D,N,33.796022,-118.125239
20011124,1352,6,6,PACIFIC AV,Y,C,4,0,1,2,A,C,12,N,D,C,B,H,A,D,N,33.767199,-118.193709
20011124,1533,6,TERMINO AV,11,Y,A,4,0,1,2,A,C,9,N,D,C,B,H,A,D,N,33.780766,-118.145882
20011124,1610,6,LONG BCH BL,12,Y,C,0,0,0,2,A,C,9,M,B,C,B,H,B,D,N,39.713833,-74.131789
20011124,1709,6,CLARK AV,LEW DAVIS,Y,B,0,0,0,2,A,C,12,N,D,C,B,H,C,A,N,33.829952,-118.133890
20011124,1715,6,OCEAN,PINE,Y,B,0,0,0,2,A,C,12,N,D,C,B,H,C,A,N,33.767096,-118.192407
20011124,1747,6,MAGNOLIA AV,BURNETT,Y,C,3,0,2,4,A,C,12,N,D,E,B,F,C,A,N,33.800750,-118.198083
20011124,1800,6,CHERRY AV,ANAHEIM,N,C,0,0,0,2,A,C,21,M,D,C,B,H,B,D,N,33.782604,-118.167652
20011124,1900,6,MAINE AV,W 3,N,B,0,0,0,2,A,C,17,M,B,C,B,H,C,D,N,33.770515,-118.200608
20011124,730,6,RT 405 SBTRN,RT 710,N,B,0,0,0,1,A,C,3,N,F,A,A,H,A,D,N,33.770050,-118.193739
20011124,920,6,RT 710 NBTRN,RT 405 OC,N,B,0,0,0,1,A,C,8,N,E,I,A,H,A,D,N,33.770050,-118.193739
20011124,1040,6,RT 405 NBTRN,PACIFIC AV,N,B,0,0,0,2,A,C,3,N,C,E,B,H,A,D,N,46.356782,-124.054189
20011124,1125,6,RT 91 EBTRN,RT 91,N,C,0,0,0,2,A,C,3,N,C,C,B,H,A,D,N,33.770050,-118.193739
20011124,1130,6,RT 710 SBTRN,ATLANTIC AV,N,C,0,0,0,1,A,C,8,N,E,I,B,H,A,D,N,39.576654,-74.226897
20011124,1255,6,RT 405,TEMPLE AV,N,B,0,0,0,2,A,C,3,N,C,C,B,H,A,D,N,34.145957,-118.417898
20011124,1310,6,RT 710 NBTRN,SANTA FE AV,N,C,0,0,0,1,A,C,3,N,E,I,B,H,A,D,N,33.807295,-118.215507
20011124,1345,6,RT 405,TEMPLE AV,N,B,0,0,0,2,A,C,8,N,B,C,B,H,A,D,N,34.145957,-118.417898
20011124,1346,6,RT 405,TEMPLE AV,N,B,0,0,0,3,A,C,3,N,C,C,B,H,A,D,N,34.145957,-118.417898
20011124,1440,6,RT 405,LA RV UC,N,C,0,0,0,2,A,C,3,N,D,C,B,H,A,D,N,33.770050,-118.193739
20011124,1510,6,RT 710,RT 405,N,C,3,0,1,2,A,C,3,N,C,C,B,F,A,D,N,33.770050,-118.193739
20011124,1520,6,RT 710,RT 405,N,C,0,0,0,2,A,C,3,N,C,C,B,H,A,D,N,33.770050,-118.193739
20011124,1620,6,RT 710,WILLOW,N,C,0,0,0,2,A,C,3,N,B,C,B,D,A,D,N,33.770050,-118.193739
20011124,1645,6,RT 710,CARSON,N,C,0,0,0,2,A,C,3,N,C,C,B,F,C,D,N,33.770050,-118.193739
20011124,650,6,RT 91,DOWNEY AV,N,A,0,0,0,1,A,C,8,N,E,I,A,H,A,D,N,33.876770,-118.153649
20011124,640,6,RT 101,BALBOA BL,N,B,0,0,0,2,A,C,3,N,C,C,A,H,A,D,N,34.159260,-118.501088
20011125,754,7,20,LOCUST AV,Y,-,0,0,0,2,-,-,0,N,H,C,-,-,A,-,N,34.159260,-118.501088
20011125,934,7,HILL,MAINE AV,Y,A,0,0,0,2,A,C,8,N,D,C,A,C,A,D,N,33.797131,-118.200614
20011125,1316,7,DELTA AV,ARLINGTON,N,A,4,0,1,2,A,C,21,N,B,C,A,H,A,D,N,33.821359,-118.211094
20011125,1505,7,ANAHEIM RD,ELM AV,N,B,0,0,0,2,A,C,9,M,B,C,A,H,A,D,N,33.782614,-118.187987
20011125,1707,7,ATLANTIC,DELAMO,N,A,4,0,1,2,A,C,3,N,C,C,A,H,B,A,N,33.845292,-118.184880
20011125,1901,7,SOUTH,LOCUST,N,A,0,0,0,3,A,C,21,N,D,C,A,H,C,D,N,33.860048,-118.189860
20011125,1600,7,RT 710,PACIFC CST HWY,N,A,0,0,0,2,A,C,7,N,B,C,A,D,A,D,N,33.770050,-118.193739
20011126,735,1,LOS COYOTES DIAGNL,DEBORAH,Y,A,4,0,1,2,A,C,9,N,A,C,A,H,A,D,N,33.805488,-118.120723
20011126,1115,1,TERMINO,MAYFIELD,N,A,0,0,0,3,C,-,18,M,E,J,A,H,A,D,N,33.779872,-118.145886
20011126,1240,1,JUNIPERO AV,FLORIDA,N,A,0,0,0,2,A,C,8,N,B,E,A,H,A,D,N,33.770806,-118.164651
20011126,1244,1,EASY AV,WILLOW,Y,-,0,0,0,2,-,-,0,N,H,C,-,-,A,-,N,33.804427,-118.210009
20011126,1449,1,PACIFIC AV,ANAHIEM,N,A,2,0,1,2,A,C,10,N,G,B,A,H,A,A,N,33.782594,-118.193733
20011126,1557,1,PACIFC CST HWY,SANTA FE AV,N,A,0,0,0,2,A,C,6,M,B,C,A,H,A,A,N,33.789800,-118.215409
20011126,1719,1,7,REDONDO AV,Y,A,0,0,0,2,A,C,9,N,D,C,A,H,C,A,N,33.761088,-118.152648
20011126,1835,1,NORWALK BL,WARDLOW RD,N,A,0,0,0,2,A,C,8,N,D,C,A,H,C,D,N,33.817565,-118.071822
20011126,2038,1,ALAMITOS,7,N,A,0,0,0,4,A,C,8,N,B,E,A,H,C,D,N,33.775362,-118.180171
20011126,515,1,RT 710,PACIFC CST HWY,N,A,0,0,0,2,B,-,22,N,B,C,A,H,C,D,N,33.770050,-118.193739
20011126,1155,1,RT 710,SAN DIEGO FWY,N,A,0,0,0,2,A,C,3,N,B,C,A,H,A,D,N,33.808398,-118.156141
20011126,1700,1,RT 405,ORANGE AV,N,A,0,0,0,2,A,C,3,N,C,C,A,H,C,D,N,33.825422,-118.176316
20011126,530,1,RT 91,CHERRY AV,N,A,0,0,0,2,A,C,7,N,B,C,A,H,B,D,N,33.876334,-118.167205
20011126,630,1,RT 91,ATLANTIC BL,N,A,0,0,0,2,A,C,3,N,C,C,A,H,A,D,N,33.874843,-118.193412
20011127,810,2,ANAHEIM RD,STUDEBAKER,N,A,4,0,1,2,A,C,9,N,H,G,A,H,A,D,N,33.781512,-118.102616
20011127,815,2,11,TEMPLE,N,A,4,0,1,2,A,C,10,F,G,B,A,H,A,D,N,33.780782,-118.158932
20011127,1039,2,ATHERTON,STUDEBAKER,Y,A,0,0,0,2,A,C,9,N,D,C,A,H,A,A,N,33.788723,-118.099362
20011127,1119,2,LONG BCH BL,HILL,Y,A,0,0,0,2,D,-,0,N,D,C,A,H,A,A,N,33.797119,-118.189269
20011127,1120,2,ALAMITOS,10,Y,B,0,0,0,2,A,C,8,N,B,C,A,H,A,A,N,33.778961,-118.179037
20011127,1217,2,ANAHEIM,OBISPO,Y,A,0,0,0,2,D,-,0,N,D,C,A,H,A,A,N,33.782605,-118.154580
20011127,1430,2,HILL,PACIFIC AV,N,A,4,0,1,2,A,C,8,N,A,C,A,H,A,D,N,33.797113,-118.193667
20011127,1520,2,PACIFC CST HWY,ORIZABA AV,Y,A,3,0,3,2,A,C,9,N,A,C,A,H,A,D,N,33.789847,-118.156748