COLLISION_DATE,COLLISION_TIME,DAY_OF_WEEK,PRIMARY_RD,SECONDARY_RD,INTERSECTION,WEATHER_1,COLLISION_SEVERITY,NUMBER_KILLED,NUMBER_INJURED,PARTY_COUNT,PRIMARY_COLL_FACTOR,PCF_CODE_OF_VIOL,PCF_VIOL_CATEGORY,HIT_AND_RUN,TYPE_OF_COLLISION,MVIW,ROAD_SURFACE,ROAD_COND_1,LIGHTING,CONTROL_DEVICE,ALCOHOL_INVOLVED,LATITUDE,LONGITUDE
20011231,920,1,23,ATLANTIC AV,N,B,0,0,0,1,A,C,21,N,E,I,B,H,A,D,N,33.798932,-118.185024
20011231,958,1,BURNETT,DAISY AV,Y,B,0,0,0,3,A,C,12,N,D,C,A,H,A,D,N,33.800761,-118.199166
20011231,1200,1,PACIFC CST HWY,RIVER RD,N,B,4,0,2,2,A,C,9,N,D,C,A,H,A,A,N,33.822722,-118.222301
20011231,1510,1,ARTESIA,PARAMOUNT,Y,B,0,0,0,2,D,-,0,N,B,C,A,H,A,A,N,33.874619,-118.159983
20011231,1557,1,LOCUST AV,HILL,Y,B,0,0,0,2,A,C,9,N,D,C,A,H,A,A,N,33.797117,-118.190545
20011231,1604,1,MARKET,E CHERRY AV,N,A,4,0,1,2,A,C,9,N,D,C,A,H,A,D,N,33.854386,-118.167805
20011231,1904,1,ORANGE,HELLMAN,N,A,0,0,0,2,A,C,3,N,C,C,A,H,C,A,N,33.776705,-118.176340
20011231,2105,1,RT 405,RT 710,N,A,3,0,2,3,A,C,3,N,C,C,A,H,C,D,N,46.462508,-95.646979
20020101,1525,2,CHERRY AV,ANAHEIM ST,N,A,3,0,1,2,A,-,3,N,C,C,A,H,A,A,Y,33.782604,-118.167652
20020101,115,2,REDONDO AV,15 TH ST,Y,A,3,0,4,2,A,-,12,N,D,C,A,H,C,D,Y,33.785760,-118.152415
20020101,2107,2,HENDERSON AV,W 19TH ST,N,B,3,0,2,6,A,-,1,F,A,C,A,H,C,A,Y,33.791680,-118.197624
20020101,240,2,PACIFIC COAST HWY,LONG BEACH BL,N,A,4,0,2,3,A,-,1,N,C,C,-,H,C,A,Y,33.789852,-118.189507
20020101,2250,2,PACIFIC COAST HWY,ALAMITOS AV,Y,A,4,0,2,2,A,-,3,F,C,C,A,H,C,A,Y,33.789852,-118.189507
20020101,2211,2,10TH ST,MARTIN LUTHER KING JR AV,Y,A,0,0,0,2,A,-,3,N,C,C,A,H,C,A,N,33.778977,-118.180686
20020101,1350,2,HILL ST,CEDAR,N,B,0,0,0,2,A,-,8,N,B,C,A,H,A,D,N,33.797116,-118.194802
20020101,315,2,BROADWAY AV,ORANGE,N,A,0,0,0,2,A,-,7,N,B,-,A,H,C,D,N,33.768463,-118.176852
20020101,1625,2,WARDLOW RD,MAINE AV,N,A,4,0,1,2,A,-,3,N,C,C,A,H,B,D,N,33.818947,-118.200229
20020101,1100,2,MAGNOLIA,COWLES,-,A,0,0,0,2,A,-,9,N,D,C,A,H,A,D,N,33.784867,-118.198096
20020101,340,2,MAGNOLIA AV,ANAHEIM ST,Y,A,4,0,1,2,A,-,12,N,D,C,A,H,C,A,N,33.782601,-118.198034
20020101,1535,2,RT 91,LOS ANGELES RIVER,N,A,4,0,1,2,A,-,3,N,B,C,A,H,A,D,N,33.770050,-118.193739
20020101,425,2,RT 710,WILLOW ST,N,A,0,0,0,1,A,-,3,N,E,I,A,H,C,D,N,33.770050,-118.193739
20020101,1900,2,RT 710,DEL AMO BL,N,A,0,0,0,1,A,-,8,N,E,I,A,H,C,D,N,33.847073,-118.130810
20020101,1730,2,RT 405,STUDEBAKER RD,N,A,0,0,0,4,A,-,3,N,C,C,A,H,C,D,N,33.791446,-118.099621
20020101,1800,2,RT 710,RT 405,N,A,0,0,0,1,A,-,3,M,E,I,A,H,C,D,N,33.770050,-118.193739
20020101,1743,2,LONG BEACH BL,PACIFIC COAST HWY,Y,A,4,0,3,2,A,-,12,N,A,C,A,H,C,A,N,33.789852,-118.189507
20020101,430,2,DELTA AV,26TH WY,N,A,0,0,0,3,D,-,0,N,C,E,A,H,C,D,N,33.805366,-118.211095
20020101,145,2,ATLANTIC,ANAHEIM,Y,A,0,0,0,2,A,-,3,M,C,C,A,H,C,A,N,33.782609,-118.185034
20020101,2025,2,CARSON ST,RT 605,N,B,0,0,0,2,A,-,3,M,B,C,A,H,C,D,N,33.831761,-118.184845
20020101,1950,2,CONANT ST,RUTGERS AV,N,A,0,0,0,2,A,-,7,N,C,C,A,H,C,D,N,33.825100,-118.129209
20020101,330,2,CEDAR AV,9TH ST,-,A,0,0,0,1,D,-,0,M,A,I,A,H,C,A,N,33.777754,-118.195074
20020101,1006,2,7TH ST,PEPPERTREE LN,N,A,0,0,0,1,A,-,7,N,A,I,A,H,A,A,N,33.774140,-118.108707
20020102,1359,3,LOCUST AV,MOUNTAIN VIEW,Y,A,3,0,4,2,A,-,12,N,D,D,A,H,A,D,Y,33.851774,-118.189795
20020102,2002,3,PALO VERDE,WOODRUFF AV,N,A,0,0,0,2,A,-,7,N,B,C,A,H,C,D,N,33.797642,-118.108025
20020102,1726,3,SANTA FE AV,23RD ST,Y,B,2,0,1,2,A,-,12,N,D,G,A,H,C,A,N,33.798927,-118.215510
20020102,1430,3,BELLFLOWER,WARDLOW,Y,B,0,0,0,2,A,-,12,N,B,C,A,H,A,A,N,33.818750,-118.125154
20020102,1249,3,ANAHEIM ST,DAISY AV,N,A,4,0,2,3,A,-,3,N,C,C,A,H,A,A,N,33.782608,-118.199380
20020102,1221,3,23RD ST,SANTA FE AV,N,B,3,0,2,2,A,-,8,N,A,C,A,H,A,A,N,33.798927,-118.215510
20020102,1838,3,PERALTA AV,VISTA ST,N,B,0,0,0,3,A,-,8,N,D,E,A,H,C,D,N,33.768447,-118.107275
20020102,1940,3,RT 405,RT 710,N,A,0,0,0,2,D,-,0,N,B,C,A,H,C,D,N,46.462508,-95.646979
20020102,1345,3,RT 710,CARSON ST,N,A,0,0,0,2,A,-,7,N,B,C,A,H,A,D,N,33.832262,-118.135654
20020102,1930,3,RT 405,RT 710,N,A,0,0,0,1,A,-,8,N,E,I,A,-,C,D,N,46.462508,-95.646979
20020102,1705,3,RT 91,ATLANTIC AV,N,A,0,0,0,2,A,-,3,N,C,C,A,H,A,D,N,33.874843,-118.193412
20020102,2315,3,RT 710,RT 91,N,C,4,0,2,8,A,-,3,F,C,C,B,H,C,D,N,33.770050,-118.193739
20020102,2342,3,LAKEWOOD BL,OUTER TRAFFIC CIR,Y,C,3,0,4,2,A,-,8,N,D,C,B,H,C,D,N,33.791542,-118.142661
20020102,1707,3,PACIFIC COAST HWY,JUNIPERO AV,Y,A,0,0,0,2,A,-,- ,N,D,C,A,H,A,A,N,33.789856,-118.163304
20020102,1630,3,RT 710,LONG BEACH BL,N,A,0,0,0,2,-,-,- ,N,B,C,A,H,A,D,N,33.823693,-118.189369
20020102,1612,3,RT 405,SPRING ST,N,B,4,0,1,1,B,-,22,N,E,I,A,H,A,D,N,33.810673,-118.134847
20020102,1224,3,VICTORIA ST,SUSANA RD,Y,B,0,0,0,2,A,-,16,N,E,J,A,H,A,D,N,33.864864,-118.204675
20020102,1750,3,WILLOW ST,ATLANTIC,N,A,4,0,1,3,A,-,3,F,C,C,A,H,C,A,N,33.804328,-118.185023
20020102,1410,3,ANAHEIM ST,CHERRY AV,N,A,4,0,1,2,A,-,3,F,C,C,A,H,A,D,N,33.782604,-118.167652
20020102,1840,3,CHARLEMAGNE,BRITTAIN,N,B,0,0,0,2,D,-,0,M,B,E,A,H,C,D,N,33.825920,-118.130392
20020102,834,3,WALNUT AV,WALNUT AV 5512,-,F,0,0,0,2,D,-,0,M,H,J,A,H,-,D,N,33.782597,-118.171990
20020103,1941,4,CHERRY AV,SAN ANTONIO DR,Y,C,4,0,1,1,A,-,3,N,E,I,B,H,C,A,Y,33.846281,-118.167427
20020103,2119,4,CHERRY AV,DEL AMO,Y,A,0,0,0,2,A,-,3,M,C,C,A,H,C,A,Y,33.846859,-118.167613
20020103,1438,4,OCEAN BL,ALAMITOS AV,Y,A,4,0,1,2,A,-,9,N,A,C,A,H,A,A,N,33.766221,-118.183133
20020103,1600,4,FOUNTAIN ST,BELMONT AV,N,A,3,0,1,2,A,-,11,N,G,B,A,H,A,D,N,33.783505,-118.144257
20020103,812,4,BELLFLOWER BL,ATHERTON ST,Y,B,4,0,2,2,A,-,9,N,A,C,B,H,A,A,N,33.788526,-118.124399
20020103,1400,4,LONG BEACH BL,RT 91,Y,A,4,0,4,2,A,-,12,N,D,C,A,H,A,A,N,39.726252,-74.123919
20020103,1127,4,LONG BEACH BL,36TH ST,N,A,4,0,2,2,D,-,0,N,C,C,A,H,A,A,N,39.633820,-74.188146
20020103,600,4,RT 710,RT 91,N,B,0,0,0,2,A,-,3,N,C,C,B,H,B,D,N,33.770050,-118.193739
20020103,1405,4,ANAHEIM ST,JUNIPERO,N,B,0,0,0,2,A,-,8,N,B,C,A,H,A,A,N,33.782610,-118.163308
20020103,1150,4,RT 710,ARTESIA BL,N,B,0,0,0,1,A,-,8,N,E,I,A,C,A,D,N,33.873075,-118.068043
20020103,1230,4,RT 710,WILLOW ST,N,B,0,0,0,2,A,-,3,N,E,I,A,H,A,D,N,33.770050,-118.193739
20020103,1750,4,RT 91,CHERRY AV,N,A,0,0,0,2,A,-,3,N,C,C,A,H,D,D,N,33.876334,-118.167205
20020103,30,4,PACIFIC COAST HWY,GRAND AV,N,B,0,0,0,2,A,-,3,N,C,E,B,H,C,D,N,33.789852,-118.148062
20020103,1700,4,7TH ST,FLINT AV,N,A,0,0,0,3,D,-,0,M,C,C,A,H,C,A,N,33.775281,-118.123086
20020103,1741,4,LONG BEACH BL,BURNETT ST,N,A,4,0,1,1,B,-,22,N,A,I,A,H,C,D,N,33.800742,-118.189474
20020103,1836,4,ATLANTIC AV,33RD ST,Y,A,4,0,1,2,A,-,12,F,D,C,A,H,C,A,N,33.817060,-118.185010
20020103,630,4,RT 710,WILLOW ST,N,B,0,0,0,2,A,-,7,N,B,C,B,D,B,D,N,33.770050,-118.193739
20020104,1526,5,ATLANTIC AV,DELAMO BL,N,A,0,0,0,2,A,-,3,N,C,C,A,H,A,A,Y,33.845292,-118.184880
20020104,1255,5,WILLOW ST,DAISY AV,Y,A,4,0,3,2,A,-,3,F,C,C,A,H,A,D,Y,33.804319,-118.199152
20020104,2041,5,ALAMITOS AV,ANAHEIM ST,Y,A,4,0,1,2,A,-,12,N,D,C,A,H,C,A,N,33.782608,-118.177967
20020104,634,5,CHERRY AV,SAN ANTONIO DR,Y,B,0,0,0,2,A,-,3,N,C,C,A,H,B,A,N,33.846281,-118.167427
20020104,1321,5,2ND ST,TIVOLI DR,Y,A,0,0,0,2,D,-,0,N,A,C,A,H,A,A,N,33.757552,-118.126231
20020104,1217,5,XIMENO,10TH ST,N,A,0,0,0,2,A,-,21,N,D,C,A,H,A,D,N,33.778959,-118.141544
20020104,1158,5,CLARK,WARDLOW,N,A,4,0,1,2,A,-,3,N,C,C,A,H,A,A,N,33.818865,-118.133951
20020104,1800,5,3RD ST,CEDAR AV,Y,A,0,0,0,2,A,-,8,N,B,C,A,H,C,A,N,33.770507,-118.195051
20020104,245,5,RT 710,PICO AV,N,A,0,0,0,2,A,-,- ,N,B,C,A,H,C,D,N,33.761772,-118.205906
20020104,1510,5,SPRING ST,LAKEWOOD BL,Y,A,0,0,0,3,A,-,12,N,D,C,A,H,A,A,N,33.812739,-118.139096
20020104,1500,5,19TH ST,SANTA FE AV,N,A,4,0,1,2,A,-,11,N,G,B,A,H,A,D,N,33.791665,-118.215395
20020104,1105,5,ATHERTON ST,PARK AV,Y,A,4,0,1,2,A,-,9,N,D,C,A,H,A,A,N,33.789852,-118.136693
20020104,1445,5,OCEAN BL,TERMINAL ISLAND FWY,N,A,0,0,0,2,-,-,- ,N,C,C,A,H,A,A,N,33.762353,-118.239435
20020104,521,5,TEMPLE,CITY LGT POLE #4332,N,A,4,0,1,2,A,-,12,N,A,C,A,H,C,D,N,33.770050,-118.193739
20020104,1715,5,WILLOW ST,PALO VERDE AV,Y,A,0,0,0,2,A,-,12,N,D,C,A,H,B,A,N,33.803149,-118.107912
20020104,2103,5,BELLFLOWER,STATE UNIVERSITY DR,N,A,3,0,1,2,A,-,11,N,G,B,A,H,C,D,N,33.781532,-118.110058
20020104,1713,5,ANAHEIM,MARTIN LUTHER KING,N,A,0,0,0,2,A,-,8,N,B,C,A,H,A,A,N,33.782609,-118.180700
20020104,550,5,RT 91,ATLANTIC AV,N,A,0,0,0,3,A,-,17,N,E,J,A,H,A,A,N,33.874843,-118.193412
20020104,1921,5,ATLANTIC AV,SOUTH ST,Y,A,0,0,0,2,D,-,0,M,D,C,A,H,C,A,N,33.860074,-118.184923
20020104,1850,5,RT 91,PARAMOUNT BL,N,A,4,0,2,3,A,-,3,M,C,C,A,H,D,D,N,33.876245,-118.162684
20020104,2230,5,RT 710,PACIFIC COAST HWY,N,A,0,0,0,1,A,-,3,N,E,I,A,H,C,D,N,33.789863,-118.166885
20020104,1758,5,RT 405,BELLFLOWER BL,N,A,0,0,0,2,A,-,7,N,B,C,A,H,C,D,N,33.769086,-118.120973
20020104,1235,5,RT 710,SANTA FE AV,N,A,0,0,0,2,A,-,3,N,C,C,A,H,A,D,N,33.807295,-118.215507
20020104,850,5,RT 710,WILLOW ST,N,A,3,0,1,2,A,-,8,F,B,C,A,D,A,D,N,33.770050,-118.193739
20020104,1910,5,PACIFIC COAST HWY,STUDEBAKER RD,N,A,0,0,0,2,A,-,3,N,C,C,A,H,C,D,N,33.753819,-118.107230
20020104,210,5,CANAL ST,S SPRING ST,N,A,0,0,0,2,A,-,8,F,C,E,A,H,C,D,N,33.811633,-118.213873
20020105,1416,6,CARSON,BELLFLOWER,Y,A,0,0,0,2,A,-,12,N,D,G,A,H,A,A,N,33.832358,-118.125209
20020105,1948,6,LINDEN AV,29TH ST,N,A,0,0,0,1,A,-,3,N,E,I,A,H,C,D,N,33.809888,-118.186825
20020105,6,6,ANAHEIM ST,ROSE AV,N,A,4,0,1,2,A,-,5,N,D,G,A,H,C,D,N,33.782602,-118.169830
20020105,1940,6,RT 405,TEMPLE AV,N,A,0,0,0,2,A,-,7,N,C,C,A,H,C,D,N,34.145957,-118.417898
20020105,1210,6,PACIFIC AV,14TH ST,Y,A,0,0,0,2,A,-,8,N,B,C,A,H,A,D,N,46.360751,-124.054010
20020105,945,6,RT 405,CLARK AV,N,A,0,0,0,2,A,-,7,N,B,C,A,H,A,D,N,33.817379,-118.133749
20020105,915,6,RT 405,CALIFORNIA AV,N,A,3,0,1,4,A,-,7,N,B,C,A,H,A,D,N,34.168501,-118.605754
20020105,1030,6,WARDLOW,WOODRUFF,Y,A,0,0,0,2,A,-,12,M,D,C,A,H,A,A,N,33.818859,-118.116517
20020105,1914,6,8TH ST,CRYSTAL CT,Y,A,0,0,0,2,A,-,8,M,C,C,A,A,C,D,N,33.776548,-118.198756
20020105,1128,6,PARAMOUNT BL,ARTESIA BL,-,A,4,0,1,3,A,-,3,M,C,C,A,H,A,A,N,33.874619,-118.159983
20020105,1211,6,WILLOW ST,LAKEWOOD BL,Y,A,0,0,0,2,A,-,12,N,D,C,A,D,A,A,N,33.803251,-118.142788
20020105,250,6,RT 91,PARAMOUNT BL,N,A,3,0,1,2,A,-,3,F,C,C,A,H,C,D,N,33.876245,-118.162684
20020105,1806,6,BROADWAY,JUNIPERO AV,Y,A,0,0,0,2,A,-,9,N,D,C,A,H,C,A,N,33.766933,-118.165809
20020105,2225,6,RT 710,WARDLOW ST,N,A,0,0,0,2,A,-,3,N,B,A,A,H,C,D,N,33.818749,-118.130842
20020106,1700,7,SANTA FE AV,EAST PACIFIC COAST HWY,N,A,0,0,0,2,A,-,- ,M,B,C,A,H,C,A,Y,33.789800,-118.215409
20020106,1641,7,52ND ST,PACIFIC AV,Y,A,4,0,1,2,A,-,12,N,D,G,A,H,A,D,N,33.850434,-118.198070
20020106,1420,7,4TH ST,NEBRASKA,Y,A,0,0,0,3,A,-,7,N,B,E,A,H,A,D,N,33.771717,-118.173640
20020106,2231,7,7TH ST,CHERRY AV,Y,A,0,0,0,2,A,-,12,N,D,C,A,H,C,A,N,33.775344,-118.167669
20020106,829,7,WARDLOW,FALCON,Y,A,0,0,0,2,A,-,9,N,B,C,A,H,A,D,N,33.818914,-118.173061
20020106,1550,7,TOWN CENTER DR,CARSON ST,N,A,3,0,2,2,A,-,5,N,B,D,A,H,A,D,N,33.831299,-118.090034
20020106,1200,7,7TH ST,ROSWELL AV,Y,A,0,0,0,2,A,-,4,N,C,C,A,H,A,D,N,33.775334,-118.143708
20020106,1359,7,BELLFLOWER,PARKCREST,Y,A,2,0,1,2,A,-,9,N,D,C,A,H,A,A,N,33.830305,-118.125102
20020106,400,7,REDONDO AV,BURNETT ST,N,A,3,0,1,1,A,-,8,M,E,I,A,H,C,A,N,33.801446,-118.151367
20020106,1612,7,70TH ST,DOWNEY AV,Y,A,0,0,0,1,A,-,12,M,E,I,A,H,A,A,N,33.881985,-118.151318
20020106,1120,7,LONG BEACH BL,6TH ST,Y,A,3,0,1,2,A,-,12,N,D,G,A,H,A,-,N,33.774131,-118.189324
20020106,742,7,ATLANTIC AV,PLEASANT ST,Y,A,0,0,0,2,A,-,8,M,B,C,A,H,A,D,N,33.847141,-118.184867
20020106,2010,7,LONG BEACH BL,ELLIS ST,N,A,0,0,0,2,D,-,0,M,D,C,A,H,C,D,N,33.856735,-118.197467
20020107,1451,1,WARDLOW AV,MAGNOLIA AV,Y,A,4,0,2,3,A,-,9,N,D,C,A,H,A,A,N,33.818907,-118.198056
20020107,1841,1,PINE AV,32ND ST,N,A,0,0,0,2,A,-,5,N,D,E,A,H,C,D,N,33.815283,-118.176597
20020107,810,1,ORANGE AV,BIXBY RD,Y,A,0,0,0,2,A,-,12,N,D,C,A,H,A,A,N,33.826708,-118.176303
20020107,1143,1,BROADWAY,CHERRY,Y,A,4,0,2,2,A,-,9,N,D,C,A,H,A,A,N,33.767286,-118.167896
20020107,550,1,ATLANTIC AV,ANAHEIM ST,Y,A,0,0,0,2,A,-,9,M,D,C,A,H,B,A,N,33.782609,-118.185034
20020107,1530,1,RT 605,WARDLOW ST,N,A,0,0,0,2,A,-,3,N,C,C,A,H,A,D,N,33.818749,-118.130842
20020107,2040,1,JUNIPERO AV,15TH ST,-,A,0,0,0,2,A,-,8,M,C,E,A,H,C,D,N,33.786225,-118.163319
20020107,1725,1,PACIFIC AV,WARDLOW RD,N,A,0,0,0,2,A,-,3,N,C,C,A,H,C,D,N,33.819017,-118.193750
20020107,1846,1,BROADWAY,CHERRY AV,Y,A,4,0,1,2,A,-,9,N,D,C,A,H,C,A,N,33.767286,-118.167896
20020107,650,1,RT 405,WALNUT AV,N,A,0,0,0,2,A,-,3,N,C,C,A,H,A,D,N,33.811666,-118.171975
20020107,715,1,RT 710,WARDLOW ST,N,A,0,0,0,2,A,-,17,N,E,J,A,H,B,D,N,33.818749,-118.130842
20020107,130,1,CARROLL PARK,JUNIPERO,N,A,0,0,0,2,A,-,8,M,B,E,A,H,C,D,N,33.770421,-118.164766
20020107,947,1,20TH ST,CHESTNUT,Y,A,0,0,0,3,A,-,9,M,D,C,A,H,A,A,N,33.793485,-118.195894
20020107,1941,1,SOUTH ST,GARDENIA AV,Y,A,0,0,0,2,A,-,9,M,A,C,A,H,A,D,N,33.860087,-118.169593
20020107,900,1,ATLANTIC AV,9TH ST,Y,A,0,0,0,2,A,-,12,M,B,C,A,H,A,A,N,33.777771,-118.185046
20020107,926,1,4TH,LIME AV,N,A,0,0,0,1,A,-,3,M,E,I,A,H,A,A,N,33.771712,-118.183692
20020107,1737,1,PACIFIC COAST HWY,JUNIPERO,N,A,4,0,1,2,A,-,8,N,D,C,A,H,A,D,N,33.789856,-118.163304
20020108,1815,2,PARAMOUNT BL,N SOUTH ST,N,A,4,0,1,2,A,-,7,F,C,E,A,H,C,D,Y,33.860173,-118.159958
20020108,1912,2,7TH ST,FREEMAN AV,N,A,0,0,0,3,A,-,1,N,B,E,A,H,C,D,Y,33.775336,-118.155666
20020108,1413,2,4TH ST,GRAND AV,N,A,4,0,1,4,A,-,3,N,C,C,A,H,A,A,N,33.771713,-118.148080
20020108,1242,2,ANAHEIM ST,EUCLID AV,Y,A,4,0,1,2,A,-,3,N,C,C,A,H,A,D,N,33.782596,-118.149218
20020108,1320,2,RT 605,CARSON ST,N,A,0,0,0,3,A,-,7,N,B,C,A,H,A,D,N,33.832262,-118.135654
20020108,1952,2,6TH ST,DAISY AV,N,A,4,0,1,2,A,-,3,M,C,C,A,H,C,A,N,33.774131,-118.199383
20020108,1547,2,7TH ST,FREEMAN AV,-,A,3,0,1,2,A,-,11,N,G,B,A,H,A,D,N,33.775336,-118.155666
20020108,1234,2,ATLANTIC AV,52ND ST,N,A,0,0,0,3,A,-,9,N,C,C,A,H,A,A,N,33.850511,-118.184950
20020108,2352,2,PETEEESON AV,ANAHEIM ST,N,A,0,0,0,2,A,-,- ,N,B,C,A,H,C,D,N,33.782592,-118.173074
20020108,1750,2,EAST PACIFIC COAST HWY,E PACIFIC COAST HWY 1124,Y,A,0,0,0,2,A,-,3,M,C,C,A,H,C,D,N,33.789850,-118.192390
20020108,1643,2,PACIFIC COAST HWY,WALNUT AV,Y,A,0,0,0,2,A,-,3,M,C,C,A,H,A,A,N,33.789858,-118.171987
20020108,1749,2,EAST PACIFIC COAST HWY,GRAND AV,N,A,3,0,3,2,A,-,9,N,D,C,A,H,C,D,N,33.789852,-118.148062
20020108,834,2,ORANGE AV,67TH ST,Y,A,3,0,2,2,A,-,12,N,D,C,A,H,A,A,N,33.876409,-118.177385
20020108,1407,2,PACIFIC COAST HWY,MYRTLE AV,N,A,4,0,1,3,A,-,9,N,D,C,A,H,A,D,N,33.789855,-118.181778
20020108,1510,2,GRANADA,BROADWAY,N,A,0,0,0,2,D,-,0,N,D,C,A,H,A,D,N,33.764438,-118.133970
20020108,2230,2,RT 405,RT 710,N,A,0,0,0,1,A,-,8,N,E,I,A,H,C,D,N,46.462508,-95.646979
20020108,1910,2,RT 405,BELLFLOWER BL,N,A,0,0,0,3,A,-,3,N,C,C,A,H,D,D,N,33.769086,-118.120973
20020108,1950,2,RT 405,WILLOW ST,N,A,0,0,0,2,D,-,0,N,B,C,A,H,C,D,N,33.770050,-118.193739
20020108,1900,2,RT 710,RT 405,N,A,0,0,0,2,A,-,3,N,C,C,A,C,C,D,N,33.770050,-118.193739
20020108,1715,2,RT 710,WILLOW ST,N,A,0,0,0,2,A,-,7,N,B,C,A,H,D,D,N,33.770050,-118.193739
20020108,1030,2,LAKEWOOD BL,WILLOW,Y,A,4,0,1,3,A,-,12,N,D,C,A,H,A,A,N,33.803251,-118.142788
20020109,1912,3,MARTIN LUTHER KING,11TH ST,Y,A,4,0,1,2,-,-,- ,N,B,C,A,H,C,D,N,33.780786,-118.180671
20020109,830,3,OCEAN BL,ATLANTIC AV,Y,B,0,0,0,2,A,-,9,N,D,C,A,H,A,A,N,33.766295,-118.185056
20020109,1400,3,RT 710,WILLOW ST,Y,A,0,0,0,2,A,-,3,M,C,C,A,H,A,D,N,33.770050,-118.193739
20020109,1020,3,RT 710,UNION PACIFIC RAILROAD,N,A,0,0,0,2,C,-,18,N,B,C,A,H,A,D,N,33.914365,-117.253374
20020109,2006,3,SOUTH ST,PARAMOUNT BL,Y,A,4,0,2,2,A,-,12,N,D,C,A,H,C,A,N,33.860173,-118.159958
20020109,1530,3,OCEAN BL,LINDEN AV,Y,A,0,0,0,2,A,-,9,N,D,C,A,H,A,A,N,33.766599,-118.186376
20020109,1709,3,LONG BEACH BL,7TH ST,Y,A,3,0,1,1,A,-,8,N,D,F,A,H,C,A,N,33.775335,-118.189476
20020109,1030,3,SANTA FE AV,SUMMIT ST,Y,A,0,0,0,2,A,-,21,N,B,E,A,H,A,D,N,33.792586,-118.215526
20020109,745,3,CARSON ST,LONG BEACH TOWNE CTR,-,A,3,0,1,2,A,-,12,N,B,G,A,H,A,A,N,33.831299,-118.090034
20020109,859,3,WILLOW ST,REDONDO AV,N,A,4,0,1,2,A,-,3,N,C,C,A,H,A,D,N,33.804499,-118.151349
20020109,1650,3,RT 405,WILLOW ST,N,A,4,0,2,3,A,-,3,N,C,C,A,H,A,D,N,33.770050,-118.193739
20020109,1250,3,RT 405,CHERRY AV,N,A,0,0,0,2,C,-,18,N,E,J,A,H,A,D,N,33.823170,-118.167726
20020109,845,3,RT 710,ARTESIA BL,N,A,0,0,0,2,A,-,7,N,B,C,A,A,A,D,N,33.873075,-118.068043
20020109,1440,3,RT 405,RT 710,N,A,0,0,0,2,A,-,3,N,C,C,A,H,A,D,N,46.462508,-95.646979
20020109,1630,3,SANTA FE,21ST ST,Y,A,0,0,0,2,A,-,21,N,H,C,A,H,A,D,N,33.795293,-118.215515
20020109,1640,3,9TH ST,WALNUT,N,A,3,0,1,2,A,-,11,N,G,B,A,H,A,D,N,33.778074,-118.171992
20020109,1607,3,PACIFIC COAST HWY,CHERRY AV,N,A,0,0,0,2,A,-,8,N,D,C,A,H,A,D,N,33.789861,-118.167643
20020109,1150,3,RT 710,DEL AMO BL,N,A,0,0,0,2,A,-,3,N,C,C,A,H,A,D,N,33.847073,-118.130810
20020109,1840,3,SANTA FE,WARDLOW RD,N,A,4,0,4,2,A,-,3,N,C,C,A,H,C,D,N,33.824282,-118.215517
20020110,2010,4,BELLFLOWER BL,LOS COYOTES DIAGONAL,N,A,0,0,0,2,A,-,4,N,C,C,A,H,C,A,Y,33.802141,-118.125195
20020110,1940,4,MOLINO AV,7TH ST,N,A,0,0,0,2,A,-,21,M,D,E,A,H,C,D,N,33.775345,-118.161142
20020110,2100,4,WILLOW,LAKEWOOD,Y,A,0,0,0,2,D,-,0,N,D,C,A,D,C,A,N,33.803251,-118.142788
20020110,2321,4,ROOSEVELT RD,CHERRY AV,-,A,0,0,0,2,A,-,8,N,C,E,A,H,C,D,N,33.828931,-118.167723
20020110,1759,4,OCEAN BL,PINE AV,N,A,4,0,1,2,A,-,4,N,C,C,A,H,C,D,N,33.767096,-118.192407
20020110,954,4,RT 710,LONG BEACH BL,N,A,0,0,0,1,C,-,18,N,E,J,A,H,A,D,N,33.823693,-118.189369
20020110,1630,4,RT 710,RT 405,N,A,0,0,0,2,A,-,7,N,B,C,A,H,A,D,N,33.770050,-118.193739
20020110,1050,4,RT 405,SANTA FE AV,N,A,0,0,0,2,A,-,17,N,E,J,A,C,A,D,N,33.807295,-118.215507
20020110,840,4,RT 91,LONG BEACH BL,N,A,0,0,0,4,A,-,3,N,C,C,A,H,A,D,N,33.873156,-118.200648
20020110,1620,4,RT 405,STUDEBAKER RD,N,A,0,0,0,4,A,-,3,N,C,C,A,H,A,D,N,33.791446,-118.099621
20020110,1821,4,LOS ALAMITOS TRAFFIC CIR,PACIFIC COAST HWY,Y,A,0,0,0,2,A,-,8,N,D,C,A,H,C,D,N,33.789863,-118.166885
20020111,139,5,CARSON ST,WOODRUFF,N,A,0,0,0,1,A,-,3,N,F,I,A,H,C,D,Y,33.832203,-118.116545
20020111,1745,5,OCEAN BL,ALAMITOS,N,A,0,0,0,2,A,-,7,N,B,C,A,H,C,D,N,33.766221,-118.183133
20020111,1330,5,MAGNOLIA AV,7TH ST,Y,A,4,0,1,2,A,-,9,N,A,G,A,H,A,D,N,33.775332,-118.198040
20020111,2027,5,CARSON ST,CHERRY AV,N,A,0,0,0,2,A,-,3,M,B,C,A,H,C,D,N,33.832430,-118.167628
20020111,2105,5,ANAHEIM ST,WALNUT,N,A,4,0,2,2,A,-,3,N,C,C,A,H,C,A,N,33.782597,-118.171990