COLLISION_DATE,COLLISION_TIME,DAY_OF_WEEK,PRIMARY_RD,SECONDARY_RD,INTERSECTION,WEATHER_1,COLLISION_SEVERITY,NUMBER_KILLED,NUMBER_INJURED,PARTY_COUNT,PRIMARY_COLL_FACTOR,PCF_CODE_OF_VIOL,PCF_VIOL_CATEGORY,HIT_AND_RUN,TYPE_OF_COLLISION,MVIW,ROAD_SURFACE,ROAD_COND_1,LIGHTING,CONTROL_DEVICE,ALCOHOL_INVOLVED,LATITUDE,LONGITUDE
20020403,1912,3,LOS ALAMITOS CIR,LAKEWOOD BL,Y,A,3,0,1,2,A,-,7,N,F,C,A,H,C,D,N,33.797937,-118.142620
20020403,1220,3,LONG BEACH BL,LOUISE ST,Y,A,0,0,0,2,A,-,9,M,-,C,A,H,A,A,N,33.855084,-118.196971
20020403,1645,3,ORANGE AV,MARSHALL PL,N,A,0,0,0,2,A,-,5,N,B,E,A,H,A,D,N,33.831408,-118.176294
20020403,700,3,RT 405,PALO VERDE AV,N,A,0,0,0,2,A,-,3,N,C,C,A,H,A,D,N,33.805010,-118.107912
20020404,1405,4,LONG BEACH BL,NEVADA ST,N,A,0,0,0,2,A,-,3,N,C,C,A,H,A,D,Y,33.801651,-118.189466
20020404,1719,4,PACIFIC PL,WARDLOW RD,N,A,2,0,1,1,D,-,0,N,E,I,A,H,A,D,Y,33.819044,-118.195946
20020404,750,4,RT 405,LONG BEACH BL,N,B,0,0,0,1,C,-,18,N,E,J,A,H,A,D,N,33.823693,-118.189369
20020404,1754,4,WARDLOW RD,PACIFIC PL,N,A,4,0,1,2,A,-,3,N,C,E,A,H,A,D,N,33.819044,-118.195946
20020404,2149,4,DEL AMO BL,VIRGINIA RD,Y,A,0,0,0,2,A,-,9,N,D,C,A,H,C,D,N,33.846587,-118.196976
20020404,1338,4,RT 710,RT 91,N,A,0,0,0,4,A,-,3,N,C,C,A,H,A,D,N,33.770050,-118.193739
20020404,710,4,RT 710,RT 405,N,A,4,0,1,2,A,-,3,N,C,C,A,H,A,D,N,33.770050,-118.193739
20020404,835,4,RT 710,ATLANTIC AV,N,A,0,0,0,2,A,-,3,N,C,C,A,H,A,D,N,39.576654,-74.226897
20020404,207,4,6TH ST,DAISY AV,N,C,0,0,0,3,A,-,7,N,C,C,B,H,C,A,N,33.774131,-118.199383
20020404,1355,4,PACIFIC COAST HWY,HARBOR AV,N,B,0,0,0,2,D,-,0,N,B,C,A,H,A,D,N,33.789825,-118.210498
20020404,1834,4,DEL AMO BL,LEMON AV,Y,A,0,0,0,2,A,-,2,N,C,C,A,H,C,D,N,33.846913,-118.179688
20020404,1205,4,WILLOW ST,PACIFIC AV,Y,A,4,0,1,2,A,-,3,N,C,C,A,H,A,A,N,33.804440,-118.193717
20020404,1630,4,OCEAN,PINE,Y,A,4,0,1,2,A,-,9,N,D,C,A,H,A,A,N,33.767096,-118.192407
20020404,1745,4,GOLDEN SHORE ST,OCEAN BL,Y,A,0,0,0,3,A,-,12,N,B,C,A,H,A,A,N,33.767388,-118.201820
20020404,608,4,LIME,4TH ST,N,A,0,0,0,2,A,-,7,M,B,E,A,H,A,D,N,33.771712,-118.183692
20020404,1640,4,PACIFIC COAST HWY,GOLDEN,Y,A,0,0,0,2,A,-,12,N,D,C,A,H,A,A,N,33.789877,-118.202430
20020404,1345,4,ANAHEIM,ATLANTIC AV,Y,A,0,0,0,2,D,-,0,N,C,C,A,H,A,A,N,33.782609,-118.185034
20020404,521,4,PACIFIC COAST HWY,HARBOR AV,N,B,0,0,0,2,D,-,0,M,B,C,A,H,A,D,N,33.789825,-118.210498
20020404,1426,4,PACIFIC COAST HWY,HAYES ST,Y,B,0,0,0,2,A,-,9,N,D,C,A,H,A,A,N,33.789906,-118.218718
20020404,2210,4,STEARNS,PALO VERDE,N,A,0,0,0,2,A,-,21,N,H,C,A,H,C,D,N,33.795428,-118.107917
20020404,1524,4,10TH ST,DAWSON,Y,A,0,0,0,2,D,-,0,N,D,C,A,H,A,A,N,33.778972,-118.165489
20020404,1211,4,RT 710,ARTESIA BL,N,B,3,0,3,3,A,-,8,N,B,C,A,H,A,D,N,33.873075,-118.068043
20020404,1100,4,PACIFIC COAST HWY,BELLFLOWER BL,Y,A,2,0,2,2,A,-,9,N,A,C,A,H,A,A,N,33.774031,-118.121077
20020405,2139,5,ARTESIA,PARAMOUNT,Y,A,3,0,2,2,A,-,- ,N,C,C,A,H,C,A,Y,33.874619,-118.159983
20020405,600,5,APPLETON ST,ESPERANZA AV,Y,A,0,0,0,2,A,-,12,M,D,C,A,H,A,D,Y,33.768819,-118.174956
20020405,1826,5,GAVIOTA AV,8TH ST,Y,A,0,0,0,2,A,-,3,N,B,E,A,H,C,D,Y,33.777160,-118.170905
20020405,750,5,RT 710,DEL AMO BL,N,B,0,0,0,4,A,-,3,M,C,C,A,H,A,D,N,33.847073,-118.130810
20020405,7,5,GAVIOTA AV,17TH ST,Y,B,0,0,0,5,D,-,0,M,B,C,A,H,C,D,N,33.788026,-118.170911
20020405,851,5,4TH ST,BONITO AV,Y,A,4,0,1,2,A,-,12,F,G,B,A,H,A,A,N,33.771718,-118.179902
20020405,1530,5,RT 710,ATLANTIC AV,N,A,0,0,0,1,C,-,18,N,E,J,A,H,A,D,N,39.576654,-74.226897
20020405,1930,5,RT 405,LAKEWOOD BL,N,A,0,0,0,3,A,-,3,M,C,C,C,A,A,D,N,33.843075,-118.142426
20020405,919,5,BROADWAY BL,LONG BEACH BL,Y,A,0,0,0,2,A,-,12,N,B,C,-,-,-,A,N,33.769277,-118.189493
20020405,1533,5,ANAHEIM RD,BRYANT AV,N,A,1,1,0,2,D,-,0,N,C,E,A,H,A,D,N,33.779993,-118.124453
20020405,1830,5,9TH ST,ANAHEIM ST,N,B,0,0,0,2,A,-,3,N,-,-,A,H,B,A,N,33.777762,-118.189287
20020405,1819,5,PACIFIC COAST HWY,WALNUT AV,N,A,4,0,1,2,A,-,8,N,B,C,A,H,C,A,N,33.789858,-118.171987
20020405,1205,5,CHERRY AV,SOUTH ST,N,B,0,0,0,2,A,-,3,N,C,C,A,H,A,A,N,33.860106,-118.168614
20020405,1600,5,RT 405,CARSON ST,N,A,0,0,0,1,A,-,3,N,E,I,A,H,A,D,N,33.832262,-118.135654
20020405,1225,5,RT 710,WILLOW ST,N,A,4,0,1,1,A,-,8,N,E,I,A,H,A,D,N,33.770050,-118.193739
20020405,1425,5,RT 91,RT 710,N,B,3,0,2,4,A,-,3,N,C,C,A,H,A,D,N,32.932282,-80.411644
20020405,1710,5,RT 710,WARDLOW RD,N,A,0,0,0,2,A,-,3,N,C,C,A,H,A,D,N,33.818749,-118.130842
20020405,730,5,RT 710,WILLOW ST,N,B,0,0,0,3,A,-,3,N,C,C,A,H,A,D,N,33.770050,-118.193739
20020405,1045,5,RT 91,CHERRY AV,N,B,0,0,0,2,D,-,0,N,B,C,A,H,A,D,N,33.876334,-118.167205
20020405,921,5,ANAHEIM ST,LOMA AV,Y,B,0,0,0,2,A,-,9,N,D,C,A,H,A,D,N,33.782598,-118.150236
20020405,1430,5,OCEAN BL,GOLDEN AV,-,A,0,0,0,2,A,-,9,N,D,C,A,H,A,A,N,33.767388,-118.201820
20020405,1724,5,7TH ST,WASHINGTON PL,N,A,0,0,0,2,A,-,7,M,B,C,A,H,A,D,N,33.775360,-118.181310
20020405,1340,5,LOCUST AV,ANAHEIM RD,Y,A,4,0,1,2,A,-,12,F,G,B,A,H,A,D,N,33.782595,-118.191495
20020405,1644,5,21ST ST,LIME,-,A,0,0,0,2,-,-,- ,N,B,E,A,H,A,D,N,33.795304,-118.183935
20020405,930,5,FEDERATION DR,7TH ST,N,B,0,0,0,2,A,-,21,N,C,E,A,H,A,D,N,33.775326,-118.134723
20020405,1436,5,ORANGE AV,HELLMAN ST,Y,A,4,0,1,2,-,-,- ,N,G,B,A,H,A,A,N,33.776705,-118.176340
20020405,1715,5,CHESTNUT,ANAHEIM,N,A,4,0,1,2,D,-,0,N,G,B,A,H,A,D,N,33.782606,-118.196366
20020406,150,6,RT 710,RT 405,N,B,0,0,0,1,A,-,1,N,E,I,B,H,C,D,Y,33.770050,-118.193739
20020406,2239,6,PARAMOUNT,COVER,N,A,0,0,0,1,A,-,1,N,B,I,A,G,C,D,Y,33.827637,-118.155823
20020406,2340,6,OCEAN BL,6TH PL,Y,A,0,0,0,2,A,-,4,N,C,C,A,H,C,D,Y,33.765605,-118.176939
20020406,151,6,RT 405,RT 710,N,A,2,0,9,4,A,-,3,N,D,C,A,H,C,D,Y,46.462508,-95.646979
20020406,1145,6,RT 710,WARDLOW AV,N,A,0,0,0,1,A,-,3,N,E,I,A,H,A,D,N,33.818749,-118.130842
20020406,1432,6,CHERRY,4TH ST,Y,A,0,0,0,2,-,-,- ,N,B,C,A,H,A,D,N,33.771715,-118.167682
20020406,1948,6,BANNER DR,45TH ST,N,A,4,0,1,4,A,-,3,F,B,C,A,H,C,A,N,33.840470,-118.174838
20020406,2112,6,WARDLOW RD,MARBER,N,A,0,0,0,2,A,-,7,N,C,E,A,H,C,D,N,33.818756,-118.124182
20020406,1800,6,29TH ST,LIGHTPOLE KB1168,-,A,3,0,1,2,A,-,5,N,D,G,A,H,A,D,N,33.770050,-118.193739
20020406,1127,6,LAKEWOOD BL,WILLOW ST,Y,B,4,0,1,2,A,-,8,N,D,C,A,H,A,A,N,33.803251,-118.142788
20020406,1945,6,WESTMINSTER AV,PACIFIC COAST HWY,N,A,0,0,0,2,C,-,18,M,B,C,A,H,A,D,N,33.758149,-118.111272
20020406,844,6,SANTA FE,SPRING,N,A,0,0,0,2,A,-,9,N,C,C,A,H,A,A,N,33.811678,-118.215522
20020406,851,6,23RD,CHESTNUT,N,A,0,0,0,2,A,-,8,M,B,C,A,H,A,A,N,33.798937,-118.195883
20020406,1640,6,RT 710,RT 91,N,A,0,0,0,1,A,-,3,N,E,I,A,H,A,D,N,33.770050,-118.193739
20020406,446,6,RT 710,DEL AMO BL,N,B,0,0,0,6,A,-,3,M,C,C,B,D,D,D,N,33.847073,-118.130810
20020406,445,6,RT 710,DEL AMO BL,N,B,4,0,1,2,A,-,8,N,E,I,B,D,D,D,N,33.847073,-118.130810
20020406,450,6,RT 710,DEL AMO BL,N,A,3,0,1,2,A,-,8,N,E,I,A,H,D,D,N,33.847073,-118.130810
20020406,152,6,RT 405,RT 710,N,C,0,0,0,3,A,-,3,N,D,C,B,H,C,D,N,46.462508,-95.646979
20020406,1745,6,8RD ST,LINDEN AV,N,A,0,0,0,2,A,-,21,N,B,C,A,H,A,D,N,33.776563,-118.186353
20020406,1219,6,LAKEWOOD BL,S DEL AMO,N,A,0,0,0,2,A,-,3,N,C,C,A,H,A,A,N,33.847052,-118.142585
20020406,1349,6,ATLANTIC AV,BURNETT ST,Y,B,4,0,1,2,A,-,12,F,D,C,A,H,A,A,N,33.800746,-118.185019
20020406,702,6,LONG BEACH BL,29TH ST,N,A,0,0,0,3,E,-,24,N,C,E,A,H,A,A,N,39.581608,-74.227318
20020406,517,6,LINDEN AV,14TH ST,N,B,0,0,0,4,A,-,7,M,A,C,B,H,B,D,N,33.783801,-118.186708
20020406,1223,6,DAISY AV,4TH ST,N,A,4,0,1,3,A,-,21,N,D,E,A,H,A,D,N,33.771699,-118.199389
20020406,115,6,10TH ST,GAVIOTA AV,Y,C,0,0,0,2,A,-,9,N,D,C,B,H,E,A,N,33.778972,-118.170906
20020406,1847,6,BELLFLOWER BL,27TH ST,Y,A,0,0,0,2,A,-,12,N,D,C,A,H,A,A,N,33.805059,-118.125192
20020407,1827,7,CHESTNUT,HILL ST,N,A,0,0,0,3,A,-,1,N,B,E,A,H,A,A,Y,33.797119,-118.195884
20020407,2317,7,PACIFIC AV,BURNETT ST,N,A,0,0,0,5,A,-,1,N,C,C,-,H,C,D,Y,33.800751,-118.193777
20020407,2300,7,LOS ARCOS ST,JUELTA GRANDE,N,A,0,0,0,2,A,-,1,N,E,J,A,H,C,D,Y,33.799631,-118.103144
20020407,1427,7,ELM AV,23RD ST,N,A,0,0,0,4,A,-,7,N,C,C,A,H,A,D,Y,33.798928,-118.188229
20020407,13,7,PARAMOUNT BL,SOUTH ST,-,A,0,0,0,3,A,-,3,N,C,C,A,H,C,A,Y,33.860173,-118.159958
20020407,2226,7,ELM,SOUTH ST,N,A,0,0,0,2,-,-,- ,N,C,E,A,H,C,D,N,33.860052,-118.188408
20020407,1954,7,7TH ST,W CHANNEL DR,-,A,0,0,0,4,A,-,3,N,C,C,A,H,C,A,N,33.775220,-118.119009
20020407,1700,7,REDONDO AV,ANAHEIM ST,Y,A,4,0,2,3,A,-,12,N,D,C,A,H,A,A,N,33.782602,-118.152411
20020407,1330,7,STUDEBAKER RD,LOYNES DR,N,A,4,0,2,2,A,-,3,N,C,C,A,H,A,A,N,33.766947,-118.103100
20020407,1427,7,STEARNS ST,STANBRIDGE AV,Y,A,4,0,2,2,A,-,9,N,D,C,A,H,A,D,N,33.796030,-118.129555
20020407,55,7,CHESTNUT AV,PACIFIC COAST HWY,N,A,0,0,0,2,A,-,21,N,D,E,A,H,C,D,N,33.789861,-118.196387
20020407,1650,7,20TH ST,LONG BEACH BL,N,A,0,,,2,A,-,8,M,B,E,A,H,A,D,N,33.793480,-118.189263
20020407,1255,7,SPRING ST,W LAKEWOOD,N,A,0,0,0,1,-,-,- ,N,E,I,A,H,A,D,N,33.812739,-118.139096
20020408,1445,1,SANTA FE AV,COLUMBIA,Y,A,0,0,0,2,-,-,- ,M,B,C,A,H,A,A,Y,33.809141,-118.215517
20020408,100,1,10TH ST,LOCUST AV,N,A,0,0,0,1,-,-,- ,M,E,I,A,H,C,A,N,33.778973,-118.191091
20020408,810,1,RT 710,SUSANA RD,N,A,0,0,0,2,A,-,7,N,B,C,A,H,A,A,N,33.862996,-118.204122
20020408,646,1,WARDLOW,W SANTA FE,-,A,0,0,0,2,A,-,9,N,D,C,A,H,A,A,N,33.824282,-118.215517
20020408,1125,1,RT 710,3RD ST,-,B,0,0,0,2,A,-,7,N,B,C,A,H,A,D,N,33.768076,-118.161666
20020408,1227,1,STUDEBAKER RD,LOYNES DR,-,A,3,0,3,2,A,-,7,N,D,C,A,H,A,A,N,33.766947,-118.103100
20020408,1043,1,WALNUT,56TH,Y,B,4,0,1,2,A,-,9,N,D,C,A,H,A,A,N,33.857648,-118.173474
20020408,1517,1,THE TOLEDO,2ND ST,N,A,0,0,0,2,C,-,18,N,H,E,A,H,A,A,N,33.758368,-118.130265
20020408,1405,1,WARDLOW RD,MAGNOLIA AV,Y,A,4,0,4,2,A,-,9,N,D,C,A,H,A,A,N,33.818907,-118.198056
20020408,1948,1,NEWPORT AV,PCH,N,A,0,0,0,2,A,-,21,N,D,E,B,H,C,D,N,33.789844,-118.151299
20020408,725,1,RT 405,WOODRUFF AV,N,A,0,0,0,2,A,-,3,N,C,C,A,H,A,D,N,33.813146,-118.115196
20020408,1450,1,W OCEAN BLVD,RT 47,N,A,0,0,0,2,A,-,7,M,B,C,A,D,A,D,N,33.767207,-118.207771
20020408,1215,1,RT 91,LONG BEACH BL,N,A,0,0,0,1,C,-,18,N,E,J,A,H,A,D,N,33.873156,-118.200648
20020408,1140,1,RT 710,ATLANTIC BL,N,B,3,0,1,1,D,-,0,N,E,I,A,H,A,D,N,40.589527,-73.744950
20020408,1710,1,ORANGE,36TH ST,Y,A,0,0,0,2,A,-,10,N,G,B,A,H,A,D,N,33.822143,-118.176318
20020408,1437,1,CEDAR AV,23RD ST,N,B,4,0,2,2,A,-,9,N,B,C,A,H,A,D,N,33.798936,-118.194796
20020408,1437,1,16TH ST,MAGNOLIA,N,-,0,0,0,1,A,-,8,N,E,I,A,H,A,A,N,33.786871,-118.198101
20020408,750,1,PACIFIC COAST HWY,OUTER TRAFFIC CIR,Y,A,0,0,0,2,A,-,9,N,D,C,A,H,A,D,N,33.788902,-118.140964
20020409,1545,2,PACIFIC COAST HWY,ROSE AV,Y,A,0,0,0,4,A,-,3,N,C,C,A,H,A,D,N,33.789858,-118.169818
20020409,1513,2,PACIFIC COAST HWY,FREEMAN AV,Y,-,0,0,0,2,A,-,9,N,D,C,A,H,A,D,N,33.789856,-118.155647
20020409,845,2,RT 405,WALNUT AV,N,A,0,0,0,1,A,-,8,N,E,I,A,H,A,D,N,33.811666,-118.171975
20020409,2114,2,BAYSHORE,DIVISION,N,A,0,0,0,2,C,-,18,N,C,C,A,H,C,D,N,33.756412,-118.131378
20020409,1535,2,6TH ST,PACIFIC AV,Y,A,0,0,0,4,A,-,12,N,B,C,A,H,A,A,N,33.774115,-118.193806
20020409,1913,2,LONG BEACH BL,SAN ANTONIO,Y,A,4,0,1,2,-,-,- ,N,D,C,A,H,-,A,N,33.834559,-118.189375
20020409,1522,2,MARTIN LUTHER KING BL,11TH ST,N,-,0,0,0,2,A,-,21,N,B,C,A,H,A,A,N,33.780786,-118.180671
20020409,1824,2,ATHERTON ST,MERRIAM WY,N,A,0,0,0,2,A,-,3,N,C,C,A,H,A,D,N,33.788775,-118.116135
20020409,1203,2,WILLOW ST,ELM AV,Y,A,0,0,0,2,A,-,9,N,D,C,A,H,A,D,N,33.804457,-118.188219
20020409,1645,2,LONG BEACH BL,WARDLOW RD,Y,A,3,0,1,3,A,-,15,N,D,C,A,H,A,A,N,33.818979,-118.189257
20020409,2150,2,ORANGE,CERRITOS,Y,A,0,0,0,2,A,-,4,N,C,C,A,H,C,D,N,33.843090,-118.176455
20020409,730,2,CHERRY AV,4TH ST,N,A,4,0,1,2,A,-,- ,N,G,B,A,H,A,A,N,33.771715,-118.167682
20020409,1335,2,ATLANTIC PL,70TH ST,-,A,0,0,0,2,A,-,21,M,H,C,A,H,A,D,N,33.881802,-118.185884
20020409,1800,2,LINDEN AV,N 59TH,-,A,4,0,1,2,A,-,- ,N,A,B,A,H,A,D,N,33.861872,-118.185998
20020409,1949,2,PARAMOUNT,ARTESIA,N,A,0,0,0,2,A,-,4,N,C,C,A,H,A,D,N,33.874619,-118.159983
20020409,1524,2,PACIFIC COAST HWY,CORONADO ST,Y,A,0,0,0,2,A,-,- ,N,D,C,A,H,A,D,N,33.789864,-118.152981
20020409,1600,2,PACIFIC COAST HWY,LEMON AV,N,A,3,0,1,2,A,-,7,N,D,C,A,H,A,D,N,33.789858,-118.178418
20020409,2025,2,ARTESIA,ORANGE,Y,A,0,0,0,2,A,-,12,N,D,C,D,H,C,A,N,33.874675,-118.177374
20020409,2025,2,DELTA,WARDLOW,N,A,0,0,0,2,A,-,3,M,D,E,A,H,C,D,N,33.823710,-118.211042
20020409,1630,2,PACIFIC COAST HWY,ROSE AV,Y,A,0,0,0,2,A,-,4,N,C,C,A,H,A,A,N,33.789858,-118.169818
20020409,1925,2,LOMA AV,14TH ST,-,A,0,0,0,2,-,-,- ,N,C,C,A,H,C,D,N,33.784861,-118.150237
20020409,1315,2,RT 605,SPRING ST,N,A,0,0,0,1,A,-,3,N,E,I,A,H,A,D,N,33.810673,-118.134847
20020409,645,2,RT 605,KATELLA AV,N,B,3,0,1,2,A,-,8,N,B,C,A,H,A,D,N,33.803096,-118.082814
20020409,1228,2,GOLDEN SHORE ST,OCEAN BL,Y,B,4,0,3,2,A,-,12,N,D,C,A,H,A,A,N,33.767388,-118.201820
20020409,1250,2,WILLOW,WOODRUFF,N,A,0,0,0,3,A,-,3,N,C,C,A,H,A,A,N,33.803312,-118.114536
20020409,1435,2,ANAHEIM,ATLANTIC,Y,A,0,0,0,2,A,-,9,M,D,C,A,H,A,A,N,33.782609,-118.185034
20020409,1650,2,E 10TH,E 10TH 2029,-,A,0,,0,2,B,-,22,M,H,C,A,H,A,D,N,33.778968,-118.192391
20020410,2139,3,ATLANTIC AV,37TH ST,Y,A,4,0,2,2,A,-,9,N,D,C,A,H,C,A,Y,33.824222,-118.185072
20020410,1920,3,ATLANTIC AV,68TH ST,Y,A,3,0,1,2,A,-,9,N,D,C,A,H,C,A,Y,33.878192,-118.186109
20020410,1558,3,PACIFIC COAST HWY,ALAMITOS AV,Y,A,0,0,0,1,A,-,1,N,E,I,A,H,A,A,Y,33.789852,-118.189507
20020410,1115,3,BROADWAY AV,CHERRY AV,Y,A,0,0,0,4,A,-,8,M,D,C,A,H,A,D,Y,33.767286,-118.167896
20020410,1633,3,LAKEWOOD BL,OUTER TRAFFIC CIR,Y,B,4,0,1,2,A,-,9,N,D,C,A,H,A,A,N,33.791542,-118.142661
20020410,905,3,RT 405,TEMPLE AV,N,A,0,0,0,3,A,-,7,M,C,C,A,H,A,D,N,34.145957,-118.417898
20020410,1951,3,15TH ST,CHESTNUT,N,A,0,0,0,2,A,-,9,N,D,G,A,H,B,D,N,33.786231,-118.196352
20020410,1530,3,LOS ALAMITOS CIR,LOS COYOTES DIAGONAL,N,A,0,0,0,2,A,-,8,N,B,C,A,H,A,D,N,33.825073,-118.103874
20020410,1745,3,ROSWELL,4 ST,N,A,0,0,0,2,A,-,8,N,B,C,A,H,A,A,N,33.771711,-118.143733
20020410,1613,3,ATLANTIC AV,35TH ST,N,A,0,0,0,2,A,-,3,N,C,C,A,H,A,D,N,33.820077,-118.185013
20020410,1650,3,ATLANTIC AV,36TH ST,Y,A,4,0,1,2,A,-,9,N,D,C,A,H,A,A,N,33.822148,-118.185018
20020410,2251,3,BROADWAY,MAGNOLIA,Y,A,4,0,1,2,A,-,4,N,C,C,A,H,C,A,N,33.986332,-118.050298
20020410,1700,3,PACIFIC COAST HWY,7TH ST,N,A,0,0,0,2,A,-,21,N,C,E,A,H,-,D,N,33.775387,-118.122914
20020410,1605,3,ANAHEIM ST,TEMPLE AV,Y,A,0,0,0,2,A,-,21,M,H,C,A,H,A,A,N,33.782597,-118.158947
20020410,1808,3,LAVERNA AV,2ND ST,N,A,0,0,0,2,A,-,- ,N,B,C,A,H,A,D,N,34.099236,-117.769476
20020410,1531,3,CENTRALIA,CHARLEMAGNE,N,A,0,0,0,2,A,-,0,M,B,C,A,H,A,D,N,33.839577,-118.130519
20020410,1746,3,7TH ST,FREEMAN AV,N,A,3,0,1,4,A,-,- ,N,C,E,A,H,A,D,N,33.775336,-118.155666
20020410,2349,3,ORANGE AV,MARKET ST,N,A,0,0,0,2,A,-,8,N,D,C,-,H,C,D,N,33.854348,-118.177250
20020410,743,3,SPRING ST,TEMPLE AV,Y,A,4,0,1,2,-,-,- ,N,D,C,A,H,A,A,N,33.811571,-118.158856
20020410,1712,3,WOODRUFF AV,SPRING ST,Y,A,0,0,0,2,A,-,9,N,D,C,A,H,A,A,N,33.810576,-118.114478
20020410,1754,3,LONG BEACH BL,19TH ST,Y,A,0,0,0,2,A,-,9,N,C,F,A,H,A,A,N,33.791670,-118.189485
20020410,1530,3,ANAHEIM ST,SANTA FE AV,N,A,0,0,0,2,A,-,8,N,B,C,A,H,A,A,N,33.782806,-118.215490
20020410,1831,3,CHERRY AV,PACIFIC COAST HWY,Y,A,0,0,0,2,A,-,9,N,D,C,A,H,A,B,N,33.789861,-118.167643
20020410,1600,3,RT 91,CHERRY AV,N,A,0,0,0,3,A,-,3,N,C,C,A,H,A,D,N,33.876334,-118.167205
20020410,733,3,WARDLOW RD,CHERRY AV,N,A,0,0,0,3,A,-,3,F,C,C,-,H,A,D,N,33.818920,-118.167686
20020410,1217,3,19TH ST,LONG BEACH BL,N,A,0,0,0,1,A,-,21,N,E,I,A,H,A,D,N,33.791670,-118.189485
20020410,830,3,RT 710,UNION PACIFIC RR,N,A,0,0,0,2,A,-,3,N,C,C,A,H,A,D,N,33.770050,-118.193739
20020410,1140,3,CHERRY AV,PACIFIC COAST HWY,N,A,0,0,0,2,A,-,8,N,B,C,A,H,A,D,N,33.789861,-118.167643
20020410,1900,3,EAST PINE AV,9TH ST,N,A,0,0,0,1,A,-,8,N,E,I,A,A,B,D,N,33.777760,-118.192396
20020410,222,3,7TH ST,JUNIPERO AV,N,A,0,0,0,2,-,-,- ,M,B,C,A,H,C,D,N,33.775345,-118.163313
20020411,446,4,PINE AV,BIXBY RD,N,A,0,0,0,2,A,-,1,N,B,E,A,G,C,A,Y,33.826713,-118.193179
20020411,400,4,ATHERTON ST,BRITTON DR,N,B,0,0,0,1,A,-,17,N,E,I,A,H,C,A,Y,33.788778,-118.119237
20020411,37,4,PACIFIC COAST HWY,ANAHEIM ST,N,A,0,0,0,4,A,-,7,N,B,C,A,H,C,D,Y,33.782723,-118.132815
20020411,1649,4,CLARK AV,ARBOR RD,N,A,0,0,0,2,A,-,3,N,C,C,A,H,A,A,N,33.843048,-118.133800
20020411,1730,4,3RD ST,BONITO AV,Y,A,0,0,0,2,A,-,9,N,D,C,A,H,A,A,N,33.770605,-118.180108
20020411,1130,4,CEDAR AV,27TH ST,Y,A,0,0,0,3,A,-,9,N,D,C,A,H,A,A,N,33.806193,-118.194794
20020411,1129,4,GALE AV,20TH ST,N,B,0,0,0,2,A,-,8,N,C,E,A,H,A,D,N,33.793483,-118.207846
20020411,2029,4,JUNIPERO AV,ANAHEIM ST,N,A,0,0,0,2,A,-,8,N,C,E,C,H,A,A,N,33.782610,-118.163308
20020411,202,4,OLYMPIC PL,TERMINO AV,N,A,0,0,0,2,A,-,21,N,C,E,C,H,A,D,N,33.758964,-118.146167
20020411,1905,4,PARAMOUNT BL,SOUTH ST,N,A,0,0,0,2,D,-,0,F,B,E,A,H,C,D,N,33.860173,-118.159958
20020411,1400,4,MAGNOLIA,OCEAN BL,N,A,0,0,0,2,A,-,8,M,B,C,A,H,A,A,N,33.767374,-118.197984
20020411,1226,4,2ND ST,LA VERNE AV,N,A,0,0,0,2,A,-,- ,N,B,C,A,H,A,A,N,33.759545,-118.133314
20020411,1941,4,PALO VERDE AV,ATHERTON,N,A,0,0,0,2,A,-,3,N,A,C,A,H,A,D,N,33.788755,-118.107954
20020411,823,4,CALIFORNIA,65TH ST,N,B,0,0,0,2,A,-,21,N,B,C,A,H,A,D,N,33.872770,-118.181101
20020411,1850,4,OBISPO AV,S PCH,N,A,0,0,0,2,A,-,9,M,D,C,A,H,A,D,N,33.789856,-118.154575
20020411,1630,4,RT 405,ORANGE AV,N,A,0,0,0,2,A,-,3,M,C,C,A,H,A,D,N,33.825422,-118.176316
20020411,1330,4,RT 710,WARDLOW RD,N,A,0,0,0,2,A,-,8,N,B,C,A,H,A,D,N,33.818749,-118.130842
20020411,900,4,RT 710,COMPTON CRK,N,A,0,0,0,2,A,-,7,N,B,C,A,H,A,D,N,33.770050,-118.193739
20020411,1735,4,RT 91,PARAMOUNT BL,N,A,0,0,0,1,C,-,18,N,E,J,A,H,A,D,N,33.876245,-118.162684
20020412,2025,5,ANAHEIM ST,LINDEN AV,N,A,2,0,1,2,A,-,11,N,G,B,A,H,C,D,Y,33.782601,-118.186705
20020412,121,5,PACIFIC COAST HWY,ALAMITOS AV,N,A,0,0,0,1,A,-,3,N,E,I,A,H,C,A,Y,33.789852,-118.189507
20020412,2130,5,BELLFLOWER,CARSON,N,A,0,0,0,2,A,-,6,M,B,-,A,H,C,D,Y,33.832358,-118.125209
20020412,930,5,PACIFIC AV,16TH ST,Y,A,0,0,0,2,A,-,9,N,D,C,A,H,A,A,Y,46.362740,-124.053898
20020412,2030,5,PACIFIC COAST HWY,ORANGE AV,Y,A,0,0,0,2,A,-,3,M,C,C,A,H,B,A,N,33.789854,-118.176289
20020412,1545,5,RT 710,RT 405,N,A,0,0,0,2,A,-,3,N,C,C,A,H,A,D,N,33.770050,-118.193739
20020412,1235,5,OCEAN AV,54TH PL,N,B,4,0,1,2,A,-,8,N,D,C,A,H,A,A,N,33.753560,-118.132310
20020412,1700,5,PARAMOUNT BL,55TH WY,N,A,4,0,1,2,A,-,21,N,C,C,A,H,A,D,N,33.856988,-118.159837