COLLISION_DATE,COLLISION_TIME,DAY_OF_WEEK,PRIMARY_RD,SECONDARY_RD,INTERSECTION,WEATHER_1,COLLISION_SEVERITY,NUMBER_KILLED,NUMBER_INJURED,PARTY_COUNT,PRIMARY_COLL_FACTOR,PCF_CODE_OF_VIOL,PCF_VIOL_CATEGORY,HIT_AND_RUN,TYPE_OF_COLLISION,MVIW,ROAD_SURFACE,ROAD_COND_1,LIGHTING,CONTROL_DEVICE,ALCOHOL_INVOLVED,LATITUDE,LONGITUDE
20020707,40,7,PLYMOUTH ST,CEDAR,N,A,0,0,0,3,A,-,7,M,A,C,A,H,C,D,N,33.853291,-118.193678
20020707,1636,7,PACIFIC COAST HWY,LONG BEACH BL,N,A,0,0,0,2,A,-,9,N,D,A,A,H,A,D,N,33.789852,-118.189507
20020707,1314,7,VIA ORO AV,CARSON ST,N,A,0,0,0,1,-,-,- ,N,A,I,A,H,A,A,N,33.831742,-118.212544
20020707,2120,7,7TH ST,OLIVE AV,N,A,0,0,0,2,A,-,8,N,D,C,A,H,C,D,N,33.775358,-118.182398
20020707,420,7,RT 710,6TH ST,N,A,0,0,0,1,A,-,7,N,E,I,A,H,C,-,N,33.773517,-118.149691
20020707,1330,7,STUDEBAKER RD,WILLOW ST,N,A,4,0,2,2,A,-,3,N,C,C,A,H,A,A,N,33.803249,-118.099274
20020707,1554,7,PALO VERDE AV,PAGEANTRY ST,N,A,3,0,2,3,A,-,7,N,C,-,A,H,A,D,N,33.812110,-118.107862
20020707,840,7,LONG BEACH BL,EAST 7TH ST,Y,A,0,0,0,1,A,-,8,N,B,F,A,H,A,A,N,33.775335,-118.189476
20020707,2035,7,PACIFIC AV,4TH ST,-,A,3,0,1,1,A,-,12,N,E,I,A,H,C,A,N,33.771710,-118.193649
20020707,1530,7,ANAHEIM ST,NEWPORT AV,Y,A,4,0,2,2,A,-,9,N,B,C,A,H,A,A,N,33.782610,-118.151326
20020707,2145,7,W 5TH ST,W 5TH ST 319,-,A,0,0,0,2,A,-,3,M,C,E,A,H,C,D,N,33.772944,-118.192404
20020707,1910,7,CHESTNUT AV,29TH,-,A,0,0,0,2,-,-,- ,N,C,E,A,H,A,D,N,33.809834,-118.195880
20020707,1200,7,RT 405,BELLFLOWER BL,N,A,0,0,0,2,A,-,7,N,B,C,A,H,A,D,N,33.769086,-118.120973
20020707,1200,7,RT 710,ARTESIA,N,A,0,0,0,2,A,-,7,N,B,C,A,H,A,D,N,33.770050,-118.193739
20020707,1842,7,15TH ST,STANTON PL,Y,A,3,0,1,2,A,-,11,N,G,C,A,H,A,A,N,33.786234,-118.164772
20020708,949,1,ARTESIA BL,PARAMOUNT BL,Y,A,0,0,0,2,A,-,1,N,D,C,A,H,A,A,Y,33.874619,-118.159983
20020708,2111,1,JUNIPERO,1ST ST,N,A,0,0,0,2,A,-,1,N,C,E,A,H,C,D,Y,33.765280,-118.166308
20020708,2121,1,MAGNOLIA AV,LOMA VISTA,Y,A,4,0,1,2,A,-,12,M,B,C,A,H,C,A,Y,33.781971,-118.198049
20020708,1800,1,RT 91,CHERRY AV,N,A,0,0,0,2,A,-,3,N,C,C,A,H,A,D,N,33.876334,-118.167205
20020708,1200,1,LONG BEACH BL,CARSON ST,Y,A,0,0,0,2,A,-,4,N,C,C,A,H,A,A,N,33.834026,-118.189361
20020708,1043,1,DAISY AV,LOMA VISTA DR,N,A,4,0,1,2,A,-,8,N,A,C,A,H,A,D,N,33.781955,-118.199388
20020708,1620,1,RT 91,WALNUT AV,N,A,0,0,0,4,A,-,3,N,C,C,A,H,A,D,N,41.659071,-93.744271
20020708,1756,1,RT 91,PARAMOUNT BL,N,A,0,0,0,2,A,-,3,N,C,C,A,H,A,D,N,33.876245,-118.162684
20020708,1125,1,3RD ST,LINDEN AV,Y,A,0,0,0,2,A,-,12,N,-,C,A,H,A,D,N,33.770499,-118.186365
20020708,725,1,7TH HELENA DR,CERRITOS,N,A,0,0,0,2,A,-,7,N,B,C,A,H,A,D,N,33.770050,-118.193739
20020708,920,1,CARSON ST,BELLFLOWER BL,N,A,0,0,0,3,A,-,3,N,C,C,A,H,A,A,N,33.832358,-118.125209
20020708,1909,1,WESTMINSTER AV,STUDEBAKER RD,Y,A,0,0,0,2,D,-,0,N,D,C,A,H,A,A,N,33.759567,-118.103926
20020708,1745,1,BROADWAY ST,BONITO AV,Y,A,4,0,1,2,A,-,- ,N,C,C,A,H,A,D,N,33.768919,-118.180419
20020708,1536,1,WESTMINISTER AV,SHOPKEEPER RD,N,A,0,0,0,2,A,-,3,N,C,C,A,H,A,D,N,33.758914,-118.108371
20020708,1740,1,49TH ST,GRISHAM AV,Y,A,0,0,0,2,D,-,0,N,C,C,A,H,A,D,N,33.844838,-118.194238
20020708,1820,1,9TH ST,SANTA FE,N,A,0,0,0,1,E,-,24,N,E,I,A,H,A,D,N,33.780631,-118.215449
20020708,1730,1,PACIFIC COAST HWY,GARDENIA AV,N,A,0,0,0,3,A,-,9,M,D,C,A,H,A,D,N,33.789852,-118.168729
20020708,1211,1,LONG BEACH BL,LONG BEACH BL 4829,-,A,0,0,0,2,A,-,7,N,B,C,A,H,A,D,N,39.711805,-74.131740
20020708,822,1,RT 91,LONG BEACH BL,N,B,0,0,0,2,A,-,3,N,C,C,A,H,A,D,N,33.873156,-118.200648
20020708,1640,1,RT 405,LAKEWOOD BL,N,A,4,0,1,2,A,-,3,N,C,C,A,H,A,D,N,33.843075,-118.142426
20020708,1115,1,RT 710,ANAHEIM ST,N,A,0,0,0,2,A,-,3,N,C,C,A,H,A,D,N,33.782618,-118.162432
20020708,1500,1,RT 710,ATLANTIC AV,N,A,0,0,0,2,A,-,3,N,C,C,A,H,A,D,N,39.576654,-74.226897
20020708,235,1,RT 710,PACIFIC COAST HWY,N,A,0,0,0,1,A,-,8,N,F,A,A,H,C,D,N,33.789863,-118.166885
20020709,1650,2,ANAHEIM ST,CHERRY AV,Y,A,0,0,0,2,A,-,9,N,D,C,A,H,A,A,Y,33.782604,-118.167652
20020709,2015,2,RT 710,6TH ST,N,A,3,0,1,1,A,-,1,N,E,I,A,H,C,D,Y,33.773517,-118.149691
20020709,1000,2,LONG BEACH BL,ROOSEVELT RD,N,A,0,0,0,2,A,-,3,N,C,C,A,H,A,D,N,33.828937,-118.189345
20020709,930,2,REDONDO AV,ANAHEIM,Y,A,0,0,0,2,A,-,9,N,A,C,A,H,A,A,N,33.782602,-118.152411
20020709,1700,2,WILLOW ST,PINE AV,Y,A,0,0,0,2,A,-,9,N,D,C,A,H,A,D,N,33.804329,-118.192557
20020709,2316,2,PASADENA AV,25TH ST,-,A,0,0,0,4,A,-,3,M,B,C,A,H,C,D,N,33.802557,-118.187200
20020709,1130,2,RT 605,SPRING ST,N,A,0,0,0,3,B,-,22,N,B,C,A,D,A,D,N,33.810673,-118.134847
20020709,1450,2,RT 710,ANAHEIM ST,N,A,0,0,0,2,A,-,7,N,B,C,A,H,A,D,N,33.782618,-118.162432
20020709,920,2,RT 91,ARTESIA BL,N,A,0,0,0,2,A,-,3,N,C,C,A,H,A,D,N,33.872675,-118.290896
20020709,700,2,RT 710,ANAHEIM ST,N,A,0,0,0,1,A,-,3,N,E,J,A,C,A,D,N,33.782618,-118.162432
20020709,1800,2,RT 405,REDONDO AV,N,A,0,0,0,4,A,-,3,N,C,C,A,H,A,D,N,33.785760,-118.152415
20020709,645,2,RT 710,ANAHEIM ST,N,A,0,0,0,1,C,-,18,N,E,J,A,H,A,D,N,33.782618,-118.162432
20020710,1905,3,RT 91,CHERRY AV,N,A,3,0,1,1,A,-,1,N,E,I,A,H,A,D,Y,33.876334,-118.167205
20020710,840,3,ATLANTIC AV,4TH ST,N,-,4,0,1,2,A,I,- ,N,-,-,-,-,-,-,N,33.771710,-118.185050
20020710,1019,3,ATLANTIC AV,64TH ST,Y,A,3,0,4,2,A,-,3,N,C,C,A,H,A,A,N,33.871035,-118.168682
20020710,1011,3,STEARNS ST,MARWICK AV,Y,A,0,0,0,2,A,-,9,N,D,C,A,H,A,A,N,33.796010,-118.122073
20020710,1510,3,CHERRY AV,PACIFIC COAST HWY,N,A,0,0,0,2,A,-,8,N,B,C,A,H,A,A,N,33.789861,-118.167643
20020710,927,3,EAST 7TH ST,ORANGE AV,N,A,0,0,0,3,A,-,3,N,C,C,A,H,A,D,N,33.775366,-118.176353
20020710,1517,3,ORANGE AV,6TH ST,N,A,3,0,1,2,A,-,11,N,G,B,A,H,A,D,N,33.774134,-118.176357
20020710,1750,3,PARAMOUNT BL,57TH ST,Y,A,4,0,1,2,A,-,7,N,C,E,A,H,A,D,N,33.859330,-118.159850
20020710,1753,3,33RD ST,ATLANTIC AV,Y,A,4,0,1,2,A,-,5,N,A,G,A,H,A,A,N,33.817060,-118.185010
20020710,935,3,CHERRY AV,ARTESIA BL,-,A,3,0,1,2,B,-,22,N,G,B,A,H,A,D,N,33.874600,-118.168710
20020710,1520,3,FORHAN ST,MURIEL AV,N,A,0,0,0,2,A,-,5,N,A,E,A,H,A,D,N,33.871278,-118.200548
20020710,1600,3,WILLOW ST,WEBSTER AV,N,A,0,0,0,2,A,-,- ,M,C,C,A,H,A,A,N,33.804316,-118.219783
20020710,2320,3,ARLINGTON ST,SEABRIGHT AV,N,A,0,0,0,2,A,-,8,M,B,E,A,H,C,A,N,33.821955,-118.217747
20020710,1755,3,DEL AMO BL,ORANGE AV,Y,A,0,0,0,2,A,-,3,M,C,C,A,H,A,A,N,33.846917,-118.176842
20020710,1730,3,ALAMITOS AV,EAST 7TH ST,N,A,0,0,0,2,A,-,- ,M,C,C,A,H,A,A,N,33.775362,-118.180171
20020710,2045,3,S PINE AV,S PINE AV 51,-,A,0,0,0,2,D,-,0,M,D,C,A,H,D,D,N,33.775362,-118.180171
20020710,1415,3,RT 91,ATLANTIC AV,N,A,0,0,0,2,A,-,7,M,B,C,A,H,A,D,N,33.874843,-118.193412
20020710,1810,3,RT 710,LONG BEACH BL,N,A,0,0,0,2,A,-,3,N,C,C,A,H,A,D,N,33.823693,-118.189369
20020710,1230,3,RT 405,PALO VERDE AV,N,A,0,0,0,2,A,-,3,N,C,C,A,C,A,D,N,33.805010,-118.107912
20020710,855,3,RT 405,ORANGE AV,N,A,0,0,0,3,A,-,3,N,C,C,A,H,A,D,N,33.825422,-118.176316
20020710,856,3,RT 405,ORANGE AV,N,A,0,0,0,3,A,-,3,N,C,C,A,H,A,D,N,33.825422,-118.176316
20020710,815,3,RT 405,RT 710,N,A,0,0,0,2,A,-,3,M,C,C,A,H,A,D,N,46.462508,-95.646979
20020710,1615,3,RT 710,LONG BEACH BL,N,A,0,0,0,2,A,-,3,N,B,C,A,H,A,A,N,33.823693,-118.189369
20020710,1800,3,RT 710,ATLANTIC AV,N,A,0,0,0,2,A,-,7,N,B,C,A,H,A,D,N,39.576654,-74.226897
20020710,835,3,RT 405,TEMPLE AV,N,A,0,0,0,3,A,-,3,N,C,C,A,H,A,D,N,34.145957,-118.417898
20020711,1800,4,EAST 7TH ST,SAINT LOUIS AV,N,A,3,0,2,4,A,-,1,N,C,C,A,H,A,D,Y,33.775343,-118.166619
20020711,805,4,ANAHEIM ST,FARRAGUT AV,N,B,3,0,1,2,A,-,3,N,B,I,B,H,A,D,N,33.782075,-118.228321
20020711,1541,4,WILLOW ST,PINE AV,Y,A,4,0,1,2,A,-,- ,N,G,B,A,H,A,D,N,33.804329,-118.192557
20020711,1256,4,PARADE ST,HARBOR AV,N,A,3,0,1,2,A,-,9,N,G,G,A,H,A,D,N,33.790757,-118.210490
20020711,1425,4,PALO VERDE AV,STEARNS ST,Y,A,0,0,0,2,A,-,9,N,D,C,A,H,A,A,N,33.795428,-118.107917
20020711,1107,4,LAKEWOOD BL,N WILLOW,N,A,0,0,0,2,A,-,3,N,C,C,A,H,A,-,N,33.803251,-118.142788
20020711,1019,4,WILLOW,PACIFIC,N,B,0,0,0,2,A,-,3,N,E,I,B,G,A,A,N,33.804440,-118.193717
20020711,552,4,7TH ST,PINE AV,Y,A,4,0,1,2,A,-,12,N,D,C,A,H,A,A,N,33.775344,-118.192398
20020711,1725,4,7TH ST,FREEMAN AV,N,A,4,0,1,3,A,-,3,N,-,-,A,H,A,D,N,33.775336,-118.155666
20020711,1315,4,SOUTH ST,OBISPO AV,N,A,3,0,2,2,A,-,7,N,D,C,A,H,A,D,N,33.860197,-118.155542
20020711,1705,4,LINDEN AV,WARDLOW RD,N,A,0,0,0,2,A,-,- ,N,E,E,A,H,A,D,N,33.818905,-118.186454
20020711,1430,4,LONG BEACH BL,NIECE ST,N,A,0,0,0,2,-,-,- ,N,D,C,A,H,A,A,N,33.770050,-118.193739
20020711,1010,4,WARDLOW RD,BRAYTON AV,Y,B,4,0,2,2,A,-,5,N,A,C,A,H,A,A,N,33.818911,-118.175249
20020711,1325,4,SHORELINE DR,OCEAN,Y,A,0,0,0,2,A,-,3,M,C,C,A,H,A,D,N,33.766221,-118.183133
20020711,1243,4,CEDAR AV,PLYMOUTH,Y,A,0,0,0,2,A,-,12,M,D,C,A,H,A,D,N,33.853291,-118.193678
20020711,1550,4,ARGONNE AV,2ND ST,N,A,0,0,0,3,A,-,3,M,C,C,A,H,A,D,N,33.761065,-118.136598
20020711,2124,4,ORIZABA,6TH ST,N,A,0,0,0,2,A,-,3,M,C,E,A,H,C,A,N,33.773524,-118.156766
20020711,1847,4,SAINT LOUIS AV,4TH ST,N,A,0,0,0,2,A,-,8,M,B,C,A,H,A,D,N,33.771718,-118.166662
20020711,1000,4,RT 710,CARSON ST,N,A,4,0,1,2,A,-,8,N,E,I,A,H,A,D,N,33.832262,-118.135654
20020711,1530,4,RT 405,SPRING ST,N,A,0,0,0,2,A,-,3,M,C,C,A,H,A,D,N,33.810673,-118.134847
20020711,1811,4,RT 710,LONG BEACH BL,N,A,0,0,0,1,A,-,8,N,F,A,A,H,A,D,N,33.823693,-118.189369
20020711,2045,4,RT 405,CHERRY AV,N,A,0,0,0,2,A,-,7,N,B,C,A,H,C,D,N,33.823170,-118.167726
20020711,1625,4,RT 710,WILLOW ST,N,A,0,0,0,2,A,-,3,N,C,C,A,H,A,A,N,33.770050,-118.193739
20020712,1950,5,LONG BEACH BL,PLEASANT,Y,A,0,0,0,2,A,-,3,M,C,C,A,H,B,D,Y,33.846067,-118.193574
20020712,2208,5,RT 710,ATLANTIC AV,N,A,2,0,9,5,A,-,3,N,C,C,A,H,C,D,Y,39.576654,-74.226897
20020712,1700,5,11TH ST,LONG BEACH BL,N,A,0,0,0,2,A,-,21,N,C,C,A,H,A,D,N,33.780918,-118.189261
20020712,1148,5,PALO VERDE AV,HACKETT ST,N,A,3,0,4,3,A,-,9,N,D,C,A,H,A,D,N,33.818052,-118.107836
20020712,1327,5,DAISY AV,3RD ST,Y,A,0,0,0,2,A,-,4,N,C,C,A,H,A,D,N,33.770517,-118.199385
20020712,2356,5,SAN ANTONIO DR,E ELM ST,N,A,0,0,0,2,-,-,- ,N,C,E,A,H,C,D,N,33.835338,-118.188024
20020712,8,5,LONG BEACH BL,BROADWAY,Y,A,0,0,0,2,A,-,8,N,D,C,A,H,A,A,N,33.769277,-118.189493
20020712,917,5,DEL AMO BL,DAISY AV,N,A,0,0,0,1,A,-,7,N,F,-,A,H,A,D,N,33.846577,-118.198653
20020712,1645,5,EAST 3RD ST,FALCON AV,N,A,0,0,0,2,A,-,9,N,D,C,A,H,A,D,N,33.769673,-118.172938
20020712,1637,5,LONG BEACH BL,37TH ST,Y,A,0,0,0,3,A,-,9,N,D,C,A,H,A,D,N,39.633345,-74.188494
20020712,1400,5,OLIVE,BROADWAY,N,A,0,0,0,2,-,-,- ,N,H,C,A,H,A,-,N,33.769238,-118.182400
20020712,2012,5,OLIVE AV,21ST ST,Y,A,0,0,0,3,A,-,21,N,C,C,A,H,B,D,N,33.795300,-118.182859
20020712,1128,5,APPIAN WY,2ND ST,-,A,0,0,0,2,A,-,21,N,H,C,A,H,A,A,N,33.755697,-118.117559
20020712,1638,5,MARKET ST,LONG BEACH BL,N,A,0,0,0,2,A,-,7,N,B,E,A,H,A,D,N,33.854284,-118.196533
20020712,2219,5,WILLOW ST,REDONDO AV,N,A,0,0,0,2,A,-,3,N,C,C,A,H,C,A,N,33.804499,-118.151349
20020712,935,5,ANAHEIM,MAGNOLIA,N,A,4,0,2,2,A,-,3,N,C,C,A,H,A,A,N,33.782601,-118.198034
20020712,818,5,RT 405,TEMPLE AV,N,A,4,0,3,8,A,-,3,F,C,C,A,H,A,D,N,34.145957,-118.417898
20020712,1800,5,RT 710,RT 91,N,A,0,0,0,2,A,-,7,N,B,C,A,H,A,D,N,33.770050,-118.193739
20020712,1730,5,RT 710,WARDLOW RD,N,A,0,0,0,2,A,-,7,N,B,C,A,H,A,D,N,33.818749,-118.130842
20020713,1836,6,ANAHEIM,9TH ST,N,A,4,,1,2,A,-,1,N,D,C,A,H,A,A,Y,33.782627,-118.219840
20020713,2040,6,GERALD DESMOND BRIDGE,RT 710,Y,A,0,0,0,2,A,-,4,M,C,C,A,H,B,D,Y,33.764360,-118.221503
20020713,1509,6,PALO VERDE AV,WARDLOW RD,Y,A,0,0,0,2,A,-,1,N,B,C,A,H,A,A,Y,33.818859,-118.107822
20020713,430,6,RT 710,RT 405,N,A,3,0,1,2,A,-,1,N,C,E,A,H,C,D,Y,33.770050,-118.193739
20020713,2005,6,ANAHEIM ST,DAISY AV,-,A,0,0,0,1,A,-,7,M,A,I,A,H,C,D,N,33.782608,-118.199380
20020713,1456,6,8TH ST,OLIVE,Y,A,4,0,2,2,A,-,9,N,D,C,A,H,A,A,N,33.776544,-118.182397
20020713,1620,6,4TH ST,ST LOUIS,Y,A,0,0,0,2,A,-,9,N,D,C,A,H,A,D,N,33.771718,-118.166662
20020713,2013,6,ALAMITOS AV,17TH ST,Y,A,0,0,0,2,A,-,9,N,D,C,A,H,C,A,N,33.788039,-118.176289
20020713,951,6,CHERRY AV,3RD ST,Y,A,0,0,0,2,A,-,12,N,D,C,A,H,A,A,N,33.768976,-118.167666
20020713,1336,6,2ND ST,CAMPO DR,Y,A,3,0,1,2,D,-,0,N,D,C,A,H,A,D,N,33.757338,-118.125152
20020713,1745,6,ATHERTON ST,PARK AV,N,A,4,0,1,5,A,-,7,N,C,C,A,H,A,D,N,33.789852,-118.136693
20020713,1222,6,GERALD DESMOND BR,PICO AV,N,A,4,0,1,4,A,-,17,N,C,C,A,H,A,D,N,33.766900,-118.209529
20020713,1253,6,ATLANTIC AV,ADAMS ST,N,A,0,0,0,2,A,-,3,N,C,C,A,H,A,D,N,33.869874,-118.185562
20020713,1632,6,HELLMAN,ORANGE,N,A,4,0,1,2,A,-,5,N,D,C,A,H,A,D,N,33.776705,-118.176340
20020713,1900,6,CARSON ST,CHERRY AV,N,A,0,0,0,2,A,-,10,N,G,B,A,H,A,D,N,33.832430,-118.167628
20020713,1218,6,ATLANTIC AV,HARDING ST,N,A,4,0,2,2,A,-,3,N,C,C,A,H,A,D,N,33.867323,-118.185201
20020713,1752,6,CARSON ST,LOS COYOTES DIAGONAL,Y,A,0,0,0,2,A,-,9,N,A,C,A,H,A,A,N,33.832134,-118.098846
20020713,1315,6,ANAHEIM ST,GAVIOTA AV,Y,A,0,0,0,2,A,-,9,M,-,C,A,H,A,D,N,33.782602,-118.170932
20020713,1801,6,RT 710,9TH ST,-,A,0,0,0,1,A,-,3,N,H,J,A,H,A,D,N,30.360052,-89.143522
20020713,100,6,RT 710,RT 405,N,A,0,0,0,2,A,-,3,N,C,C,A,H,C,D,N,33.770050,-118.193739
20020713,149,6,RT 405,LAKEWOOD BL,N,A,3,0,1,2,A,-,3,N,C,C,A,H,C,D,N,33.843075,-118.142426
20020713,750,6,RT 710,WARDLOW RD,N,A,0,0,0,2,A,-,3,N,C,C,A,D,D,D,N,33.818749,-118.130842
20020713,150,6,RT 710,WARDLOW RD,N,A,0,0,0,2,A,-,3,N,C,C,A,D,D,D,N,33.818749,-118.130842
20020713,1650,6,RT 405,WARDLOW RD,N,A,4,0,1,1,A,-,8,N,E,I,A,H,A,D,N,33.818749,-118.130842
20020713,145,6,RT 405,LAKEWOOD BL,N,A,4,0,2,2,A,-,3,N,C,C,A,H,D,D,N,33.843075,-118.142426
20020714,1538,7,WASHINGTON PL,9TH ST,N,A,0,0,0,2,A,-,1,N,A,E,A,H,A,A,Y,33.777785,-118.181292
20020714,455,7,7TH ST,PACIFIC AV,Y,A,4,0,1,2,A,-,8,N,B,C,A,H,C,A,Y,33.775346,-118.193781
20020714,25,7,PACIFIC COAST HWY,CHERRY AV,Y,A,4,0,1,2,A,-,3,N,C,C,A,H,C,A,Y,33.789861,-118.167643
20020714,905,7,WARDLOW RD,RIVER AV,N,B,0,0,0,4,E,-,24,N,C,E,A,H,A,D,N,33.824250,-118.222294
20020714,43,7,CHERRY AV,63RD ST,N,A,2,0,5,2,A,-,9,N,D,C,A,H,C,D,N,33.869215,-118.168672
20020714,820,7,W 19TH ST,HENDERSON,N,B,0,0,0,2,A,-,3,N,E,I,A,H,A,D,N,33.791680,-118.197624
20020714,207,7,WILLOW AV,LAKEWOOD,N,A,0,0,0,2,A,-,7,M,E,I,A,H,C,D,N,33.803251,-118.142788
20020714,15,7,HILL ST,LEMON,Y,A,4,0,1,2,A,-,12,F,B,C,A,H,C,D,N,33.797128,-118.178502
20020714,1430,7,OHIO AV,ANAHEIM ST,N,A,0,0,0,2,D,-,0,N,D,C,A,H,A,D,N,33.782614,-118.160056
20020714,1150,7,RT 91,ARTESIA BL,N,A,4,0,1,1,A,-,3,N,E,I,A,H,A,D,N,33.872675,-118.290896
20020714,1535,7,RT 405,RT 710,N,A,4,0,1,4,A,-,3,F,C,C,A,H,A,D,N,46.462508,-95.646979
20020715,1120,1,REDONDO,7TH ST,Y,A,0,0,0,2,A,-,12,N,D,G,A,H,A,A,N,33.775338,-118.152417
20020715,815,1,DAISY AV,49TH ST,N,A,0,0,0,3,A,-,7,N,B,C,A,H,A,D,N,33.844806,-118.199135
20020715,1115,1,CARSON,WOODRUFF,N,-,0,0,0,2,-,-,- ,N,-,-,-,-,-,-,N,33.832203,-118.116545
20020715,1018,1,SPRING ST,KNOXVILLE AV,N,A,0,0,0,2,A,-,7,N,B,C,A,H,A,A,N,33.810399,-118.104442
20020715,1038,1,ATLANTA AV,SPRING ST,Y,A,0,0,0,2,-,-,- ,M,D,C,A,H,A,A,N,33.536533,-83.917423
20020715,747,1,ATLANTIC AV,MARKET ST,N,A,4,0,1,2,A,-,12,N,G,B,A,H,A,A,N,33.854324,-118.185004
20020715,700,1,RT 405,ATLANTIC AV,N,A,0,0,0,2,B,-,22,N,B,C,A,H,A,D,N,39.576654,-74.226897
20020715,750,1,RT 710,WARDLOW RD,N,A,4,0,2,2,A,-,3,N,C,C,A,H,A,D,N,33.818749,-118.130842
20020715,1610,1,RT 405,CLARKE AV,N,A,0,0,0,3,A,-,3,N,C,C,A,H,A,D,N,33.770050,-118.193739
20020715,2200,1,RT 710,WARDLOW RD,N,A,1,1,0,1,A,-,8,N,E,J,A,H,C,D,N,33.818749,-118.130842
20020715,540,1,RT 405,RT 710,N,A,0,0,0,1,A,-,8,N,E,I,A,H,A,D,N,46.462508,-95.646979
20020716,1405,2,ORANGE AV,SOUTH ST,Y,A,4,0,1,2,A,-,9,N,D,C,A,H,A,A,N,33.860117,-118.177288
20020716,2014,2,REDONDO AV,ANAHEIM ST,Y,A,0,0,0,2,A,-,12,M,D,C,A,H,A,A,N,33.782602,-118.152411
20020716,1601,2,PACIFIC COAST HWY,TRAFFIC CIR,Y,A,0,0,0,2,A,-,3,M,C,C,A,H,A,-,N,33.788902,-118.140964
20020716,2216,2,17TH ST,JUNIPERO AV,N,A,3,0,1,5,A,-,8,F,C,-,A,H,C,D,N,33.788047,-118.163316
20020716,1635,2,RT 91,ATLANTIC AV,N,A,0,0,0,2,A,-,3,N,C,C,A,H,A,D,N,33.874843,-118.193412
20020716,750,2,REDONDO AV,ANAHEIM ST,N,A,0,0,0,2,A,-,3,F,C,C,A,D,A,A,N,33.782602,-118.152411
20020716,1545,2,RT 710,RT 405,N,A,0,0,0,2,A,-,7,N,B,C,A,H,A,D,N,33.770050,-118.193739
20020716,1400,2,RT 710,PACIFIC COAST HWY,N,A,0,0,0,2,A,-,21,N,C,C,A,H,A,D,N,33.789863,-118.166885
20020716,930,2,RT 710,WILLOW AV,N,D,0,0,0,2,-,-,- ,N,B,C,A,H,A,D,N,40.623157,-73.723150
20020716,1230,2,RT 710,PACIFIC COAST HWY,N,A,2,0,1,4,A,-,8,F,C,C,A,H,A,D,N,33.789863,-118.166885
20020716,1610,2,RT 710,RT 405,N,A,4,0,2,3,A,-,3,N,C,C,A,-,A,D,N,33.770050,-118.193739
20020716,1505,2,RT 405,STUDEBAKER RD,N,A,4,0,2,2,A,-,3,N,C,C,A,H,A,D,N,33.791446,-118.099621
20020716,1840,2,RT 405,RT 19,N,A,0,0,0,2,A,-,- ,N,C,C,A,H,A,D,N,46.462508,-95.646979
20020716,1500,2,RT 405,WOODRUFF AV,N,A,0,0,0,2,A,-,3,N,C,C,A,H,A,D,N,33.813146,-118.115196
20020717,1320,3,PACIFIC AV,6TH ST,N,B,0,0,0,2,A,-,6,M,B,C,A,H,A,A,N,33.774115,-118.193806
20020717,1500,3,BROADWAY,CERRITOS,Y,A,0,0,0,2,A,-,9,N,A,C,A,H,A,D,N,33.768690,-118.178639
20020717,1510,3,RT 91,CHERRY AV,N,A,3,0,1,1,A,-,8,N,F,I,A,H,A,D,N,33.876334,-118.167205
20020717,740,3,RT 91,CHERRY AV,N,A,4,0,1,2,A,-,3,N,C,C,A,H,A,D,N,33.876334,-118.167205
20020717,655,3,ATLANTIC,5TH ST,N,A,0,0,0,2,A,-,21,M,C,C,A,H,A,D,N,33.772911,-118.185044
20020717,1245,3,CONANT ST,PALO VERDE AV,N,A,0,0,0,2,A,-,7,M,B,C,A,H,A,D,N,33.824959,-118.107792
20020717,1730,3,VIA WANDA ST,VIA WANDA PLOT 8,Y,A,0,0,0,3,A,-,9,N,D,C,A,H,A,D,N,33.770050,-118.193739
20020717,2500,3,CLARK AV,ANAHEIM ST,N,A,0,0,0,2,A,-,7,N,B,C,A,H,A,D,N,33.782583,-118.134160
20020717,1913,3,7TH ST,GLADYS AV,N,A,0,0,0,4,A,-,3,N,H,E,A,H,A,D,N,33.775336,-118.157838
20020717,1747,3,3RD ST,BONITO AV,Y,A,4,0,1,2,-,-,- ,N,A,C,A,H,A,D,N,33.770605,-118.180108
20020717,720,3,RT 405,RT 710,N,A,0,0,0,1,A,-,8,N,E,I,A,H,A,D,N,46.462508,-95.646979
20020717,810,3,RT 91,RT 710,N,A,0,0,0,2,A,-,7,M,B,C,A,H,A,D,N,32.932282,-80.411644
20020718,1745,4,CHERRY AV,6TH ST,N,A,0,0,0,2,A,-,8,M,B,E,A,H,A,D,Y,33.774434,-118.167665
20020718,2130,4,7TH ST,PACIFIC COAST HWY,N,A,0,0,0,3,A,-,1,N,C,C,A,H,C,A,Y,33.775387,-118.122914
20020718,2335,4,RT 710,RT 405,N,A,4,0,4,3,A,-,7,F,B,C,A,D,C,D,Y,33.770050,-118.193739
20020718,1800,4,2ND ST,W COVINA AV,-,A,0,0,0,2,A,-,4,N,C,C,A,H,A,D,N,33.759904,-118.133881
20020718,1913,4,LONG BEACH BL,ROOSEVELT AV,Y,A,0,0,0,2,A,-,12,N,D,C,A,H,B,A,N,39.534128,-74.261179
20020718,1255,4,ALY S STEARNS AV,BELLFLOWER BL,N,A,4,0,1,2,-,-,- ,N,-,G,A,H,A,D,N,33.796022,-118.125239