COLLISION_DATE,COLLISION_TIME,DAY_OF_WEEK,PRIMARY_RD,SECONDARY_RD,INTERSECTION,WEATHER_1,COLLISION_SEVERITY,NUMBER_KILLED,NUMBER_INJURED,PARTY_COUNT,PRIMARY_COLL_FACTOR,PCF_CODE_OF_VIOL,PCF_VIOL_CATEGORY,HIT_AND_RUN,TYPE_OF_COLLISION,MVIW,ROAD_SURFACE,ROAD_COND_1,LIGHTING,CONTROL_DEVICE,ALCOHOL_INVOLVED,LATITUDE,LONGITUDE
20020718,2030,4,PACIFIC AV,16TH ST,N,A,4,0,1,2,A,-,7,F,C,G,A,H,C,A,N,46.362740,-124.053898
20020718,1807,4,HELLMAN ST,ORANGE,N,A,0,0,0,2,A,-,3,N,D,G,A,H,A,D,N,33.776705,-118.176340
20020718,120,4,GARDENIA AV,ARTESIA BL,N,A,3,0,2,2,A,-,5,F,A,C,A,H,C,D,N,33.874721,-118.169765
20020718,815,4,E 71ST ST,E 71ST ST 1117,N,A,0,0,0,1,A,-,8,M,H,I,A,H,A,D,N,33.909370,-78.093611
20020718,818,4,ALY W ATLANTIC,WILLOW,-,A,0,0,0,2,A,-,8,M,A,C,A,H,A,D,N,33.804328,-118.185023
20020718,1523,4,CUMMINGS ST,GALE AV,N,A,0,0,0,2,A,-,5,M,A,C,A,H,A,A,N,33.876010,-118.205596
20020718,1600,4,BROADWAY,PACIFIC,Y,A,0,0,0,2,A,-,8,M,B,C,A,H,A,A,N,33.769264,-118.193812
20020718,1908,4,HARDING ST,ORANGE AV,Y,A,0,0,0,2,A,-,3,M,-,C,A,H,A,A,N,33.867345,-118.177333
20020718,1930,4,RT 91,ATLANTIC AV,N,A,0,0,0,1,C,-,18,N,E,J,A,B,A,D,N,33.874843,-118.193412
20020718,1610,4,RT 91,PARAMOUNT BL,N,A,0,0,0,2,A,-,7,M,B,C,A,H,A,D,N,33.876245,-118.162684
20020718,1540,4,ARTESIA BL,CERRITOS AV,Y,A,0,0,0,2,A,-,3,N,C,C,A,H,A,A,N,33.876245,-118.162684
20020718,905,4,SPRING ST,PALO VERDE,N,A,0,0,0,2,A,-,9,N,D,C,A,H,A,D,N,33.874535,-118.178317
20020718,1345,4,ORANGE AV,RT 405,N,A,3,0,3,2,A,-,9,N,D,C,A,H,A,A,N,33.771801,-118.176376
20020718,1802,4,WARDLOW RD,MAGNOLIA AV,N,A,4,0,1,3,A,-,3,N,C,D,A,H,A,A,N,33.818907,-118.198056
20020718,1440,4,TEMPLE AV,7TH ST,Y,A,0,0,0,2,A,-,12,N,D,C,A,H,A,A,N,33.775335,-118.158953
20020718,215,4,RT 91,CHERRY AV,N,A,0,0,0,1,A,-,8,N,E,I,A,H,C,D,N,33.876334,-118.167205
20020718,1320,4,RT 710,SUSANA RD,N,A,0,0,0,2,A,-,3,N,C,C,A,H,A,D,N,33.862996,-118.204122
20020718,1800,4,RT 405,TEMPLE ST,N,A,0,0,0,2,A,-,3,N,C,C,A,H,A,D,N,34.145957,-118.417898
20020718,1620,4,RT 405,CHERRY AV,N,A,4,0,2,2,A,-,3,N,C,C,A,H,A,D,N,33.823170,-118.167726
20020718,1308,4,ANAHEIM,DAISY,Y,A,0,0,0,2,A,-,3,N,C,C,A,H,A,A,N,33.782608,-118.199380
20020718,2210,4,RT 42,NEW DOCK ST,N,A,0,0,0,1,A,-,3,N,E,J,A,H,C,D,N,33.761098,-118.240218
20020718,930,4,RT 710,WARWOOD RD,N,A,0,0,0,2,A,-,3,N,C,C,A,H,A,D,N,33.835211,-118.137340
20020719,1736,5,ATLANTIC AV,11TH ST,N,A,0,0,0,2,A,-,- ,N,C,C,A,H,A,D,Y,33.835211,-118.137340
20020719,25,5,RT 710,RT 405,N,A,0,0,0,3,A,-,3,N,C,C,A,H,C,D,Y,33.770050,-118.193739
20020719,632,5,ATLANTIC AV,ANAHEIM ST,N,B,0,0,0,2,A,-,3,N,C,C,A,H,A,A,N,33.782609,-118.185034
20020719,2115,5,ANAHEIM ST,SAINT LOUIS AV,N,A,0,0,0,3,A,-,7,M,B,E,A,H,C,D,N,33.782603,-118.166577
20020719,2141,5,10TH ST,CERRITOS AV,Y,A,0,0,0,2,-,-,- ,M,D,C,A,H,C,D,N,33.778960,-118.178023
20020719,1033,5,OCEAN BL,PINE AV,N,A,3,0,1,1,C,-,18,N,E,J,A,D,A,A,N,33.767096,-118.192407
20020719,800,5,PACIFIC COAST HWY,OLIVE AV,Y,A,3,0,2,2,A,-,7,N,B,C,A,H,A,D,N,33.789854,-118.182857
20020719,855,5,2ND ST,EUCLID AV,Y,B,3,0,2,2,A,-,9,N,D,C,A,H,A,D,N,33.762821,-118.149186
20020719,1121,5,7TH ST,LIME AV,Y,A,0,0,0,2,A,-,8,N,B,C,A,A,A,D,N,33.775361,-118.183695
20020719,1503,5,10TH ST,CHERRY AV,Y,A,4,0,1,2,A,-,4,N,C,C,A,H,A,A,N,33.778975,-118.167665
20020719,1100,5,RT 405,WOODRUFF AV,N,A,0,0,0,2,A,-,7,N,B,C,A,H,A,D,N,33.813146,-118.115196
20020719,2330,5,RT 710,WARDLOW RD,N,A,0,0,0,2,A,-,3,M,C,C,A,H,C,D,N,33.818749,-118.130842
20020719,1201,5,RT 405,STEVELY RD,N,A,3,0,1,2,A,-,3,N,C,C,A,H,A,D,N,33.785695,-118.095761
20020719,1620,5,RT 405,STUDEBAKER RD,N,A,0,0,0,2,A,-,3,N,C,C,A,H,A,D,N,33.791446,-118.099621
20020719,1900,5,RT 405,TEMPLE ST,N,A,0,0,0,2,A,-,3,N,C,C,A,H,A,D,N,34.145957,-118.417898
20020719,830,5,RT 710,DOMINGUEZ ST,N,A,0,0,0,3,A,-,3,N,C,C,A,H,A,D,N,33.838921,-118.207681
20020719,2000,5,RT 405,CHERRY AV,N,A,0,0,0,3,A,-,3,M,C,C,A,H,C,D,N,33.823170,-118.167726
20020719,1140,5,RT 710,DEL AMO BL,N,A,0,0,0,2,A,-,7,N,B,C,A,H,A,D,N,33.847073,-118.130810
20020720,1050,6,ATLANTIC AV,DEL AMO BL,N,A,0,0,0,2,A,-,3,M,C,C,A,H,A,D,Y,33.845292,-118.184880
20020720,1830,6,MYRTLE AV,37TH ST,N,A,0,0,0,1,A,-,- ,M,E,I,A,H,A,D,Y,33.824199,-118.181587
20020720,900,6,WARDLOW,ORANGE,Y,A,0,0,0,2,A,-,12,N,D,C,A,H,A,A,N,33.818916,-118.176327
20020720,2030,6,19TH ST,CEDAR AV,N,A,0,0,0,3,A,-,3,N,B,E,A,H,B,D,N,33.791677,-118.195087
20020720,1330,6,7TH ST,ATLANTIC,N,A,0,0,0,2,A,-,8,N,D,C,A,H,A,D,N,33.775355,-118.185042
20020720,1215,6,8TH ST,ATLANTIC,N,B,0,0,0,2,A,-,12,N,D,C,A,H,A,A,N,33.776576,-118.185049
20020720,638,6,OCEAN BL,HENRY FORD AV,Y,B,4,0,1,2,A,-,12,N,D,C,A,H,A,A,N,33.770050,-118.193739
20020720,2041,6,MARKET ST,LINDEN AV,Y,A,0,0,0,2,A,-,9,N,D,C,A,H,C,D,N,33.854316,-118.185940
20020720,1900,6,MAGNOLIA AV,15TH ST,N,A,0,0,0,4,A,-,1,N,G,C,A,H,A,D,N,33.785835,-118.198077
20020720,240,6,MARTIN LUTHER KING JR AV,23RD ST,N,A,0,0,0,2,A,-,8,M,C,C,A,H,C,D,N,33.798926,-118.180667
20020720,2123,6,ALY E FASHION AV,25TH ST,N,A,0,0,0,1,A,-,7,M,A,I,A,H,D,D,N,33.802566,-118.208919
20020720,1430,6,1ST ST,LINDEN,N,A,0,0,0,2,A,-,21,M,C,C,A,H,A,D,N,33.768081,-118.186362
20020720,610,6,LOCUST AV,LOCUST AV 1520,N,B,0,0,0,2,A,-,8,M,C,E,A,H,A,D,N,33.775344,-118.191080
20020720,2259,6,15TH ST,DAWSON AV,N,A,0,0,0,2,D,-,0,M,B,E,A,H,C,D,N,33.786224,-118.165834
20020720,1500,6,FANWOOD AV,MONLACO RD,N,A,0,0,0,2,-,-,- ,M,C,E,A,H,C,D,N,33.822298,-118.115455
20020720,613,6,PINE AV,16TH ST,N,A,0,0,0,2,D,-,0,M,B,C,A,H,C,D,N,33.787131,-118.192392
20020720,1450,6,LAKEWOOD BL,SPRING ST,-,A,0,0,0,2,A,-,8,M,B,C,A,H,A,D,N,33.812739,-118.139096
20020720,1209,6,WEBSTER,CANTON,N,A,0,0,0,3,A,-,3,M,B,C,A,H,A,D,N,33.810791,-118.219782
20020720,1125,6,DEL AMO BL,LONG BEACH BL,Y,A,0,0,0,2,A,-,8,N,B,C,A,H,A,A,N,33.846735,-118.193744
20020720,750,6,SPRING ST,LAKEWOOD BL,N,B,0,0,0,1,D,-,0,N,E,I,A,H,B,A,N,33.812739,-118.139096
20020720,1310,6,CHERRY AV,POINSETTIA ST,N,A,4,0,1,2,A,-,9,N,D,C,A,H,A,A,N,33.870129,-118.168558
20020720,1321,6,CHERRY AV,EAST 15TH ST,N,A,0,0,0,2,A,-,3,N,C,C,A,H,A,D,N,33.786228,-118.167654
20020720,2330,6,VIA ALCALDE AV,CARSON ST,-,A,4,0,1,1,A,-,3,N,H,I,A,H,C,A,N,33.831753,-118.210346
20020720,1903,6,CHERRY,63RD ST,Y,A,0,0,0,2,A,-,9,N,D,C,A,H,A,D,N,33.869215,-118.168672
20020720,1339,6,GRANADA,DIVISION,N,A,0,0,0,2,A,-,8,N,A,C,A,H,A,D,N,33.758849,-118.137129
20020720,1755,6,RT 91,DOWNEY AV,-,A,4,0,2,2,A,-,3,N,C,C,A,H,A,D,N,33.876770,-118.153649
20020720,1320,6,RT 710,WILLOW ST,N,A,0,0,0,2,A,-,3,N,C,C,A,H,A,A,N,33.770050,-118.193739
20020720,1718,6,ARTEISA,ORANGE AV,N,A,0,0,0,2,-,-,- ,N,C,C,A,H,A,D,N,33.874675,-118.177374
20020720,1257,6,LONG BEACH BL,DEL AMO BL,Y,A,3,0,2,2,-,-,- ,N,D,C,A,H,A,A,N,33.846735,-118.193744
20020720,314,6,ATLANTIC BL,7TH ST,Y,A,0,0,0,2,A,-,8,M,C,C,A,H,C,D,N,33.775355,-118.185042
20020721,2359,7,SHERMAN PL,SHERMAN PL 1703,-,A,0,0,0,1,-,-,- ,M,E,I,A,G,C,B,Y,34.201180,-118.450806
20020721,2500,7,ALLEY N 25TH,COTA,-,A,0,0,0,1,A,-,21,M,C,I,A,H,A,D,Y,33.802560,-118.216533
20020721,2205,7,RT 710,ATLANTIC AV,N,A,0,0,0,2,A,-,1,N,C,C,A,H,C,D,Y,39.576654,-74.226897
20020721,1014,7,PACIFIC COAST HWY,MAGNOLIA AV,Y,B,0,0,0,2,A,-,9,N,A,C,A,H,A,A,N,33.789866,-118.198093
20020721,1740,7,GARDENIA AV,11TH ST,Y,A,0,0,0,1,A,-,3,M,E,I,A,H,A,D,N,33.780785,-118.168712
20020721,2250,7,PACIFIC COAST HWY,MAGNOLIA AV,Y,A,0,0,0,2,A,-,9,M,D,C,A,H,C,A,N,33.789866,-118.198093
20020721,1104,7,E WILLTON,E WILLTON 3317,-,A,0,0,0,2,A,-,3,M,C,C,A,H,A,D,N,34.073044,-118.313566
20020721,2300,7,6TH ST,ELM AV,-,A,0,0,0,2,D,-,0,M,C,C,A,H,C,D,N,33.774145,-118.187666
20020721,58,7,PACIFIC COAST HWY,WALNUT AV,N,A,4,0,4,2,A,-,3,M,C,C,A,H,C,D,N,33.789858,-118.171987
20020721,2057,7,LONG BEACH BL,J ST,N,A,0,0,0,2,A,-,6,M,B,E,A,H,C,D,N,39.711805,-74.131740
20020721,2041,7,8TH ST,ORANGE AV,N,A,0,0,0,2,A,-,8,M,A,E,A,H,C,D,N,33.777220,-118.176335
20020721,905,7,PACIFIC COAST HWY,ANAHEIM RD,N,B,4,0,1,2,A,-,3,N,C,C,A,H,A,A,N,33.785769,-118.136637
20020721,634,7,ANAHEIM ST,ALAMITOS AV,Y,A,3,0,2,2,A,-,9,N,D,C,A,H,A,A,N,33.782608,-118.177967
20020721,1650,7,BROADWAY,PINE AV,Y,A,0,0,0,2,A,-,0,N,B,C,A,H,A,A,N,40.626710,-73.714487
20020721,1532,7,CEDAR,20TH ST,Y,A,0,0,0,2,A,-,9,N,D,C,A,H,A,D,N,33.793477,-118.195084
20020721,1243,7,JUNIPERO AV,14TH ST,Y,A,4,0,1,2,A,-,- ,N,D,C,A,H,A,D,N,33.784419,-118.163304
20020721,1952,7,ANAHEIM ST,PINE,-,A,0,0,0,3,A,-,12,N,D,C,A,H,A,A,N,33.782594,-118.192389
20020721,1423,7,LONG BEACH BL,11TH ST,N,A,0,0,0,2,A,-,7,M,B,C,A,H,A,D,N,33.780918,-118.189261
20020721,30,7,LIBERTY CT,3RD ST,N,A,0,0,0,1,A,-,8,M,E,I,A,H,D,D,N,33.770501,-118.185718
20020721,821,7,OCEAN BL,MOLINO AV,N,B,0,0,0,2,A,-,16,N,H,E,A,H,A,D,N,33.762827,-118.161445
20020721,1800,7,RT 405,BELLFLOWER BL,N,A,0,0,0,2,A,-,7,N,B,C,A,A,A,D,N,33.769086,-118.120973
20020721,2030,7,RT 91,PARAMOUNT BL,-,A,2,0,3,2,A,-,7,F,E,I,A,H,D,D,N,33.876245,-118.162684
20020721,906,7,PACIFIC COAST HWY,ANAHEIM RD,N,B,4,0,1,2,A,-,3,N,C,C,A,H,A,A,N,33.785769,-118.136637
20020722,1905,1,LOYNES DR,BIXBY VILLAGE DR,N,A,3,0,2,2,A,-,3,N,E,I,A,H,A,D,N,33.768208,-118.113756
20020722,2350,1,TEMPLE AV,15TH ST,N,A,0,0,0,3,-,-,- ,N,-,-,A,H,C,D,N,33.786230,-118.158946
20020722,1700,1,REDONDO AV,WILLOW ST,N,A,0,0,0,2,-,-,- ,M,B,E,A,H,A,D,N,33.804499,-118.151349
20020722,2200,1,PACIFIC COAST HWY,CLARK AV,-,A,0,0,0,2,D,-,0,M,C,E,A,H,A,D,N,33.783826,-118.134163
20020722,617,1,CEDAR AV,15TH ST,N,B,0,0,0,1,A,-,7,M,E,J,-,H,-,D,N,33.786226,-118.195055
20020722,725,1,CHESTNUT AV,20TH ST,N,B,0,0,0,2,A,-,8,M,B,C,A,H,B,D,N,33.793485,-118.195894
20020722,2144,1,ATLANTIC AV,60TH ST,N,A,0,0,0,3,A,-,0,N,D,E,A,H,C,D,N,33.863679,-118.185053
20020722,725,1,OCEAN BL,RT 47,N,B,0,0,0,6,A,-,16,N,C,C,A,H,A,D,N,39.627783,-74.190228
20020722,1822,1,BELLFLOWER BL,LOS COYOTES DIAGONAL,Y,A,0,0,0,3,A,-,12,N,D,C,A,H,A,A,N,33.802141,-118.125195
20020722,941,1,DELTA AV,32ND ST,N,A,4,0,1,4,E,-,24,N,A,E,A,H,A,D,N,33.815292,-118.211105
20020722,1230,1,CHERRY AV,33RD ST,N,A,0,0,0,2,A,-,9,N,D,C,A,H,A,D,N,33.817106,-118.167575
20020722,1451,1,ATLANTIC AV,SOUTH ST,N,A,0,0,0,3,A,-,- ,N,C,C,A,H,A,A,N,33.860074,-118.184923
20020722,1117,1,7TH ST,CHANNEL,N,A,3,0,4,2,A,-,3,N,C,C,A,H,A,D,N,33.775220,-118.119009
20020722,958,1,10TH ST,NORMA CT,N,A,4,0,1,2,A,-,4,N,C,C,A,H,A,A,N,33.778972,-118.175680
20020722,1010,1,ORANGE,60TH,N,A,0,0,0,2,A,-,17,M,C,E,A,H,A,D,N,33.864179,-118.177314
20020722,1400,1,RT 91,PARAMOUNT BL,N,A,0,0,0,2,A,-,3,N,C,C,A,H,A,D,N,33.876245,-118.162684
20020722,1720,1,RT 710,RT 405,N,A,0,0,0,2,A,-,7,M,B,C,A,H,A,D,N,33.770050,-118.193739
20020722,1205,1,RT 710,WILLOW ST,N,A,0,0,0,2,A,-,7,N,B,C,A,D,A,D,N,33.770050,-118.193739
20020723,1700,2,BELLFLOWER BL,WILLOW,N,A,0,0,0,2,A,-,7,N,B,C,A,H,A,A,N,33.803355,-118.125361
20020723,1410,2,CARSON ST,CONQUISTA AV,Y,A,4,0,2,2,A,-,9,N,D,C,A,H,A,D,N,33.832195,-118.108859
20020723,1025,2,LONG BEACH BL,27TH ST,N,A,3,0,1,3,A,-,8,F,C,C,A,H,A,D,N,39.580536,-74.228148
20020723,1430,2,BONITO AV,3RD ST,N,A,0,0,0,2,A,-,3,M,C,E,A,H,A,-,N,33.770605,-118.180108
20020723,1000,2,MAGNOLIA AV,7TH ST,Y,A,0,0,0,2,A,-,8,M,D,-,A,H,A,D,N,33.775332,-118.198040
20020723,1715,2,ATLANTIC AV,3RD ST,Y,A,4,0,1,2,-,-,- ,N,D,C,A,H,A,A,N,33.770501,-118.185045
20020723,1717,2,CLARK AV,ARBOR RD,-,A,0,0,0,2,A,-,6,N,D,C,A,H,A,D,N,33.843048,-118.133800
20020723,1640,2,TEMPLE AV,3RD  ST,N,A,0,0,0,2,A,-,9,N,A,A,A,H,A,D,N,33.768088,-118.158949
20020723,1315,2,CHERRY AV,JACKSON ST,Y,A,4,0,1,2,A,-,9,N,D,C,A,H,A,A,N,33.851786,-118.167709
20020723,1420,2,SPRING ST,KILROY AIRPORT WY,N,A,4,0,1,2,D,-,0,N,B,G,A,G,A,D,N,33.810440,-118.147314
20020723,1445,2,ANAHEIM ST,WALNUT AV,N,A,0,0,0,3,A,-,3,N,C,C,A,H,A,A,N,33.782597,-118.171990
20020723,947,2,10TH ST,ATLANTIC AV,N,A,4,0,2,2,A,-,3,N,C,C,A,H,A,D,N,33.778973,-118.185038
20020723,1807,2,XIMENO LN,PACIFIC COAST HWY,N,A,0,0,0,2,A,-,3,N,C,C,A,H,A,A,N,33.789178,-118.141573
20020723,2045,2,ORANGE,7TH ST,N,A,0,0,0,2,A,-,8,M,B,C,A,H,C,D,N,33.775366,-118.176353
20020723,1740,2,RT 91,CHERRY AV,N,A,0,0,0,2,A,-,3,M,C,C,A,H,A,D,N,33.876334,-118.167205
20020723,1450,2,RT 91,LONG BEACH BL,N,A,0,0,0,2,A,-,7,N,B,C,A,H,A,D,N,33.873156,-118.200648
20020723,1600,2,RT 405,WALNUT AV,N,A,0,0,0,2,A,-,7,N,B,C,A,H,A,D,N,33.811666,-118.171975
20020723,1430,2,3RD ST,OLIVE ST,-,A,0,0,0,2,A,-,9,N,D,C,A,H,A,-,N,33.770504,-118.182402
20020724,2345,3,LONG BEACH BL,DEL AMO,-,A,0,0,0,2,A,-,3,N,E,I,A,H,C,D,Y,33.846735,-118.193744
20020724,1045,3,ANAHEIM,LIME,N,A,0,0,0,2,A,-,3,N,C,C,A,H,A,D,N,33.782606,-118.183950
20020724,1310,3,RT 710,WILLOW ST,N,A,0,0,0,2,A,-,8,N,B,C,A,H,A,D,N,33.770050,-118.193739
20020724,1130,3,RT 710,DEL AMO,N,A,0,0,0,2,A,-,7,N,B,C,A,H,A,D,N,33.770050,-118.193739
20020724,649,3,RT 710,RT 405,N,A,4,0,1,4,A,-,3,N,C,C,A,H,A,D,N,33.770050,-118.193739
20020724,45,3,RT 710,WILLOW ST,N,A,0,0,0,2,A,-,7,M,B,C,A,H,D,D,N,33.770050,-118.193739
20020724,1520,3,RT 710,WARDLOW RD BR,N,A,0,0,0,2,A,-,6,N,B,C,A,D,A,D,N,33.818749,-118.130842
20020724,1305,3,RT 710,DEL AMO BL,N,A,0,0,0,2,C,-,18,N,E,J,A,H,A,D,N,33.847073,-118.130810
20020724,950,3,RT 710,WILLOW AV,N,A,0,0,0,3,A,-,7,M,B,C,A,H,A,D,N,40.623157,-73.723150
20020724,1700,3,RT 710,LONG BEACH BL,N,A,3,0,2,1,A,-,8,N,E,I,A,H,A,D,N,33.823693,-118.189369
20020724,1640,3,RT 91,ATLANTIC AV,N,A,4,0,3,3,A,-,3,N,C,C,A,H,A,D,N,33.874843,-118.193412
20020725,1628,4,WILLOW,BALTIC,Y,A,4,0,1,2,A,-,9,N,D,-,A,H,A,D,Y,33.804425,-118.213275
20020725,820,4,STUDEBAKER RD,LOYNES DR,-,A,4,0,1,3,A,-,1,N,C,C,A,H,A,D,N,33.766947,-118.103100
20020725,1748,4,OCEAN,PINE,Y,A,3,0,2,2,A,-,9,N,A,C,A,-,A,A,N,33.767096,-118.192407
20020725,945,4,PACIFIC COAST HWY,ALAMITOS AV,-,A,0,0,0,2,A,-,3,N,C,C,A,H,A,A,N,33.789852,-118.189507
20020725,916,4,LOS ALAMITOS TRAFFIC CIR,LOS COYOTES DIAGONAL,N,A,0,0,0,2,-,-,- ,N,B,C,A,H,A,D,N,33.822650,-118.106054
20020725,914,4,WARDLOW RD,PACIFIC PL,Y,A,0,0,0,2,A,-,3,N,C,C,A,H,A,A,N,33.819044,-118.195946
20020725,1915,4,E 68TH WY,ORCUTT AV,N,A,0,0,0,2,A,-,9,N,H,G,A,H,A,A,N,33.878503,-118.202715
20020725,1450,4,ALAMITOS AV,6TH ST,Y,A,0,0,0,2,A,-,4,N,C,C,A,H,A,D,N,33.774050,-118.180614
20020725,1535,4,ANAHEIM ST,CEDAR AV,N,A,0,0,0,2,A,-,8,N,D,C,A,H,A,D,N,33.782596,-118.195060
20020725,807,4,CORONA AV,2ND ST,-,A,0,0,0,3,A,-,3,N,C,E,A,H,A,D,N,33.760176,-118.134501
20020725,1045,4,ORANGE AV,61ST ST,Y,A,4,0,1,2,A,-,9,N,A,C,A,H,A,D,N,33.865536,-118.177313
20020725,1830,4,WILLOW ST,RT 710,N,A,0,0,0,2,A,-,8,M,-,C,A,H,A,A,N,33.804175,-118.200527
20020725,1600,4,WALNUT AV,17TH ST,N,A,0,0,0,2,A,-,7,M,B,E,A,H,A,D,N,33.788065,-118.171985
20020725,1900,4,XIMENO,N ANAHIEM,N,A,0,0,0,2,A,-,7,N,B,E,A,H,D,D,N,33.782595,-118.141530
20020725,1055,4,BELLFLOWER BL,BELLFLOWER BL 2080,-,A,0,0,0,2,D,-,0,M,C,C,A,H,A,D,N,33.847052,-118.125160
20020725,1340,4,PALO VERDE AV,STEARNS ST,Y,A,4,0,2,2,A,-,9,M,B,C,A,H,A,A,N,33.795428,-118.107917
20020725,140,4,ATLANTA AV,21ST ST,N,A,0,0,0,2,A,-,7,M,C,E,A,H,C,D,N,33.795314,-118.198076
20020725,1030,4,OBISPO,8TH ST,N,A,0,0,0,2,A,-,21,M,H,C,A,H,A,D,N,33.777166,-118.154588
20020725,1620,4,RT 710,RT 91,N,A,0,0,0,2,A,-,7,N,B,C,A,H,A,D,N,33.770050,-118.193739
20020725,1510,4,RT 710,DEL AMO BL,N,A,0,0,0,2,A,-,7,N,B,C,A,D,A,D,N,33.847073,-118.130810
20020725,530,4,RT 405,LONG BEACH BL,N,A,0,0,0,2,A,-,8,N,B,C,A,H,A,D,N,33.823693,-118.189369
20020726,2058,5,PACIFIC AV,29TH ST,Y,A,4,0,2,2,A,-,9,N,A,C,A,H,C,D,Y,33.809831,-118.193712
20020726,1525,5,RT 605,SPRING ST,N,A,0,0,0,1,A,-,1,N,E,J,A,H,A,D,Y,33.810673,-118.134847
20020726,1918,5,LOMA VISTA AV,CHESTER ST,N,A,0,0,0,2,A,-,- ,N,C,C,A,H,A,D,Y,33.777461,-118.202525
20020726,1315,5,LONG BEACH BL,WARDLOW RD,N,A,0,0,0,2,A,-,- ,N,C,C,A,H,A,A,N,33.818979,-118.189257
20020726,1649,5,STEARNS,TULANE,Y,A,0,0,0,2,A,-,9,N,D,C,A,H,A,A,N,33.818979,-118.189257
20020726,910,5,WOODRUFF AV,SPRING ST,Y,A,4,0,2,3,A,-,12,N,D,C,A,H,A,A,N,33.810576,-118.114478
20020726,1420,5,CLARK AV,ATHERTON ST,N,A,0,0,0,2,A,-,9,N,D,C,A,H,A,D,N,33.789799,-118.134039
20020726,945,5,WARDLOW RD,PALO VERDE,Y,A,0,0,0,2,A,-,12,N,D,C,A,H,A,A,N,33.818859,-118.107822
20020726,1640,5,LONG BEACH BL,BORT ST,Y,A,0,0,0,2,A,-,- ,N,D,C,A,H,A,A,N,33.870561,-118.201589
20020726,1513,5,PACIFIC COAST HWY,XIMENO,N,A,3,0,2,1,B,-,22,N,E,I,A,H,A,D,N,33.789178,-118.141573
20020726,1841,5,GARDENIA,HUNGERFORD,N,A,3,0,1,2,A,-,9,N,D,G,A,A,A,A,N,33.862861,-118.169611
20020726,1442,5,ALY E VILLAGE RD,VIKING WY,-,A,0,0,0,2,A,-,21,M,C,C,A,H,A,D,N,33.833135,-118.126150
20020726,2320,5,2ND ST,COVINA AV,Y,A,0,0,0,2,A,-,4,M,C,C,A,H,C,D,N,33.759904,-118.133881
20020726,1650,5,LONG BEACH BL,5TH ST,Y,A,0,0,0,2,A,-,3,M,C,C,A,H,A,A,N,33.772640,-118.189467
20020726,1855,5,ELM AV,DEL AMO,-,A,0,0,0,2,A,-,8,M,A,E,A,H,A,D,N,33.846008,-118.188317
20020726,2215,5,LONG BEACH BL,35TH ST,N,A,1,1,0,2,A,-,11,N,G,B,A,H,C,D,N,33.820351,-118.189297
20020726,2014,5,ALY PARAMOUNG BL,PARAMOUNT BL,-,A,4,0,1,2,-,-,- ,N,G,B,A,H,C,D,N,33.904815,-118.160103
20020726,1231,5,CHERRY AV,15TH ST,Y,A,0,0,0,2,A,-,9,N,D,C,A,H,A,D,N,33.786228,-118.167654
20020726,1630,5,RT 710,ATLANTIC AV,N,A,0,0,0,2,A,-,3,N,C,C,A,H,A,D,N,39.576654,-74.226897
20020726,1535,5,RT 710,DEL AMO BL,N,A,3,0,2,4,A,-,7,F,B,C,A,D,A,D,N,33.847073,-118.130810
20020726,2341,5,HILL ST,ATLANTIC AV,Y,A,4,0,2,2,A,-,12,N,D,C,A,H,C,A,N,33.797124,-118.185032
20020726,38,5,20TH ST,LOCUST AV,Y,A,0,0,0,2,-,-,- ,N,D,C,A,H,C,D,N,33.793482,-118.191085
20020726,1540,5,RT 405,RT 710,N,A,0,0,0,2,A,-,3,N,B,C,A,H,A,D,N,46.462508,-95.646979
20020726,1305,5,RT 405,SAN GABRIEL RV,N,A,0,0,0,2,A,-,7,M,B,C,A,H,A,D,N,33.770050,-118.193739
20020727,2350,6,THE TOLEDO,GLENDORA,N,A,4,0,1,3,A,-,1,N,C,E,A,H,C,A,Y,33.761621,-118.131144
20020727,2200,6,RT 710,RT 405,N,A,3,0,2,3,A,-,1,N,C,C,A,H,D,D,Y,33.770050,-118.193739
20020727,2105,6,ATLANTIC AV,RT 91,Y,A,4,0,1,2,A,-,7,N,B,C,A,H,C,A,Y,33.874843,-118.193412
20020727,1055,6,CARSON ST,TOWN CENTER RD,Y,A,4,0,1,2,A,-,- ,N,C,B,A,H,A,D,N,33.831299,-118.090034
20020727,2001,6,SALT LAKE ST,LEMON,N,A,0,0,0,2,D,-,0,N,B,E,A,H,B,D,N,33.796212,-118.178503
20020727,1657,6,WARDLOW RD,WOODRUFF AV,Y,A,0,0,0,2,A,-,9,N,D,C,A,H,A,A,N,33.818859,-118.116517
20020727,401,6,PARAMOUNT BL,S SOUTH ST,N,A,0,0,0,2,A,-,7,M,B,E,A,H,C,D,N,33.860173,-118.159958
20020727,1320,6,LAKEWOOD BL,OUTER TRAFFIC CIR,N,A,0,0,0,2,A,-,3,N,B,C,A,H,A,D,N,33.791542,-118.142661
20020727,1021,6,7TH ST,ATLANTIC,Y,B,0,0,0,2,A,-,8,N,B,C,A,H,A,D,N,33.775355,-118.185042
20020727,1026,6,BIXBY ST,ATLANTA AV,N,A,0,0,0,2,A,-,5,N,A,C,A,H,A,A,N,33.826706,-118.184958
20020727,1708,6,7TH ST,OLIVE,Y,A,4,0,1,2,A,-,8,N,A,I,A,H,A,A,N,33.775358,-118.182398