COLLISION_DATE,COLLISION_TIME,DAY_OF_WEEK,PRIMARY_RD,SECONDARY_RD,INTERSECTION,WEATHER_1,COLLISION_SEVERITY,NUMBER_KILLED,NUMBER_INJURED,PARTY_COUNT,PRIMARY_COLL_FACTOR,PCF_CODE_OF_VIOL,PCF_VIOL_CATEGORY,HIT_AND_RUN,TYPE_OF_COLLISION,MVIW,ROAD_SURFACE,ROAD_COND_1,LIGHTING,CONTROL_DEVICE,ALCOHOL_INVOLVED,LATITUDE,LONGITUDE
20020829,1302,4,WALNUT AV,10TH ST,Y,A,0,0,0,2,A,-,12,N,D,C,A,H,A,A,N,33.778973,-118.171990
20020829,1230,4,CHERRY AV,SPRING ST,Y,A,0,0,0,2,A,-,7,N,B,C,A,H,A,D,N,33.811671,-118.167533
20020829,1103,4,ANAHEIM ST,ATLANTIC,-,A,0,0,0,1,A,-,8,M,E,I,A,H,A,D,N,33.782609,-118.185034
20020829,642,4,1ST ST,LINDEN AV,Y,A,0,0,0,2,A,-,12,F,D,C,A,H,B,A,N,33.768081,-118.186362
20020829,2310,4,CARSON ST,WOODRUFF AVE,Y,A,0,0,0,2,D,-,0,N,D,C,A,H,C,A,N,33.832203,-118.116545
20020829,1845,4,EAST BROADWAY,1032 E BROADWAY,N,A,0,0,0,3,A,-,7,M,B,E,A,H,A,D,N,33.769267,-118.192389
20020829,1725,4,DELTA AV,ARLINGTON ST,Y,A,3,0,1,2,A,-,9,F,D,G,A,H,A,A,N,33.821359,-118.211094
20020829,1715,4,EAST 2ND ST,BONHO,N,A,0,0,0,3,A,-,8,M,D,C,A,H,A,D,N,33.770050,-118.193739
20020829,1300,4,ALAMITOS AV,OCEAN BL,Y,A,0,0,0,2,A,-,9,N,D,C,A,H,A,A,N,33.766221,-118.183133
20020829,1154,4,4TH ST,CERRITOS AV,Y,A,4,0,1,2,A,-,10,N,G,B,A,H,A,A,N,33.771720,-118.177984
20020829,1700,4,ATLANTIC AV,SAN ANTONIO DR,N,A,4,0,1,2,A,-,11,N,G,B,A,H,A,A,N,33.836807,-118.184964
20020829,1200,4,65TH ST,PARAMOUNT BL,Y,A,4,0,1,2,A,-,4,N,C,C,A,H,A,A,N,33.872496,-118.159965
20020829,1500,4,RT 405,LAKEWOOD BL,N,A,0,0,0,2,A,-,3,N,C,C,A,H,A,D,N,33.843075,-118.142426
20020829,1845,4,RT 405,BELLFLOWER BL,N,A,0,0,0,2,A,-,3,N,C,C,A,H,A,D,N,33.769086,-118.120973
20020829,1411,4,RT 710,LONG BEACH BL,N,A,0,0,0,2,A,-,7,N,B,C,A,H,A,D,N,33.823693,-118.189369
20020829,1345,4,RT 710,DEL AMO BL,N,A,0,0,0,2,A,-,21,N,C,C,A,D,A,D,N,33.847073,-118.130810
20020829,1320,4,RT 710,BUTLER AV,N,A,0,0,0,2,A,-,8,N,B,E,A,H,A,D,N,33.874761,-118.196935
20020829,1340,4,RT 710,BUTLER AV,N,A,0,0,0,3,A,-,8,N,B,E,A,H,A,D,N,33.874761,-118.196935
20020829,1405,4,RT 710,LONG BEACH BL,N,A,0,0,0,2,A,-,3,N,C,C,A,H,A,D,N,33.823693,-118.189369
20020829,2025,4,RT 91,LONG BEACH BL,N,A,4,0,1,1,A,-,8,N,E,I,A,H,C,D,N,33.873156,-118.200648
20020829,1550,4,RT 710,RT 405,N,A,0,0,0,2,A,-,4,N,C,C,A,D,D,D,N,33.770050,-118.193739
20020829,1410,4,RT 710,LONG BEACH BL,N,A,0,0,0,2,A,-,3,N,C,C,A,H,A,D,N,33.823693,-118.189369
20020830,31,5,MAGNOLIA AVE,3RD ST,N,A,0,0,0,2,A,-,12,M,C,E,A,H,C,A,Y,33.770505,-118.198046
20020830,825,5,WILLOW ST,SANTA FE AVE,Y,A,4,0,1,2,A,-,10,N,G,B,A,H,A,A,Y,33.804314,-118.215382
20020830,2056,5,DEL AMO BL,DAISY AV,Y,A,4,0,2,2,A,-,1,N,A,C,A,H,C,A,Y,33.846577,-118.198653
20020830,2109,5,COOLIDGE ST,BUTLER AV,N,A,0,0,0,4,A,-,7,N,B,C,A,H,C,D,Y,33.873455,-118.196927
20020830,1700,5,ANAHEIM ST,JUNIPERO AV,Y,A,0,0,0,3,A,-,- ,N,D,C,A,H,A,D,Y,33.782610,-118.163308
20020830,1650,5,1ST ST,LONG BEACH BL,Y,A,0,0,0,2,A,-,8,F,B,C,A,E,A,A,Y,33.768079,-118.189466
20020830,1822,5,20TH ST,PACIFIC AV,N,A,0,0,0,4,-,-,- ,N,B,C,A,H,B,A,Y,33.793484,-118.193780
20020830,1831,5,4TH ST,DAWSON,N,A,0,0,0,2,A,-,- ,M,B,E,A,H,A,A,N,33.771718,-118.165577
20020830,1652,5,17TH ST,PACIFIC AV,N,A,0,0,0,2,A,-,21,M,H,C,A,H,A,D,N,46.363937,-124.053838
20020830,2343,5,6TH ST,ALAMITOS AV,N,A,0,0,0,2,D,-,0,M,B,E,A,H,C,D,N,33.774050,-118.180614
20020830,1826,5,ATLANTIC AV,ARTESIA BLVD,N,A,0,0,0,2,A,-,3,M,C,C,A,H,A,A,N,33.874312,-118.186089
20020830,1813,5,DOWNEY AV,SOUTH ST,N,A,4,0,1,2,A,-,9,N,D,C,A,H,A,D,N,33.860199,-118.151179
20020830,1405,5,MAGNOLIA AV,20TH ST,N,A,4,0,1,2,A,-,4,N,C,C,A,H,A,D,N,33.793488,-118.198079
20020830,1743,5,ORANGE AV,37TH ST,Y,A,4,0,3,2,A,-,9,N,D,C,A,H,A,A,N,33.824201,-118.176314
20020830,2042,5,ANAHEIM ST,OHIO AV,Y,A,4,0,1,2,A,-,9,N,D,C,A,H,C,D,N,33.782614,-118.160056
20020830,1438,5,CHERRY AV,60TH ST,N,A,0,0,0,2,A,-,9,N,E,I,A,H,A,D,N,33.864227,-118.168642
20020830,845,5,SEASIDE WY,COLLINS WY,Y,A,0,0,0,2,A,-,9,N,B,C,A,H,A,D,N,33.765833,-118.190062
20020830,1910,5,PARK LN,33RD ST,N,A,3,0,1,2,A,-,9,N,D,G,A,H,B,D,N,33.817084,-118.192683
20020830,1530,5,PACIFIC COAST HWY,SHERMAN PL,N,A,0,0,0,2,A,-,3,N,C,C,A,H,A,A,N,33.789870,-118.166249
20020830,1658,5,PACIFIC COAST HWY,CORONADO ST,-,A,4,0,1,2,A,-,8,N,D,C,A,H,A,D,N,33.789864,-118.152981
20020830,1655,5,RT 605,SPRING ST,-,A,4,0,1,4,A,-,3,F,C,C,A,H,A,D,N,33.810673,-118.134847
20020830,2315,5,OCEAN BL,PROMENADE,Y,A,2,0,1,2,A,-,10,N,G,B,A,-,C,A,N,33.767019,-118.191103
20020830,1800,5,BALBOA BL,SAN FERNANDO MISSION BL,Y,A,3,0,1,2,A,-,9,N,D,C,A,H,A,A,N,34.272030,-118.502209
20020830,1450,5,RT 405,WOODRUFF AV,N,A,0,0,0,2,A,-,3,N,C,C,A,H,A,D,N,33.813146,-118.115196
20020830,1620,5,RT 405,ORANGE AV,N,A,0,0,0,2,A,-,7,N,C,C,A,H,A,D,N,33.825422,-118.176316
20020830,2315,5,RT 405,CHERRY AV,N,A,0,0,0,2,A,-,8,M,B,C,A,H,C,D,N,33.823170,-118.167726
20020830,1320,5,RT 405,STUDEBAKER RD,N,A,0,0,0,2,A,-,3,M,C,C,A,H,A,D,N,33.791446,-118.099621
20020830,1714,5,LOUISE ST,LONG BEACH BL,N,A,4,0,1,3,-,-,- ,N,D,C,A,H,A,D,N,33.855084,-118.196971
20020830,1128,5,SOUTH ST,WALNUT AV,Y,A,4,0,1,1,-,-,- ,N,E,I,A,H,A,A,N,33.860138,-118.173471
20020831,2017,6,CHERRY,MARKET,Y,A,4,0,2,2,D,-,0,N,D,C,A,H,C,A,Y,33.854386,-118.167805
20020831,2310,6,LEWIS AV,HARDING AV,N,A,0,0,0,2,A,-,7,N,B,E,A,H,C,D,Y,33.867337,-118.180110
20020831,1825,6,7TH ST,CEDAR AVE,Y,A,0,0,0,2,A,-,8,M,H,C,A,H,B,A,N,33.775335,-118.195071
20020831,1853,6,WILLOW ST,PACIFIC AV,Y,A,4,0,1,2,A,-,9,F,D,C,A,H,B,A,N,33.804440,-118.193717
20020831,1933,6,6THN ST,PARK AVENUE,N,A,0,0,0,2,A,-,5,M,D,E,A,H,B,D,N,33.773524,-118.137198
20020831,1102,6,5TH PL,OCEAN BL,N,B,0,0,0,2,-,-,- ,M,B,E,A,H,A,D,N,33.765720,-118.177820
20020831,1856,6,ALAMITOS AV,EAST 11TH ST,N,A,0,0,0,4,A,-,1,N,B,E,A,H,B,D,N,33.780783,-118.178503
20020831,2016,6,10TH ST,LIME AV,-,A,3,0,6,3,A,-,1,M,B,C,A,H,C,D,N,33.778965,-118.183959
20020831,1200,6,OCEAN BL,JUNIPERO AV,N,B,4,0,1,2,A,-,4,N,C,-,A,H,A,A,N,33.764198,-118.166629
20020831,1500,6,CHERRY AV,BERMUDA ST,Y,B,4,0,2,2,A,-,9,N,D,C,A,H,A,D,N,33.769900,-118.167668
20020831,1948,6,PACIFIC COAST HWY,2ND ST,N,A,4,0,2,3,A,-,3,N,C,C,A,H,C,A,N,33.758149,-118.111272
20020831,2104,6,LONG BEACH BL,BARCLAY ST,-,B,4,0,1,2,A,-,7,N,B,C,A,H,C,D,N,33.867206,-118.200561
20020831,1543,6,HENDERSON,20TH ST,N,A,0,0,0,2,A,-,21,N,B,E,A,H,A,D,N,33.793489,-118.197613
20020831,1957,6,DAIRY AV,NORTON ST,Y,A,0,0,0,3,A,-,12,N,D,C,A,H,C,A,N,33.858376,-118.192456
20020831,1432,6,PARAMOUNT,ARTESIA,N,A,4,0,1,4,A,-,3,N,C,C,A,H,A,A,N,33.874619,-118.159983
20020831,1110,6,COLORADO ST,XIMENO AV,N,A,0,0,0,2,A,-,9,N,D,C,A,H,A,D,N,33.769893,-118.141546
20020831,2142,6,WARDLOW ST,KAREN AV,Y,A,0,0,0,2,A,-,9,N,D,C,A,H,C,A,N,33.818745,-118.095547
20020831,1200,6,RT 405,SAN GABRIEL RIVER,-,A,3,0,1,1,A,-,3,N,E,J,A,H,A,D,N,33.770050,-118.193739
20020901,100,7,ALAMITOS AV,OCEANA BL,Y,B,0,0,0,2,A,-,9,N,D,C,A,H,C,A,Y,33.766221,-118.183133
20020901,2245,7,RT 710,WARDLOW RD,N,A,0,0,0,2,A,-,3,N,C,C,A,H,D,D,Y,33.818749,-118.130842
20020901,205,7,3RD ST,MAINE AVE,Y,A,0,0,0,3,A,-,8,M,D,C,A,H,C,D,N,33.770515,-118.200608
20020901,1940,7,DOWNEY AVE,65TH ST,N,A,0,0,0,3,A,-,4,M,C,C,A,H,C,D,N,33.872914,-118.151279
20020901,334,7,BELLFLOWER BL,ATHERTON ST,N,A,0,0,0,2,A,-,7,M,E,I,A,H,C,D,N,33.788526,-118.124399
20020901,2300,7,HACKETT AVE,MARITA ST,N,A,0,0,0,2,D,-,0,M,B,E,A,H,C,D,N,33.790802,-118.106885
20020901,445,7,2ND ST,JUNIPERO AV,N,A,0,0,,2,D,-,0,M,D,C,A,H,C,D,N,33.766335,-118.165992
20020901,1118,7,BROADWAY,LINDEN AV,Y,A,4,0,1,2,A,-,12,N,D,C,A,H,A,A,N,40.626174,-73.715576
20020901,1844,7,PALO VERDE,FAIRBROOK,N,A,4,0,1,4,A,-,3,N,C,C,A,H,A,D,N,33.791526,-118.107945
20020901,40,7,CHERRY,32ND ST,-,A,0,0,0,3,A,-,3,N,D,C,A,H,C,D,N,33.815220,-118.167686
20020901,1902,7,ORANGE AV,5TH ST,N,A,0,0,0,2,A,-,9,N,D,C,A,H,B,D,N,33.773001,-118.176361
20020901,2135,7,RT 710,PACIFIC AV,N,A,0,0,0,2,A,-,3,N,C,C,A,H,C,D,N,46.356782,-124.054189
20020901,1130,7,RT 405,LAKEWOOD BL,N,B,0,0,0,2,A,-,7,N,B,C,A,H,A,D,N,33.843075,-118.142426
20020901,1700,7,RT 91,DOWNEY AV,N,A,0,0,0,1,A,-,8,N,E,I,A,H,A,D,N,33.876770,-118.153649
20020901,1027,7,OCEAN BL,PINE AV,Y,A,0,0,0,2,A,-,12,N,D,C,A,H,A,A,N,33.767096,-118.192407
20020902,1329,1,CHERRY AV,1ST ST,N,A,4,0,1,2,A,-,3,N,C,C,A,H,A,D,Y,33.765601,-118.168215
20020902,2102,1,LONG BEACH BL,ARTESIA BL,Y,A,4,0,1,2,A,-,12,N,D,C,A,H,A,A,N,33.874332,-118.202702
20020902,1105,1,OCEAN,19TH PL,Y,A,0,0,0,2,A,-,9,N,D,C,A,H,A,D,N,33.763917,-118.165305
20020902,215,1,LOCUST AVE,20TH ST,N,A,0,0,0,2,A,-,7,M,B,E,A,H,C,D,N,33.793482,-118.191085
20020902,2213,1,20TH ST,CHESTNUT AVE,-,A,0,0,0,2,A,-,12,M,D,E,A,H,C,D,N,33.793485,-118.195894
20020902,1102,1,REDONDO,BROADWAY,N,A,3,0,1,2,A,-,5,N,H,G,A,H,A,D,N,33.764438,-118.152414
20020902,1515,1,STUDEBAKER LN,BARRIOS,Y,A,0,0,0,2,A,-,8,N,B,C,A,H,A,D,N,33.806836,-118.099235
20020902,756,1,LOS COYOTES DIAGONAL,LA YANTE,N,A,0,0,0,1,A,-,7,N,E,I,A,H,A,A,N,33.770050,-118.193739
20020902,2350,1,ARTESIA BL,LONG BEACH BL,Y,A,0,0,0,2,A,-,9,N,D,C,A,H,C,A,N,33.874332,-118.202702
20020902,1337,1,TEMPLE AV,11TH ST,-,A,0,0,0,2,A,-,21,N,C,C,A,H,A,D,N,33.780782,-118.158932
20020902,1312,1,CHERRY AV,HARDING ST,Y,A,3,0,1,3,D,-,0,N,D,C,A,H,A,D,N,33.867402,-118.168659
20020902,2025,1,OCEAN BL,2ND PL,Y,A,0,0,0,2,A,-,9,N,D,E,A,H,C,D,N,33.766070,-118.180447
20020902,1911,1,ANAHEIM ST,ORANGE AV,Y,A,0,0,0,2,A,-,9,N,A,C,A,H,A,A,N,33.782603,-118.176335
20020902,2323,1,OCEAN,LIVINGSTON,-,A,0,0,0,2,A,-,12,N,D,C,A,H,C,A,N,33.760458,-118.147195
20020902,1540,1,BELLFLOWER,COLORADO,N,A,0,0,0,2,A,-,7,N,B,C,A,H,A,D,N,33.769888,-118.121068
20020902,1815,1,BROADWAY,PACIFIC AV,N,A,0,0,0,3,A,-,4,M,B,C,A,H,A,A,N,33.769264,-118.193812
20020902,651,1,LOS COYOTES DIAGONAL,BELLFLOWER BL,Y,A,3,0,1,2,A,-,12,N,D,C,A,H,A,A,N,33.802141,-118.125195
20020902,1740,1,7TH ST,ELM AV,N,A,4,0,1,2,A,-,12,N,D,G,A,H,A,A,N,33.775353,-118.187688
20020903,848,2,CLARK AV,CARSON ST,Y,A,3,0,1,2,A,-,5,M,D,G,A,H,A,A,Y,33.832368,-118.133854
20020903,520,2,BROADWAY,REDONDO AV,Y,A,4,0,1,2,A,-,12,N,D,C,A,H,C,A,Y,33.764438,-118.152414
20020903,1650,2,MLK JR AVE,19TH ST,N,A,0,0,0,2,A,-,4,M,C,C,A,H,A,-,N,33.791671,-118.180696
20020903,1706,2,PACIFIC COAST HWY,LONG BEACH BL,N,A,3,0,1,2,A,-,21,N,G,-,A,H,A,D,N,33.789852,-118.189507
20020903,1235,2,DAWSON,10TH ST,Y,A,0,0,0,1,A,-,9,N,B,I,A,H,A,D,N,33.778972,-118.165489
20020903,1340,2,ANAHEIM,PINE AV,-,A,0,0,0,2,B,-,22,N,D,C,A,H,A,D,N,33.782594,-118.192389
20020903,1844,2,LOS ALAMITOS TRAFFIC CIR,PACIFIC COAST HWY,Y,E,0,0,0,2,A,-,3,N,C,C,A,H,A,A,N,33.789863,-118.166885
20020903,1005,2,CARSON ST,LAKEWOOD BL,N,A,0,0,0,2,A,-,7,N,B,C,A,H,A,A,N,33.832274,-118.142464
20020903,1436,2,7TH ST,REDONDO AV,Y,A,4,0,2,4,A,-,12,N,D,C,A,H,A,A,N,33.775338,-118.152417
20020903,945,2,PACIFIC COAST HWY,LAKEWOOD BL,Y,A,0,0,0,2,D,-,0,N,D,C,A,H,A,D,N,33.789852,-118.189507
20020903,1735,2,PALO VERDE,ATHERTON,N,A,0,0,0,2,A,-,7,N,B,C,A,H,A,D,N,33.788755,-118.107954
20020903,1110,2,ATLANTIC AV,MARKET,N,A,0,0,0,2,A,-,8,N,B,C,A,H,A,A,N,33.854324,-118.185004
20020903,1630,2,ATLANTIC AV,67TH ST,Y,A,0,0,0,2,A,-,9,N,D,C,A,H,A,D,N,33.875734,-118.186191
20020903,1702,2,16TH ST,ORIZABA AV,N,A,0,0,0,2,-,-,- ,N,C,C,A,H,A,D,N,33.787126,-118.156749
20020903,1607,2,ROOSEVELT,MYRTLE,N,A,0,0,0,2,E,-,24,N,C,C,A,H,A,D,N,33.828935,-118.181730
20020903,724,2,ATLANTIC AV,56TH ST,Y,A,4,0,1,2,D,-,0,N,D,C,A,H,A,A,N,33.858094,-118.184914
20020903,725,2,WARDLOW RD,CALIFORNIA AV,Y,A,0,0,0,2,A,-,12,N,D,C,A,H,A,A,N,33.818916,-118.180679
20020903,432,2,ORANGE,SAN ANTONIO,Y,A,3,0,2,2,D,-,0,N,D,C,A,H,C,A,N,33.841566,-118.176305
20020903,2240,2,RT 405,LONG BEACH BL,N,A,0,0,0,2,A,-,3,N,C,C,A,H,D,D,N,33.823693,-118.189369
20020903,1715,2,RT 405,TEMPLE AV,N,A,0,0,0,3,A,-,3,M,C,C,A,H,A,D,N,34.145957,-118.417898
20020903,1720,2,RT 405,ORANGE AV,N,A,0,0,0,3,A,-,3,M,C,C,A,H,A,D,N,33.825422,-118.176316
20020903,830,2,PACIFIC COAST HWY,BELLFLOWER BL,N,A,4,0,1,2,A,-,9,N,D,C,A,H,A,A,N,33.774031,-118.121077
20020903,1625,2,RT 710,DEL AMO BL,N,A,0,0,0,2,A,-,3,N,C,C,A,H,A,D,N,33.847073,-118.130810
20020904,1535,3,CENTRALIA ST,MONTAIR AV,N,A,0,0,0,3,A,-,1,N,A,C,A,H,A,A,Y,33.839550,-118.126250
20020904,1505,3,7TH ST,RAYMOND AV,N,A,0,0,0,2,A,-,7,M,B,E,A,H,A,D,N,33.775343,-118.164404
20020904,1912,3,LOUISE ST,ELM,N,A,0,0,0,2,A,-,21,N,D,E,A,H,C,D,N,33.855132,-118.188406
20020904,1658,3,ATLANTIC AV,4245 ATLANTIC AV,N,A,0,0,0,2,A,-,21,N,C,C,A,H,A,D,N,33.883066,-118.188022
20020904,1700,3,PACIFIC COAST HWY,CERRITOS AV,Y,A,0,0,0,2,A,-,7,M,B,C,A,H,A,D,N,33.789855,-118.177422
20020904,1515,3,ALLEY S ANAHEIM,CHERRY,-,A,0,0,0,2,A,-,3,M,B,E,A,H,A,D,N,33.782604,-118.167652
20020904,800,3,PCH,OBISPO AVE,N,A,0,0,0,2,A,-,3,M,C,C,A,H,A,D,N,33.789856,-118.154575
20020904,1628,3,WILLOW ST,MAINE AV,Y,A,0,0,0,2,-,-,- ,M,C,C,A,H,A,D,N,33.804313,-118.200230
20020904,655,3,7TH ST,ATLANTIC AV,Y,A,4,0,1,2,A,-,12,N,D,C,A,H,A,A,N,33.775355,-118.185042
20020904,1730,3,SERVICE RD,STUDEBAKER,Y,A,0,0,0,2,A,-,3,N,C,C,A,H,A,D,N,33.770050,-118.193739
20020904,1322,3,EASY AV,25TH ST,-,A,4,0,1,2,A,-,21,N,D,C,A,H,A,D,N,33.802565,-118.210012
20020904,1233,3,ANAHEIM ST,XIMENO AV,Y,A,0,0,0,2,D,-,0,N,D,C,A,H,A,A,N,33.782595,-118.141530
20020904,1250,3,CHERRY AV,33RD ST,-,A,0,0,0,2,A,-,21,N,H,C,A,H,A,D,N,33.817106,-118.167575
20020904,1509,3,ATLANTIC AV,ARTESIA BL,N,A,4,0,1,3,A,-,3,N,C,-,A,H,A,D,N,33.874312,-118.186089
20020904,910,3,LINDEN AV,51ST ST,N,A,0,0,0,2,A,-,21,N,H,C,A,H,A,D,N,33.848583,-118.186111
20020904,1650,3,ATLANTIC AV,ANAHEIM,N,A,0,0,0,2,A,-,9,N,D,C,A,H,A,D,N,33.782609,-118.185034
20020904,700,3,RT 405,TEMPLE AV,N,A,0,0,0,2,A,-,3,N,C,C,A,H,A,D,N,34.145957,-118.417898
20020904,955,3,RT 405,STUDEBAKER RD,N,A,4,0,1,2,A,-,3,N,C,C,A,H,A,D,N,33.791446,-118.099621
20020904,630,3,RT 405,LAKEWOOD BL,N,A,0,0,0,2,A,-,7,N,B,C,A,H,B,D,N,33.843075,-118.142426
20020904,1210,3,RT 405,RT 710,N,A,0,0,0,2,A,-,3,N,C,C,A,H,A,D,N,46.462508,-95.646979
20020904,615,3,RT 405,LAKEWOOD BL,N,A,0,0,0,2,A,-,7,N,B,C,A,H,B,D,N,33.843075,-118.142426
20020904,1420,3,ORIZABA AV,10TH ST,N,A,0,0,0,2,A,-,- ,N,C,C,A,H,A,A,N,33.778968,-118.156760
20020904,1545,3,RT 710,CARSON ST,N,A,0,0,0,2,A,-,3,M,C,C,A,H,A,D,N,33.832262,-118.135654
20020904,2005,3,RT 405,STUDEBAKER RD,N,A,3,0,3,1,A,-,8,N,E,I,A,H,C,D,N,33.791446,-118.099621
20020904,1115,3,RT 710,WILLOW AV,N,A,0,0,0,2,A,-,3,M,B,C,A,H,A,D,N,40.623157,-73.723150
20020905,928,4,OCEAN BL,LOCUST AV,Y,A,0,0,0,3,A,-,3,N,C,C,A,H,A,A,Y,33.766886,-118.191036
20020905,2354,4,DOWNEY AV,ROSE,N,A,4,0,1,2,A,-,1,N,B,E,A,H,B,D,Y,33.869562,-118.151250
20020905,154,4,CHERRY AV,WARDLOW RD,N,B,3,0,1,1,A,-,1,N,A,I,A,A,C,A,Y,33.818920,-118.167686
20020905,1602,4,ANAHEIM,ORANGE AV,N,A,0,0,0,2,A,-,8,N,B,C,A,H,A,D,N,33.782603,-118.176335
20020905,1906,4,MONROVIA AV,VISTA ST,N,B,0,0,0,2,A,-,8,M,B,C,A,H,A,D,N,33.765531,-118.131295
20020905,1848,4,ALLEY,CHERRY AV,N,B,0,0,0,2,A,-,- ,M,A,E,B,H,A,D,N,33.823170,-118.167726
20020905,1335,4,PALO VERDE AV,BARBANELL ST,Y,B,0,0,0,2,A,-,9,N,D,C,A,H,A,D,N,33.805252,-118.107910
20020905,1205,4,LINDEN AV,8TH ST,Y,A,0,0,0,2,A,-,- ,N,D,C,A,H,A,D,N,33.776563,-118.186353
20020905,1050,4,LONG BEACH BL,RT 91,Y,A,0,0,0,2,A,-,12,N,D,C,A,H,A,A,N,39.726252,-74.123919
20020905,1446,4,ANAHEIM ST,LONG BEACH BL,N,A,4,0,1,2,A,-,8,N,D,C,A,H,A,A,N,33.782605,-118.189258
20020905,1540,4,RT 91,ATLANTIC AV,N,B,0,0,0,2,A,-,3,N,C,C,A,H,A,D,N,33.874843,-118.193412
20020905,1242,4,PARAMOUNT BL,ARTESIA BL,Y,A,0,0,0,3,A,-,12,N,D,C,A,H,A,A,N,33.874619,-118.159983
20020905,1315,4,PACIFIC COAST HWY,PARK AV,N,B,0,0,0,2,A,-,3,N,C,C,A,H,A,D,N,33.786033,-118.137053
20020905,2034,4,ATLANTIC,PACIFIC COAST HWY,Y,A,4,0,2,2,A,-,12,N,D,C,A,H,C,A,N,33.789867,-118.185018
20020905,1629,4,LAKEWOOD BL,TRAFFOC COR,Y,A,0,0,0,2,A,R,- ,N,C,C,A,H,A,A,N,33.791542,-118.142661
20020905,907,4,HARBOR,PACIFIC COAST HWY,Y,B,0,0,0,2,A,-,9,N,A,C,A,H,A,A,N,33.789825,-118.210498
20020905,2500,4,17TH,SHERMAN,N,B,0,0,0,1,A,-,- ,N,E,I,A,H,A,D,N,33.788046,-118.166201
20020905,2220,4,RT 710,PACIFIC COAST HWY,N,B,0,0,0,2,A,-,3,N,E,I,B,H,C,D,N,33.789863,-118.166885
20020905,1244,4,RT 710,RT 91,N,B,0,0,0,2,A,-,7,N,B,C,A,G,A,A,N,33.770050,-118.193739
20020905,1530,4,ATLANTIC AV,WILLOW ST,N,A,4,0,1,2,A,-,3,N,C,C,A,D,A,D,N,33.804328,-118.185023
20020905,1258,4,MAGNOLIA AV,7TH ST,Y,A,4,0,3,3,A,-,12,N,D,C,A,H,A,A,N,33.775332,-118.198040
20020905,1025,4,6TH ST,PACIFIC AV,Y,A,4,0,1,2,A,-,21,N,G,B,A,H,A,D,N,33.774115,-118.193806
20020905,1755,4,RT 710,WARDLOW RD,N,B,3,0,4,4,A,-,3,N,C,C,A,H,A,D,N,33.818749,-118.130842
20020905,1600,4,RT 91,RT 710,N,B,0,0,0,2,A,-,3,N,C,C,A,H,A,D,N,32.932282,-80.411644
20020905,2248,4,RT 710,ATLANTIC AV,N,B,0,0,0,2,A,-,8,M,E,I,A,H,C,D,N,39.576654,-74.226897
20020905,2249,4,ATLANTIC AV,RT 91,Y,-,0,0,0,2,A,-,12,M,D,C,-,-,-,A,N,33.874843,-118.193412
20020906,1330,5,ACKERFIELD AV,SOUTH ST,N,A,0,0,0,2,A,-,3,M,C,E,A,H,A,D,Y,33.860171,-118.163115
20020906,745,5,LONG BEACH BL,68TH ST,Y,A,0,0,0,2,A,-,9,M,-,C,A,H,A,A,Y,33.877681,-118.203712
20020906,33,5,CLARK AV,EAGLE ST,N,B,3,0,1,1,A,-,1,N,E,I,A,H,C,D,Y,33.799451,-118.133983
20020906,2145,5,RT 710,RT 405,N,A,0,0,0,2,A,-,1,N,C,C,A,H,C,D,Y,33.770050,-118.193739
20020906,2230,5,RT 405,RT 605,N,A,4,0,1,2,A,-,3,N,C,C,A,H,C,D,Y,46.462508,-95.646979
20020906,1540,5,CARSON ST,GARDENIA,Y,A,0,0,0,2,A,-,- ,M,D,C,D,H,A,D,N,33.832428,-118.168697
20020906,820,5,MURIEL,6921 MURIEL,N,A,0,0,0,2,A,-,8,N,E,I,A,H,A,D,N,39.602082,-74.211519
20020906,1400,5,JUNIPERO AV,17TH ST,N,A,0,0,0,3,A,-,8,M,B,E,A,H,C,D,N,33.788047,-118.163316
20020906,408,5,11TH ST,OLIVE AV,N,A,0,0,0,1,A,-,7,M,E,I,A,H,C,D,N,33.788047,-118.163316
20020906,1600,5,ORANGE AV,61ST ST,N,A,0,0,0,3,A,-,7,N,D,E,A,H,A,D,N,33.865536,-118.177313
20020906,1729,5,4TH ST,CORONADO AV,N,A,0,0,0,3,A,-,5,N,A,C,A,H,A,D,N,33.771717,-118.153499
20020906,1400,5,LONG BEACH BL,8TH ST,N,B,0,0,0,2,A,-,3,N,C,C,A,H,A,A,N,33.776592,-118.189289
20020906,800,5,LONG BEACH BL,36TH ST,N,A,0,0,0,2,A,-,3,N,C,C,A,H,A,A,N,39.633820,-74.188146
20020906,1838,5,EAST 3RD ST,PINE AV,N,A,4,0,1,2,A,-,11,N,G,B,A,H,A,A,N,39.633820,-74.188146
20020906,1556,5,PARK,BROADWAY,N,A,0,0,0,2,A,-,12,N,D,G,A,H,A,A,N,34.030668,-118.474394
20020906,1803,5,7TH ST,LOCUST,N,A,0,0,0,2,A,-,7,N,B,C,A,H,A,A,N,33.775344,-118.191080
20020906,713,5,WARDLOW RD,CALIFORNIA,Y,A,3,0,3,2,A,-,9,N,D,C,A,H,A,A,N,33.818916,-118.180679
20020906,1638,5,CHERRY AV,PLYMOUTH ST,N,A,4,0,4,2,A,-,9,N,D,C,A,H,A,D,N,33.853485,-118.167731
20020906,640,5,RT 710,WILLOW ST,N,A,4,0,1,4,A,-,3,F,C,C,A,H,A,D,N,33.770050,-118.193739