COLLISION_DATE,COLLISION_TIME,DAY_OF_WEEK,PRIMARY_RD,SECONDARY_RD,INTERSECTION,WEATHER_1,COLLISION_SEVERITY,NUMBER_KILLED,NUMBER_INJURED,PARTY_COUNT,PRIMARY_COLL_FACTOR,PCF_CODE_OF_VIOL,PCF_VIOL_CATEGORY,HIT_AND_RUN,TYPE_OF_COLLISION,MVIW,ROAD_SURFACE,ROAD_COND_1,LIGHTING,CONTROL_DEVICE,ALCOHOL_INVOLVED,LATITUDE,LONGITUDE
20020930,923,1,DEL AMO BL,LONG BEACH BL,Y,A,0,0,0,2,A,-,21,N,H,C,A,H,A,A,N,33.846735,-118.193744
20020930,2003,1,SOUTH ST,PARAMOUNT,N,A,4,0,2,3,A,-,3,M,C,C,A,H,C,A,N,33.860173,-118.159958
20020930,1440,1,RT 710,RT 91,N,B,0,0,0,2,A,-,3,N,C,C,A,H,A,A,N,33.770050,-118.193739
20020930,1630,1,RT 405,CHERRY AV,N,A,0,0,0,3,A,-,3,N,C,C,A,H,A,D,N,33.823170,-118.167726
20020930,935,1,RT 405,MCHELEN,N,A,0,0,0,2,A,-,3,M,C,C,A,H,A,D,N,33.770050,-118.193739
20020930,840,1,RT 710,RT 91,N,A,0,0,0,4,A,-,7,M,D,A,A,H,A,D,N,33.770050,-118.193739
20020930,1220,1,RT 710,CARSON ST,N,A,0,0,0,2,A,-,3,N,B,C,A,H,A,D,N,33.832262,-118.135654
20020930,1610,1,PACIFIC COAST HWY,GAVIOTA AV,N,A,0,0,0,3,-,-,- ,N,C,C,A,H,A,D,N,33.789856,-118.170908
20020930,1700,1,OBISPO,15TH ST,N,A,0,0,0,2,A,-,- ,N,B,C,A,H,A,D,N,33.786224,-118.154579
20021001,1007,2,7TH ST,OLIVE AV,Y,B,0,0,0,2,A,-,8,N,B,C,A,H,A,D,N,33.775358,-118.182398
20021001,1852,2,ORANGE AV,70TH ST,N,A,4,0,2,2,A,-,8,N,D,C,A,H,C,D,N,33.881841,-118.177420
20021001,2224,2,7TH ST,W CAMPUS DR,-,A,4,0,1,2,A,-,3,N,C,C,A,H,C,A,N,33.775231,-118.115290
20021001,810,2,PACIFIC COAST HWY,2ND ST,N,B,0,0,0,2,A,-,- ,M,C,C,A,H,A,D,N,33.758149,-118.111272
20021001,755,2,4TH ST,OBISPO,Y,B,0,0,0,2,A,-,5,M,D,G,A,H,A,D,N,33.771717,-118.154602
20021001,1245,2,BELEN,PALO VERDE,N,A,0,0,0,2,A,-,21,M,C,C,A,H,A,D,N,33.808841,-118.107892
20021001,1555,2,PACIFIC COAST HWY,SANTA FE,N,A,0,0,0,2,A,-,8,N,B,C,A,H,A,D,N,33.789800,-118.215409
20021001,1600,2,PACIFIC COAST HWY,ATLANTIC AV,Y,B,4,0,1,3,A,-,9,N,D,C,A,H,A,A,N,33.789867,-118.185018
20021001,1302,2,SOUTH ST,GAVIOTA,-,A,0,0,0,2,A,-,9,N,D,C,B,H,A,D,N,33.860157,-118.171522
20021001,1347,2,WILLOW,BALTIC AV,Y,A,4,0,1,2,A,-,9,N,D,C,A,H,A,A,N,33.804425,-118.213275
20021001,1437,2,BELLFLOWER BL,ABBEYFIELD ST,N,B,0,0,0,2,A,-,3,N,C,C,-,H,A,A,N,33.793862,-118.125398
20021001,1327,2,SPRING ST,SAN ANSELINE,Y,A,0,0,0,2,A,-,9,N,D,C,A,H,A,A,N,33.810474,-118.121482
20021001,805,2,DOWNEY AV,ROSE ST,Y,B,0,0,0,2,A,-,3,N,C,C,A,H,A,D,N,33.869562,-118.151250
20021001,803,2,LOS COYOTES,STEARNLEE,Y,A,4,0,1,2,A,-,9,N,D,C,A,H,A,A,N,33.799910,-118.129604
20021001,1430,2,SAN FRANCISCO AV,14TH ST,N,A,0,0,0,2,D,-,0,N,B,E,A,H,A,D,N,33.783865,-118.203159
20021001,1825,2,RT 91,CHERRY AV,N,A,0,0,0,2,A,-,3,N,C,C,A,H,C,A,N,33.876334,-118.167205
20021001,730,2,PALO VERDE,WILLOW ST,Y,A,0,0,0,2,A,-,9,N,D,C,A,H,B,A,N,33.803149,-118.107912
20021001,1530,2,APPIAN WY,NIETO,Y,A,3,0,1,2,A,-,- ,N,D,C,A,H,A,A,N,33.768461,-118.132867
20021001,1615,2,RT 710,DEL AMO BL,N,A,0,0,0,2,A,-,3,N,C,C,A,H,A,D,N,33.847073,-118.130810
20021001,855,2,RT 405,CHERRY AV,N,B,0,0,0,1,A,-,3,N,E,I,A,H,A,D,N,33.823170,-118.167726
20021001,1200,2,WILLOW ST,RT 710,N,A,4,0,2,1,A,-,3,N,E,I,A,H,A,D,N,33.804175,-118.200527
20021001,1441,2,RT 91,RT 710,N,B,0,0,0,2,A,-,- ,N,C,C,A,H,A,D,N,32.932282,-80.411644
20021001,1814,2,NORTON ST,57TH ST,N,A,3,0,1,2,A,-,11,N,G,B,A,H,A,D,N,33.858394,-118.194948
20021001,1605,2,RT 405,WARDLOW RD,N,A,4,0,1,2,A,-,3,N,C,C,A,H,A,A,N,33.818749,-118.130842
20021002,1944,3,9TH ST,HOFFMAN AV,Y,A,0,0,0,6,A,-,1,N,B,E,A,H,C,D,Y,33.778066,-118.173045
20021002,2054,3,SANTA FE AV,HILL ST,N,A,3,0,1,2,A,-,7,N,D,E,A,H,C,D,N,33.797098,-118.215512
20021002,722,3,SOUTH ST,LOCUST,Y,A,2,0,2,3,A,-,10,N,G,B,A,H,A,D,N,33.860048,-118.189860
20021002,20,3,OLYMPIC PLZ,TERMINO AV,N,A,0,0,0,2,A,-,21,N,C,E,A,H,C,D,N,33.758964,-118.146167
20021002,1359,3,PACIFIC COAST HWY,LEWIS AV,Y,A,0,0,0,3,A,-,9,N,D,C,A,H,A,D,N,33.789867,-118.179607
20021002,1838,3,BELLFLOWER BL,HARVEY WY,Y,A,0,0,0,2,A,-,12,N,D,C,A,H,B,A,N,33.836060,-118.125212
20021002,850,3,SAN ANTONIO,LINDEN,N,A,0,0,0,2,A,-,9,N,D,C,A,H,A,D,N,33.836140,-118.186506
20021002,1715,3,ANAHEIM ST,OBISPO AV,Y,A,0,0,0,2,A,-,9,F,D,C,A,H,A,A,N,33.782605,-118.154580
20021002,1300,3,OCEAN BL,ALAMITOS AV,Y,A,4,0,1,2,-,-,- ,N,D,G,A,H,A,A,N,33.766221,-118.183133
20021002,1700,3,GRANADA AV,2ND ST,N,A,0,0,0,2,A,-,- ,M,B,C,A,H,A,D,N,33.760677,-118.135939
20021002,1302,3,PACIFIC COAST HWY,CHERRY AV,Y,A,0,0,0,2,A,-,9,M,D,C,A,H,A,A,N,33.789861,-118.167643
20021002,15,3,HARBOR SCENIC DR,HARBOR PLZ,N,A,4,0,1,3,A,-,21,M,B,C,A,H,C,D,N,33.752991,-118.195479
20021002,1650,3,RT 405,WOODRUFF AV,N,A,0,0,0,2,A,-,3,N,C,C,A,H,A,D,N,33.813146,-118.115196
20021002,2114,3,WASHINGTON ST,ROSE AV,N,A,0,0,0,8,A,-,6,M,B,E,A,H,D,D,N,33.855244,-118.170497
20021003,2142,4,PACIFIC AV,27TH ST,N,A,3,0,1,3,A,-,3,N,C,C,A,H,C,D,Y,33.806198,-118.193705
20021003,1357,4,ARTESIA BL,ATLANTIC AV,Y,A,1,1,1,2,A,-,1,N,C,C,A,H,A,A,Y,33.874312,-118.186089
20021003,1813,4,7TH ST,REDONDO AV,-,A,4,0,1,3,A,-,12,N,D,B,A,H,A,A,N,33.775338,-118.152417
20021003,1730,4,ANAHEIM ST,GUNDRY AV,Y,A,0,0,0,2,A,-,9,N,D,C,A,H,A,D,N,33.782598,-118.174165
20021003,1210,4,ANAHEIM ST,LOMA AV,Y,A,4,0,3,2,A,-,9,N,B,C,A,H,A,D,N,33.782598,-118.150236
20021003,920,4,RT 91,WALNUT AV,N,A,0,0,0,2,A,-,3,N,C,C,A,H,A,D,N,41.659071,-93.744271
20021003,915,4,RT 91,ATLANTIC AV,-,A,0,0,0,2,A,-,7,N,B,C,A,H,A,D,N,33.874843,-118.193412
20021003,752,4,PACIFIC COAST HWY,SANTA FE AV,N,A,4,0,1,2,A,-,3,N,C,C,A,H,A,A,N,33.789800,-118.215409
20021003,714,4,PARAMOUNT BL,ARTESIA AV,Y,A,4,0,1,3,A,-,7,N,B,C,A,H,A,A,N,33.874619,-118.159983
20021003,1924,4,7TH ST,CHANNEL DR,N,A,0,0,0,2,A,-,3,N,C,C,A,H,C,A,N,33.775220,-118.119009
20021003,1119,4,STUDEBAKER RD,LOYNES DR,Y,A,4,0,1,3,A,-,12,N,D,C,A,H,A,A,N,33.766947,-118.103100
20021003,1250,4,ANAHEIM ST,XIMENO AV,Y,A,3,0,2,2,D,-,0,N,-,-,-,-,A,-,N,33.782595,-118.141530
20021003,1425,4,2ND ST,POMONA AV,Y,A,0,0,0,3,A,-,4,F,C,C,A,H,A,A,N,33.759010,-118.132084
20021003,1721,4,3RD ST,ORANGE AV,Y,A,0,0,0,2,A,-,9,N,D,C,A,H,A,A,N,33.770140,-118.176532
20021003,1441,4,ATLANTIC AV,33RD ST,N,A,0,0,0,2,A,-,7,N,D,C,A,H,A,D,N,33.817060,-118.185010
20021003,824,4,LONG BEACH BL,35TH ST,N,A,0,0,0,2,A,-,7,N,B,C,A,H,A,D,N,33.820351,-118.189297
20021003,1903,4,EASY AV,WILLOW ST,N,A,3,0,1,2,A,-,11,N,G,B,A,H,C,D,N,33.804427,-118.210009
20021003,1700,4,STUDEBAKER RD,WILLOW ST,N,A,0,0,0,2,A,-,3,N,C,C,A,H,A,A,N,33.803249,-118.099274
20021003,1951,4,CHERRY,MARKET,Y,A,4,0,1,2,A,-,12,N,D,C,A,H,C,A,N,33.854386,-118.167805
20021003,2105,4,7TH ST,BELLFLOWER BL,N,A,0,0,0,2,A,-,3,M,B,C,A,H,A,A,N,33.775248,-118.121193
20021003,1842,4,ATLANTIC AV,CARSON ST,Y,A,0,0,0,2,A,-,12,M,D,C,A,H,A,A,N,33.831747,-118.185071
20021003,1120,4,7TH ST,ATLANTIC AV,Y,A,0,0,0,2,A,-,8,N,B,C,A,H,A,A,N,33.775355,-118.185042
20021003,1220,4,10TH ST,CERRITOS AV,Y,A,0,0,0,2,A,-,3,M,C,C,A,H,A,D,N,33.778960,-118.178023
20021003,1702,4,10TH ST,SAN PABLO CT,Y,A,4,0,5,3,A,-,3,F,C,C,A,H,A,D,N,33.778974,-118.177467
20021003,1647,4,WILLOW ST,CASPIAN ST,Y,A,0,0,0,2,A,-,7,N,D,C,A,H,A,A,N,33.804425,-118.212179
20021003,1238,4,5TH ST,LIME AV,N,A,3,0,1,2,A,-,17,N,B,E,A,H,A,D,N,33.772907,-118.183699
20021003,1800,4,RT 91,ATLANTIC BL,N,A,0,0,0,4,A,-,3,N,C,C,A,H,B,D,N,33.874843,-118.193412
20021003,1650,4,RT 91,CHERRY AV,N,A,0,0,0,2,A,-,3,M,C,C,A,H,A,D,N,33.876334,-118.167205
20021003,1405,4,RT 91,RT 710,N,A,0,0,0,3,A,-,3,N,C,C,A,H,A,D,N,32.932282,-80.411644
20021003,1040,4,OHIO AV,4TH ST,N,A,0,0,0,1,A,-,21,N,H,I,A,H,A,D,N,33.771713,-118.160065
20021003,1430,4,23RD ST,OCANA,N,A,0,0,0,2,A,-,7,M,B,E,A,H,A,D,N,33.799628,-118.119863
20021003,1350,4,RT 710,ARTESIA BL,N,A,4,0,1,4,A,-,7,N,C,C,A,H,A,D,N,33.873075,-118.068043
20021003,615,4,RT 405,ATHERTON ST,N,A,0,0,0,2,A,-,3,N,D,C,A,H,B,D,N,33.788676,-118.117963
20021003,1300,4,PACIFIC COAST HWY,ORANGE AV,Y,A,4,0,2,2,A,-,9,N,A,C,A,H,A,A,N,33.789854,-118.176289
20021003,1713,4,CHERRY AV,HARDING ST,Y,A,4,0,2,2,A,-,9,N,D,C,A,H,A,A,N,33.867402,-118.168659
20021004,1650,5,REDONDO AV,PACIFIC COAST HWY,N,A,4,0,2,2,A,-,1,N,C,C,A,H,A,A,Y,33.789853,-118.152439
20021004,1718,5,MONTAIR ST,HARVEY WY,N,A,0,0,0,2,A,-,1,N,A,E,A,H,A,D,Y,33.836094,-118.126276
20021004,1431,5,RT 710,6TH ST,Y,A,0,0,0,2,A,-,7,N,B,C,A,H,A,D,N,33.773517,-118.149691
20021004,1652,5,ARTESIA BL,ATLANTIC AV,-,A,0,0,0,2,A,-,3,N,-,C,A,H,A,D,N,33.874312,-118.186089
20021004,747,5,ATLANTIC AV,53RD ST,Y,A,3,0,1,2,A,-,6,N,G,B,A,H,A,D,N,33.852435,-118.184880
20021004,1000,5,EAST 4TH ST,ALAMITOS,Y,A,0,0,0,2,A,-,12,N,D,C,A,H,A,A,N,33.771717,-118.181305
20021004,2135,5,EW ALY GRANADA DR,2ND ST,-,A,0,0,0,1,-,-,- ,N,E,I,A,H,C,D,N,33.761457,-118.137502
20021004,2340,5,NORMAN CT,11TH ST,N,A,0,0,0,1,-,-,- ,N,H,J,A,H,C,D,N,33.780791,-118.175692
20021004,943,5,SANTA FE AV,20TH ST,Y,A,0,0,0,2,A,-,9,N,D,C,A,H,A,A,N,33.793477,-118.215519
20021004,1300,5,LIME AV,7TH ST,-,A,0,0,0,2,A,-,21,N,D,C,A,H,A,D,N,33.775361,-118.183695
20021004,930,5,HATHAWAY AV,REDONDO AV,N,A,3,0,1,2,A,-,5,F,E,A,A,H,A,D,N,33.795113,-118.151524
20021004,1702,5,PACIFIC COAST HWY,LEMON,N,A,0,0,0,3,-,-,- ,N,C,C,A,H,A,D,N,33.789858,-118.178418
20021004,1417,5,LOS COYOTES DIAGONAL,BELLFLOWER BL,N,A,3,0,2,3,A,-,3,F,A,C,A,H,A,A,N,33.802141,-118.125195
20021004,1930,5,ATLANTIC AV,19TH ST,N,A,0,0,0,2,A,-,7,M,B,E,A,H,C,D,N,33.791666,-118.185027
20021004,2329,5,69TH WY,BUTLER AV,N,A,0,0,0,3,A,-,7,M,C,E,A,H,C,D,N,33.880152,-118.196965
20021004,800,5,11TH ST,VINA AV,Y,A,0,0,0,2,A,-,9,M,A,C,A,H,A,D,N,33.780790,-118.169283
20021004,1553,5,WILLOW ST,EARL AV,Y,A,4,0,1,2,A,-,12,F,A,C,A,H,A,A,N,40.622881,-76.181566
20021004,1420,5,WARDLOW,CHERRY,N,A,0,0,0,2,A,-,21,M,C,C,A,H,A,A,N,33.818920,-118.167686
20021004,156,5,7TH ST,TERMINO AV,N,-,0,0,0,2,-,-,- ,M,-,-,-,-,-,-,N,33.775331,-118.145888
20021004,735,5,BURNETT ST,LINDEN AV,N,A,3,0,2,2,A,-,9,N,D,C,A,H,A,D,N,33.800748,-118.186107
20021004,455,5,7TH ST,LOMA AV,N,A,0,0,0,3,A,-,3,N,C,-,A,H,C,D,N,33.775338,-118.150233
20021004,2040,5,RT 91,RT 710,N,A,3,0,1,1,A,-,3,N,E,I,A,H,A,D,N,32.932282,-80.411644
20021004,1500,5,RT 91,LONG BEACH BL,N,A,0,0,0,2,A,-,3,M,C,C,A,H,A,D,N,33.873156,-118.200648
20021004,1710,5,1ST,REDONDO AV,Y,A,0,,,1,A,-,8,N,E,I,A,H,A,D,N,33.762300,-118.152256
20021004,850,5,RT 405,TEMPLE AV,N,A,0,0,0,2,A,-,8,N,D,C,A,H,A,D,N,34.145957,-118.417898
20021004,2034,5,7TH ST,PACIFIC COAST HWY,Y,A,0,0,0,2,A,-,12,N,D,C,A,H,C,A,N,33.775387,-118.122914
20021004,1429,5,10TH ST,NEWPORT AV,Y,A,0,0,0,2,A,-,9,N,-,C,A,H,A,A,N,33.778966,-118.151320
20021004,2022,5,SOUTH ST,ORANGE AV,Y,A,3,0,2,2,A,-,3,N,C,C,A,H,C,A,N,33.860117,-118.177288
20021004,1420,5,XIMENO AV,7TH ST,-,A,0,0,0,2,-,-,- ,N,D,C,A,H,A,D,N,33.775330,-118.141552
20021004,703,5,SOUTH ST,LEWIS AV,-,A,2,0,1,2,A,-,10,N,G,B,A,H,A,D,N,33.860105,-118.180058
20021004,1430,5,ALAMITAS AV,7TH ST,N,A,0,0,0,2,A,-,7,N,B,C,A,H,A,D,N,33.775362,-118.180171
20021004,1240,5,RT 710,WILLOW ST,N,A,0,0,0,2,A,-,7,N,B,C,A,H,A,D,N,33.770050,-118.193739
20021004,2210,5,RT 710,WILLOW ST,N,A,0,0,0,2,A,-,3,N,C,C,A,C,D,D,N,33.770050,-118.193739
20021004,1610,5,LONG BEACH BL,COLUMBIA ST,N,A,4,0,8,1,C,-,18,N,H,A,A,H,A,D,N,33.809081,-118.189357
20021005,828,6,PACIFIC AV,52ND ST,N,A,0,0,0,2,A,-,16,N,B,E,A,H,A,D,Y,33.850434,-118.198070
20021005,1200,6,7TH HELENA DR,CAMPUS DR,N,A,0,0,0,2,A,-,7,M,B,C,A,H,A,A,Y,33.778465,-118.115145
20021005,305,6,RT 405,WOODRUFF AV,N,A,0,0,0,1,A,-,1,N,E,I,A,H,C,D,Y,33.813146,-118.115196
20021005,1715,6,PALO VERDE AV,ATHERTON ST,Y,A,4,0,1,2,A,-,1,N,C,C,A,H,A,A,Y,33.788755,-118.107954
20021005,2109,6,OCEAN BL,BENNETT AV,-,A,3,0,1,2,A,-,10,N,G,B,A,H,C,D,N,33.758601,-118.144245
20021005,1827,6,MARKET ST,CHERRY AV,N,A,0,0,0,2,A,-,8,N,C,C,A,H,C,A,N,33.854386,-118.167805
20021005,1625,6,NEWPORT AV,11TH ST,N,A,0,0,0,2,A,-,21,N,H,E,A,H,A,D,N,33.780783,-118.151320
20021005,1355,6,ATLANTIC AV,WARDLOW ST,Y,A,4,0,2,2,A,-,9,N,A,C,A,H,A,A,N,33.818910,-118.185015
20021005,225,6,TEMPLE AV,10TH ST,N,A,0,0,0,2,A,-,3,N,C,C,A,H,C,D,N,33.778972,-118.158936
20021005,1410,6,CHERRY,CARSON,N,A,0,0,0,2,A,-,- ,N,D,J,A,H,A,D,N,33.832430,-118.167628
20021005,10,6,ANAHEIM,CHERRY,N,A,0,0,0,2,A,-,9,M,D,C,A,H,C,D,N,33.782604,-118.167652
20021005,400,6,OCEAN BL,64TH PL,N,A,2,0,1,4,A,-,8,F,D,C,A,H,C,D,N,33.747942,-118.121607
20021005,2240,6,3RD ST,LONG BEACH BL,Y,A,0,0,0,2,A,-,12,M,D,C,A,H,C,A,N,33.770503,-118.189314
20021005,1430,6,LIVINGSTON AV,ARGONE AV,Y,A,0,0,0,1,-,-,- ,N,A,I,A,H,A,-,N,33.763543,-118.135057
20021005,2320,6,RT 405,LONG BEACH BL,N,A,0,0,0,3,A,-,17,N,D,C,A,H,C,D,N,33.823693,-118.189369
20021005,345,6,RT 405,LAKEWOOD,N,A,0,0,0,2,A,-,3,N,C,C,A,H,C,D,N,33.770050,-118.193739
20021005,1602,6,LAKEWOOD BL,WARDLOW RD,Y,A,3,0,2,2,A,-,12,N,A,C,A,H,A,A,N,33.818804,-118.139045
20021005,1714,6,XIMENO AV,7TH ST,Y,A,0,0,0,2,A,-,9,N,A,C,A,H,A,A,N,33.775330,-118.141552
20021006,1622,7,2ND ST,ROYCROFT,Y,A,4,0,1,2,A,-,3,N,C,C,A,H,A,A,Y,33.761842,-118.138695
20021006,1941,7,LONG BEACH BL,ARTESIA,Y,A,0,0,0,2,A,-,3,M,C,C,A,H,A,A,Y,33.874332,-118.202702
20021006,2346,7,NIPOMO AV,MONOGRAM ST,N,A,0,0,0,2,A,-,3,M,A,E,A,H,C,D,Y,33.812973,-118.103604
20021006,1922,7,DAISY AV,10TH ST,Y,A,0,,,2,A,-,3,N,C,C,A,H,C,A,Y,33.778957,-118.199375
20021006,2022,7,CHERRY AV,DEL AMO BL,Y,A,4,0,1,2,A,-,9,N,D,C,A,H,C,A,N,33.846859,-118.167613
20021006,1900,7,8TH ST,WALNUT AV,N,A,0,0,0,2,A,-,17,M,B,E,A,H,C,D,N,33.777222,-118.172002
20021006,615,7,7TH HELENA DR,MAGNOLIA ST,Y,A,3,0,1,2,A,-,12,N,D,C,A,H,B,A,N,30.344023,-89.162029
20021006,15,7,DEAL AV,46TH ST,N,A,0,0,0,1,C,-,18,N,H,J,A,H,C,D,N,33.841109,-118.190636
20021006,713,7,PACIFIC COAST HWY,MAGNOLIA,Y,A,3,0,2,2,D,-,0,N,D,C,A,H,A,A,N,33.789866,-118.198093
20021006,1306,7,PACIFIC COAST HWY,MARTIN LUTHER KING JR,Y,A,0,0,0,2,A,-,9,N,D,C,A,H,A,A,N,33.789856,-118.180653
20021006,1243,7,ATLANTIC AV,21ST ST,N,A,0,0,0,2,A,-,9,N,D,C,A,H,A,A,N,33.795305,-118.185025
20021006,1108,7,ALY S ANAHEIM,MOLINO,Y,A,4,0,1,2,A,-,9,N,D,G,A,A,A,-,N,33.782610,-118.161105
20021006,1359,7,EAST 7TH ST,WALNUT AV,-,A,0,0,0,2,A,-,4,N,C,C,A,H,A,A,N,33.775358,-118.172008
20021006,1750,7,LINCOLN ST,SEABRIGHT AV,N,A,0,0,0,3,A,-,7,N,B,E,A,H,A,D,N,33.822722,-118.217741
20021006,1415,7,WILLOW ST,FASHION AV,N,A,4,0,2,2,A,-,3,N,C,C,A,H,A,A,N,33.804427,-118.208920
20021006,2135,7,BROADWAY,THE PROMENADE,Y,A,3,0,1,2,A,-,21,M,D,D,A,H,C,A,N,33.769270,-118.191092
20021006,440,7,RT 405,CHERRY AV,N,A,0,0,0,2,A,-,7,N,B,C,A,H,C,A,N,33.823170,-118.167726
20021006,1100,7,ORIZABA,16TH ST,N,A,0,,,2,A,-,0,N,D,C,A,H,A,D,N,33.787126,-118.156749
20021006,1608,7,CERRITOS AV,19TH ST,-,A,0,0,0,2,A,-,21,N,H,E,A,H,A,D,N,33.791254,-118.177387
20021006,1411,7,7TH ST,LONG BEACH BL,Y,A,4,0,3,2,-,-,- ,N,B,C,A,H,A,A,N,33.775335,-118.189476
20021006,1259,7,ATLANTIC AV,9TH,Y,A,4,0,1,2,-,-,- ,N,D,C,A,H,A,D,N,33.777771,-118.185046
20021006,1052,7,XIMENO AV,4TH ST,N,A,4,0,2,2,A,-,6,N,B,C,A,H,A,A,N,33.771699,-118.141557
20021006,2220,7,RT 405,ATLANTIC AV,N,A,4,0,1,1,A,-,7,N,E,I,A,H,C,A,N,39.576654,-74.226897
20021007,7,1,ORANGE AV,4TH ST,N,A,0,0,0,3,A,-,1,N,A,E,A,H,C,D,Y,33.771718,-118.176357
20021007,157,1,3RD ST,BONITO AV,N,A,0,0,,4,A,-,1,M,B,E,A,H,C,D,Y,33.770605,-118.180108
20021007,1045,1,7TH ST,XIMENO AV,Y,A,4,0,1,2,A,-,9,N,D,C,A,H,A,A,Y,33.775330,-118.141552
20021007,745,1,ANAHEIM,ALAMITOS,N,A,0,0,0,2,A,-,3,N,C,C,A,H,A,-,N,33.775330,-118.177967
20021007,1600,1,10TH ST,LONG BEACH BL,N,A,0,0,0,2,-,-,- ,N,B,E,A,H,A,D,N,33.778969,-118.189273
20021007,1523,1,LAKEWOOD BL,DOUGLAS CNTR,Y,A,4,0,1,2,A,-,12,N,D,C,A,H,A,A,N,33.830381,-118.142664
20021007,1150,1,BROADWAY,LIME AV,N,A,4,0,1,2,A,-,8,N,D,C,A,H,A,D,N,33.769274,-118.183694
20021007,1025,1,LONG BEACH BL,RT 710,Y,A,4,0,2,2,D,-,0,N,A,C,A,H,A,A,N,33.775673,-118.189288
20021007,800,1,WILLOW ST,SANTA FE AV,N,A,4,0,1,2,A,-,6,N,B,C,A,H,A,A,N,33.804314,-118.215382
20021007,2110,1,KENNEBEC,1ST ST,Y,A,0,0,0,2,A,-,12,N,D,C,A,H,C,A,N,33.764888,-118.164564
20021007,1548,1,BELLFLOWER BL,SPRING ST,N,A,4,0,1,2,A,-,3,N,C,-,A,H,A,A,N,33.810596,-118.125360
20021007,1451,1,ARMOURDALE,GARNER,Y,A,4,0,1,2,A,-,9,N,D,C,A,H,A,A,N,33.812364,-118.079743
20021007,1125,1,BROADWAY,LINDERO AV,N,A,3,0,1,2,A,-,8,N,D,C,A,H,A,A,N,33.766287,-118.162765
20021007,1805,1,PACIFIC COAST HWY,ALAMITOS,Y,A,0,0,0,2,A,-,4,M,C,C,A,H,A,A,N,33.789852,-118.189507
20021007,810,1,TEMPLE,16TH,Y,A,0,0,0,2,A,-,0,M,B,C,A,H,A,D,N,33.787134,-118.158930
20021007,2132,1,LONG BEACH BL,20TH ST,N,A,4,0,2,2,A,-,- ,F,B,C,A,H,D,A,N,33.793480,-118.189263
20021007,1640,1,COLUMBIA ST,LAKEVIEW AV,Y,A,0,0,0,2,A,-,21,M,B,C,A,H,A,D,N,33.808971,-118.185874
20021007,1741,1,MOLINO AV,11TH ST,N,A,0,0,0,2,A,-,8,N,B,E,A,H,C,D,N,33.780778,-118.161119
20021007,1615,1,SEASIDE WY,HART PL,N,A,0,0,0,2,A,-,3,M,B,C,A,G,A,D,N,33.765839,-118.188641
20021007,1711,1,OLIVE,9TH ST,Y,A,0,0,0,2,A,-,12,N,D,C,A,H,A,D,N,33.777783,-118.182400
20021007,1212,1,OCEAN,PACIFIC,Y,A,0,0,0,2,-,-,- ,N,B,C,A,H,A,A,N,33.767163,-118.193727
20021007,1211,1,LONG BEACH BL,7TH,N,A,4,0,1,2,A,-,3,F,C,C,A,H,A,D,N,,
20021007,545,1,RT 91,PARAMOUNT BL,N,A,4,0,1,2,A,-,3,N,C,C,A,H,D,D,N,33.875856,-118.159275
20021007,755,1,RT 405,WOODRUFF AV,N,A,0,0,0,2,A,-,3,N,C,C,A,H,A,D,N,33.813146,-118.115196
20021007,1400,1,RT 405,ATLANTIC AV,N,A,4,0,1,3,A,-,7,N,B,C,A,H,A,D,N,39.576654,-74.226897
20021007,1625,1,RT 405,LONG BEACH BL,N,A,4,0,1,2,A,-,8,N,B,C,A,H,A,D,N,33.823693,-118.189369
20021007,800,1,RT 91,CHERRY AV,N,A,0,0,0,2,A,-,3,N,C,C,A,H,A,D,N,33.876334,-118.167205
20021007,1231,1,WESTMINSTER,STUDEBAKER,N,A,4,0,1,2,A,-,4,N,C,C,A,C,A,A,N,33.759567,-118.103926
20021007,1737,1,SPRING,PALO VERDE,N,A,4,0,2,2,A,-,9,N,D,C,A,H,A,D,N,33.810426,-118.107869
20021008,2211,2,OCEAN BL,TERMINAL,Y,A,0,0,0,2,A,-,21,N,H,C,A,H,C,A,Y,33.762353,-118.239435
20021008,947,2,HOFFMAN AV,10TH ST,-,A,0,0,0,2,A,-,- ,M,D,-,A,H,A,D,N,33.778967,-118.173634
20021008,626,2,9TH PL,OCEAN,N,A,0,0,0,2,A,-,21,N,C,E,B,H,B,D,N,33.765255,-118.174262
20021008,810,2,RT 91,ATLANTIC BL,N,A,0,0,0,3,A,-,3,N,C,C,A,H,A,D,N,33.874843,-118.193412
20021008,745,2,RT 91,ATLANTIC AV,N,B,3,0,1,1,C,-,18,N,E,I,D,H,A,D,N,33.874843,-118.193412
20021008,735,2,RT 405,CLARK AV,N,A,4,0,1,2,A,-,3,N,C,C,A,H,A,D,N,33.817379,-118.133749
20021008,1625,2,LONG BEACH BL,68TH ST,N,A,4,0,1,3,A,-,3,N,C,C,A,H,A,D,N,33.877681,-118.203712
20021008,1540,2,RT 710,PACIFIC AV,-,A,4,0,2,2,A,-,3,N,C,C,A,H,A,D,N,46.356782,-124.054189
20021008,840,2,LOS COYOTES DIAGONAL,PACIFIC COAST HWY,N,A,0,0,0,2,A,-,3,N,C,C,A,H,A,D,N,33.789863,-118.166885
20021008,848,2,PACIFIC COAST HWY,PINE,N,A,0,0,0,2,D,-,0,N,B,C,A,H,A,A,N,33.789850,-118.192390