COLLISION_DATE,COLLISION_TIME,DAY_OF_WEEK,PRIMARY_RD,SECONDARY_RD,INTERSECTION,WEATHER_1,COLLISION_SEVERITY,NUMBER_KILLED,NUMBER_INJURED,PARTY_COUNT,PRIMARY_COLL_FACTOR,PCF_CODE_OF_VIOL,PCF_VIOL_CATEGORY,HIT_AND_RUN,TYPE_OF_COLLISION,MVIW,ROAD_SURFACE,ROAD_COND_1,LIGHTING,CONTROL_DEVICE,ALCOHOL_INVOLVED,LATITUDE,LONGITUDE
20030215,1420,6,MAINE AV,HILL ST,N,A,0,0,0,2,A,-,8,N,C,E,A,H,A,D,N,33.797131,-118.200614
20030215,1915,6,7TH ST,HAVANA,N,A,4,0,2,3,A,-,4,N,C,C,A,H,C,D,N,33.775338,-118.126346
20030215,1108,6,WILLOW ST,EASY AV,N,A,3,0,1,2,A,-,9,N,D,G,A,H,A,D,N,33.804427,-118.210009
20030215,2003,6,LA VERNE,LA VERNE 325,-,A,0,0,0,2,A,-,7,M,B,E,A,H,A,D,N,34.085636,-117.751546
20030216,1500,7,65TH ST,ST LOUIS,N,A,0,0,0,2,A,-,7,M,B,E,A,H,A,D,Y,33.872464,-118.167918
20030216,1943,7,BROADWAY,OLIVE,N,A,0,0,0,3,A,-,17,M,A,E,A,H,C,D,Y,33.769238,-118.182400
20030216,404,7,DEL AMO BL,VIRGINIA AV,N,F,0,0,0,6,A,-,7,N,B,E,A,H,C,D,Y,33.846587,-118.196976
20030216,2129,7,WARDLOW RD,ATLANTIC,N,A,0,0,0,2,A,-,3,M,C,C,A,H,C,D,N,33.818910,-118.185015
20030216,1833,7,ARTESIA BL,ATLANTIC AV,Y,A,0,0,0,2,A,-,8,M,B,C,A,H,C,A,N,33.874312,-118.186089
20030216,900,7,WESTON PL,35TH ST,N,A,0,0,0,2,A,-,21,M,H,C,A,H,A,D,N,33.820360,-118.191576
20030216,241,7,SANTA FE AV,WARNOCK WY,-,A,0,0,0,2,D,-,0,N,C,C,A,H,C,A,N,33.826059,-118.215939
20030216,1555,7,LOMA AV,1ST ST,N,A,0,0,0,3,A,-,7,M,D,E,A,H,A,D,N,33.761969,-118.150507
20030216,1628,7,PACIFIC COAST HWY,MARINA PACIFICA MALL,N,B,1,2,0,1,A,-,8,N,A,I,A,H,A,D,N,33.770050,-118.193739
20030216,2200,7,BROADWAY,BROADWAY 2751,-,A,0,0,0,2,A,-,7,M,B,E,A,H,C,D,N,34.009609,-118.278344
20030216,2318,7,PACIFIC COAST HWY,PINE AV,Y,A,4,0,1,3,A,-,3,N,C,C,A,H,C,A,N,33.789850,-118.192390
20030216,1036,7,RT 405,LAKEWOOD BL,N,B,0,0,0,1,A,-,3,N,E,J,A,H,A,D,N,33.843075,-118.142426
20030216,2045,7,RT 91,ATLANTIC AV,N,A,3,0,2,1,A,-,8,F,E,I,A,H,C,D,N,33.874843,-118.193412
20030216,1500,7,JUNIPERO,BROADWAY,Y,A,0,0,0,2,A,-,12,N,D,C,-,-,A,A,N,33.766933,-118.165809
20030217,2035,1,ORANGE AV,7TH ST,-,A,0,0,0,2,A,-,1,N,C,C,A,H,C,A,Y,33.775366,-118.176353
20030217,212,1,RT 605,CARSON ST,N,B,1,1,2,3,A,-,8,N,D,C,A,H,D,D,Y,33.832262,-118.135654
20030217,1437,1,6TH ST,ATLANTIC AV,Y,A,0,0,0,2,A,-,12,M,D,C,A,H,A,A,N,33.774145,-118.185047
20030217,407,1,61ST ST,JOHN ST,N,A,0,0,0,2,A,-,7,M,B,E,A,H,C,D,N,33.865562,-118.172498
20030217,1930,1,ATLANTIC AV,SOUTH ST,N,A,0,0,0,2,A,-,7,M,B,C,A,H,C,D,N,33.860074,-118.184923
20030217,2308,1,ANAHEIM ST,TEMPLE AV,Y,A,0,0,0,2,A,-,12,M,D,C,A,H,C,A,N,33.782597,-118.158947
20030217,1030,1,SANTA FE,PACIFIC COAST HWY,-,B,0,0,0,1,E,-,24,N,-,-,A,H,A,D,N,33.789800,-118.215409
20030217,1650,1,PACIFIC COAST HWY,7TH ST,N,B,0,0,0,2,A,-,8,N,B,C,A,H,A,A,N,33.775387,-118.122914
20030217,1706,1,PACIFIC COAST HWY,MARTIN LUTHER KING JR,Y,A,0,0,0,2,A,-,9,N,D,C,A,H,A,A,N,33.789856,-118.180653
20030217,1935,1,RT 710,LONG BEACH BL,N,B,0,0,0,1,A,-,8,N,E,I,A,H,C,D,N,33.823693,-118.189369
20030217,1032,1,SPRING ST,LOS ALTOS GATEWAY,N,B,0,0,0,2,A,-,3,N,D,C,A,H,A,D,N,33.770050,-118.193739
20030217,1345,1,11TH ST,REDONDO,N,A,3,0,1,2,A,-,5,N,G,G,A,H,A,A,N,33.780779,-118.152419
20030217,1253,1,ANAHEIM ST,WALNUT AV,N,A,0,0,0,2,A,-,8,N,B,C,A,H,A,D,N,33.782597,-118.171990
20030217,1622,1,LOS COYOTES DIAGONAL,WOODRUFF,Y,A,0,0,0,2,A,-,12,N,D,C,A,H,A,A,N,33.812910,-118.115206
20030217,1154,1,4TH ST,ORIZABA,-,A,4,0,1,2,A,-,9,N,D,C,A,H,A,A,N,33.771708,-118.156758
20030217,314,1,BROADWAY,BONITO AV,N,A,0,0,0,3,A,-,7,N,C,E,A,H,C,D,N,33.768919,-118.180419
20030217,1008,1,CARSON ST,WOODRUFF AV,Y,A,3,0,1,2,A,-,9,N,D,C,A,H,A,A,N,33.832203,-118.116545
20030217,2136,1,ARTESIA BL,INDIANA AV,Y,A,3,0,1,2,A,-,10,F,G,B,A,H,C,D,N,33.874783,-118.153497
20030217,954,1,1ST ST,1ST ST 1817,N,A,0,0,0,2,D,-,0,N,D,E,A,H,C,D,N,30.348501,-89.157202
20030217,922,1,7TH ST,ORIZABA AV,Y,A,3,0,2,3,A,-,12,N,D,C,A,H,A,D,N,33.775334,-118.156776
20030217,851,1,WILLOW ST,CHESTNUT AV,Y,A,0,0,0,1,A,-,21,M,E,J,A,H,A,D,N,33.804430,-118.195882
20030217,800,1,CARSON BL,VIKINGS WY,N,-,4,0,1,1,-,-,- ,N,E,I,-,-,-,D,N,33.832238,-118.127062
20030218,1815,2,DEL AMO BL,PACIFIC AV,N,A,0,0,0,2,A,-,7,M,D,C,A,H,B,D,N,33.846710,-118.198041
20030218,1040,2,SHORELINE DR,OCEAN BL,Y,A,0,0,0,1,A,-,5,N,E,I,A,H,A,A,N,33.766221,-118.183133
20030218,625,2,10TH ST,STANLEY AV,Y,A,4,0,1,3,A,-,12,F,D,C,A,H,A,A,N,33.778973,-118.162226
20030218,830,2,RT 91,CHERRY AV,N,A,0,0,0,2,A,-,3,M,C,C,A,H,A,A,N,33.876334,-118.167205
20030218,1835,2,ARTESIA BL,CHERRY AV,N,A,0,0,0,2,A,-,8,F,B,C,A,H,C,A,N,33.874600,-118.168710
20030218,1535,2,TRAFFIC CIR,PACIFIC COAST HWY,Y,A,0,0,0,2,A,-,9,N,B,C,A,H,A,A,N,33.788902,-118.140964
20030218,1553,2,PACIFIC COAST HWY,ATLANTIC AV,Y,A,4,0,2,2,A,-,9,N,D,C,A,H,A,A,N,33.789867,-118.185018
20030218,1511,2,PACIFIC COAST HWY,CORONADO AV,Y,A,0,0,0,2,A,-,9,N,D,C,A,H,A,A,N,33.789864,-118.152981
20030218,1840,2,RT 405,CHERRY AV,N,A,0,0,0,2,A,-,3,N,C,C,A,H,C,A,N,33.823170,-118.167726
20030218,1720,2,RT 710,RT 405,N,A,0,0,0,3,A,-,3,M,C,C,A,H,A,D,N,33.770050,-118.193739
20030218,850,2,RT 91,LONG BEACH BL,N,A,4,0,1,3,A,-,7,N,C,C,A,H,A,D,N,33.873156,-118.200648
20030218,1109,2,PACIFIC COAST HWY,MARTIN LUTHER KING JR BL,N,B,4,0,1,2,-,-,- ,N,D,C,A,H,A,D,N,33.789856,-118.180653
20030218,1402,2,LONG BEACH TOWN CNTR,CARSON ST,Y,A,4,0,1,2,-,-,- ,N,D,G,A,H,A,A,N,33.831299,-118.090034
20030218,940,2,ATLANTIC AV,WARDLOW RD,Y,A,0,0,0,2,A,-,9,N,D,C,A,H,A,A,N,33.818910,-118.185015
20030218,2000,2,WILLOW ST,DAISY AV,Y,A,0,0,0,2,A,-,3,M,C,C,A,H,C,A,N,33.804319,-118.199152
20030218,535,2,10TH ST,OHIO AV,N,A,0,0,0,4,A,-,8,N,B,E,A,H,C,D,N,33.778972,-118.160054
20030218,1130,2,SPRING ST,PALO VERDE AV,Y,A,0,0,0,2,A,-,21,N,B,C,A,H,A,D,N,33.810426,-118.107869
20030218,241,2,1ST ST,BONITO AV,-,A,0,0,0,3,A,-,7,N,B,E,A,H,C,D,N,33.767233,-118.180743
20030218,1210,2,ATLANTIC AV,11TH ST,N,A,0,0,0,2,A,-,6,N,B,C,A,H,A,D,N,33.780914,-118.185061
20030218,1652,2,3RD ST,DAISY,Y,A,4,0,3,2,A,-,9,N,D,C,A,H,A,D,N,33.770517,-118.199385
20030218,1907,2,10TH ST,CHESTNUT AV,Y,A,4,0,1,2,A,-,10,N,G,B,A,H,C,D,N,33.778968,-118.196351
20030218,920,2,4TH ST,CEDAR AV,N,A,4,0,1,2,A,-,21,N,H,J,A,H,A,D,N,33.771701,-118.195080
20030218,830,2,RT 405,PALO VERDE AV,N,B,0,0,0,2,A,-,8,N,B,C,A,H,A,D,N,33.805010,-118.107912
20030218,1250,2,RT 710,WILLOW ST,N,B,0,0,0,2,A,-,7,N,B,C,A,H,A,D,N,33.770050,-118.193739
20030219,255,3,ALY E ANDERSON,SMITH ST,N,A,0,0,0,2,A,-,8,M,D,E,A,H,C,D,N,33.865822,-118.186913
20030219,1326,3,63RD ST,LEWIS AV,N,B,0,0,0,1,A,-,3,N,E,I,A,H,A,D,N,33.869143,-118.180122
20030219,905,3,53RD ST,LONG BEACH BL,Y,A,4,0,1,2,A,-,12,N,D,C,A,H,A,A,N,33.852382,-118.195811
20030219,1610,3,OCEAN BL,CHESTNUT,N,A,0,0,0,2,A,-,3,N,C,C,A,H,A,A,N,33.767148,-118.196381
20030219,800,3,ARTESIA BL,BUTLER,N,A,0,0,0,3,A,-,3,N,C,C,A,H,A,A,N,33.874350,-118.196925
20030219,1320,3,RT 405,LAKEWOOD BL,N,A,3,0,2,2,A,-,3,N,C,C,A,H,A,D,N,33.843075,-118.142426
20030219,745,3,RT 710,RT 405,N,B,0,0,0,2,A,-,3,N,C,C,A,H,A,D,N,33.770050,-118.193739
20030219,900,3,RT 91,ATLANTA AV,N,A,4,0,3,4,A,-,7,N,D,C,A,H,A,D,N,33.874843,-118.193412
20030219,1630,3,RT 91,PARAMOUNT BL,N,A,0,0,0,3,A,-,3,M,C,C,A,H,A,D,N,33.875856,-118.159275
20030219,823,3,OBISPO AV,10TH ST,-,A,4,0,1,2,A,-,7,N,B,C,A,H,A,D,N,33.778969,-118.154588
20030219,1347,3,TEVIS AV,VERNON ST,N,A,0,0,0,2,A,-,6,N,D,C,A,H,A,D,N,33.801888,-118.110676
20030219,1630,3,COLUMBIA ST,LONG BEACH BL,N,A,4,0,1,2,-,-,- ,N,G,B,A,H,A,D,N,33.809081,-118.189357
20030219,1913,3,CHESTNUT AV,19TH ST,Y,A,0,0,0,3,A,-,3,N,C,E,A,H,C,A,N,33.791680,-118.196416
20030219,1206,3,CEDAR AV,3RD ST,Y,A,4,0,1,2,A,-,8,N,D,C,A,H,A,A,N,33.770507,-118.195051
20030219,840,3,BIXBY RD,ALY ATLANTIC,Y,A,4,0,1,2,A,-,9,N,D,G,A,H,A,D,N,33.826706,-118.184958
20030219,915,3,16TH ST,ORANGE,Y,A,2,0,2,3,-,-,- ,N,D,C,A,H,A,D,N,33.787072,-118.176321
20030219,734,3,ARLINGTON ST,CASPIAN AV,Y,A,0,0,0,2,A,-,9,N,D,C,A,H,A,A,N,33.821361,-118.212753
20030219,1041,3,OCEAN BL,RT 710,N,A,0,0,0,2,A,-,7,N,B,C,A,H,A,A,N,33.767225,-118.200733
20030219,936,3,XIMENO,VERMONT ST,N,A,0,0,0,2,A,-,21,N,D,C,A,H,A,D,N,33.770795,-118.141562
20030219,1415,3,7TH ST,CAMPUS DR,Y,A,3,0,1,2,A,-,12,N,D,-,A,H,A,A,N,33.775231,-118.115290
20030219,822,3,ALMOND,4TH ST,Y,A,0,0,0,2,A,-,11,N,G,B,A,H,A,D,N,33.771713,-118.174728
20030219,1650,3,DELAMO AV,GARDENIA AV,Y,A,0,0,0,2,A,-,9,N,D,C,A,H,A,D,N,33.846853,-118.169196
20030219,1126,3,6TH ST,PINE AV,N,A,0,0,0,2,A,-,8,N,B,C,A,H,A,A,N,33.774121,-118.192392
20030219,1215,3,ATLANTIC AV,MARKET ST,N,A,3,0,1,2,A,-,11,N,G,B,A,H,A,D,N,33.854324,-118.185004
20030220,59,4,LOCUST AV,10TH ST,Y,A,0,0,0,2,A,-,12,M,D,C,A,H,C,A,Y,33.778973,-118.191091
20030220,805,4,3RD ST,MAGNOLIA AV,Y,A,4,0,2,3,A,-,12,N,D,C,A,H,A,A,N,33.770505,-118.198046
20030220,1547,4,BELLFLOWER,CARSON,N,A,0,0,0,2,A,-,5,M,A,I,A,H,A,A,N,33.832358,-118.125209
20030220,1530,4,HARCO ST,ROXANNE,N,A,0,0,0,2,A,-,7,N,B,E,A,H,A,D,N,33.827087,-118.096367
20030220,1430,4,7TH ST,WALNUT AV,N,A,0,0,0,2,A,-,5,F,-,G,A,H,A,A,N,33.775358,-118.172008
20030220,1745,4,ANAHEIM ST,REDONDO AV,Y,A,0,0,0,2,A,-,3,M,C,C,A,H,A,A,N,33.782602,-118.152411
20030220,1615,4,RT 405,TEMPLE AV,N,A,0,0,0,2,A,-,3,N,C,C,A,H,A,D,N,34.145957,-118.417898
20030220,2350,4,RT 710,WILLOW ST,N,A,0,0,0,1,A,-,8,N,E,J,A,H,C,D,N,33.770050,-118.193739
20030220,1635,4,RT 710,LONG BEACH BL,N,A,0,0,0,2,A,-,7,N,B,C,A,H,A,D,N,33.823693,-118.189369
20030220,920,4,RT 710,LONG BEACH BL,N,A,0,0,0,3,A,-,7,N,B,C,A,H,A,D,N,33.823693,-118.189369
20030220,2120,4,RT 405,WARDLOW AV,N,A,4,0,1,2,A,-,7,N,B,C,A,H,D,D,N,33.818749,-118.130842
20030220,1005,4,WARDLOW RD,ORANGE AV,Y,A,0,0,0,2,A,-,0,N,A,C,A,H,A,A,N,33.818916,-118.176327
20030220,1401,4,ATLANTIC AV,BURLINGHALL DR,N,A,4,0,1,2,A,-,9,N,D,C,A,H,A,D,N,33.834309,-118.184945
20030220,1245,4,7TH ST,MARTIN LUTHER KING JR BL,Y,A,4,0,2,2,A,-,- ,N,D,A,A,H,A,A,N,33.775350,-118.180686
20030220,1935,4,51ST ST,LOCUST,N,A,0,0,0,2,A,-,8,N,D,E,A,H,C,D,N,33.848590,-118.189782
20030220,1015,4,LONG BEACH BL,COLUMBIA,-,A,4,0,1,2,A,-,5,N,D,G,A,H,A,D,N,33.809081,-118.189357
20030220,1625,4,PALO VERDE AV,WOODRUFF AV,Y,A,3,0,1,2,A,-,- ,N,D,C,A,H,A,A,N,33.797642,-118.108025
20030220,1700,4,VISTA AV,PALO VERDE AV,N,A,0,0,0,2,A,-,8,N,B,E,A,H,A,D,N,33.741824,-118.326038
20030220,2104,4,7TH ST,ORIZABA AV,N,A,0,0,0,2,A,-,17,N,H,C,A,H,C,D,N,33.775334,-118.156776
20030220,1929,4,BELLFLOWER BL,BELLFLOWER BL 2471,-,A,0,0,0,2,A,-,21,N,B,C,A,H,C,D,N,33.847052,-118.125160
20030220,835,4,PARAMOUNT BL,THOMPSON ST,Y,A,2,0,1,2,A,-,9,N,D,C,A,H,A,A,N,33.881030,-118.160084
20030220,1205,4,ATLANTIC AV,ANAHEIM ST,N,A,0,0,0,3,A,-,4,N,B,C,A,H,A,D,N,33.782609,-118.185034
20030220,1515,4,10TH ST,MARTIN LUTHER KING JR AV,Y,A,4,0,2,3,A,-,3,N,C,C,A,H,A,A,N,33.778977,-118.180686
20030220,1645,4,RT 405,WILLOW ST,N,A,0,0,0,3,A,-,3,N,C,C,A,H,A,D,N,33.770050,-118.193739
20030220,850,4,RT 710,UNION PACIFIC RR,N,A,0,0,0,4,A,-,7,N,B,C,A,H,A,D,N,33.770050,-118.193739
20030220,720,4,RT 405,WALNUT AV,N,A,0,0,0,2,A,-,3,N,C,C,A,H,A,D,N,33.811666,-118.171975
20030220,510,4,19TH ST,HARBOR AV,Y,A,4,0,1,2,A,-,12,N,D,C,A,H,C,A,N,33.791673,-118.210503
20030220,637,4,WARDLOW RD,DELTA AV,Y,A,2,0,1,2,A,-,3,N,D,C,A,H,A,A,N,33.823710,-118.211042
20030221,2300,5,ELM AV,BROADWAY,N,A,0,0,0,1,D,-,0,F,E,I,A,H,C,D,Y,40.625497,-73.716432
20030221,418,5,WILLOW ST,HAYES AV,N,A,0,0,0,2,A,-,1,N,B,C,A,H,C,D,Y,33.804316,-118.218706
20030221,230,5,WESTMINSTER,STUDEBAKER RD,Y,A,4,0,2,2,A,-,3,N,C,C,A,H,C,A,Y,33.759567,-118.103926
20030221,2129,5,DELAMO BL,PACIFIC,N,A,4,0,1,2,A,-,9,N,B,G,A,H,C,D,Y,33.846710,-118.198041
20030221,230,5,LONG BEACH BL,LIGHT POLE CC1184,N,A,0,0,0,1,A,-,3,N,E,I,A,H,C,D,Y,33.770050,-118.193739
20030221,1753,5,CARSON ST,ATLANTIC,N,A,3,0,1,2,D,-,0,N,G,G,A,H,B,D,Y,33.831747,-118.185071
20030221,215,5,ANAHEIM,JUNIPERO,Y,A,4,0,1,2,A,-,1,N,D,C,A,H,C,A,Y,33.782610,-118.163308
20030221,1615,5,REDONDO,11TH ST,N,A,0,0,0,2,A,-,21,N,C,C,A,H,A,D,N,33.780779,-118.152419
20030221,1730,5,JUNIPERO AV,5TH ST,Y,A,0,0,0,2,A,-,5,F,B,C,A,H,B,D,N,33.772624,-118.164116
20030221,1120,5,RT 710,DEL AMO BL,N,A,0,0,0,2,A,-,7,M,B,C,A,H,A,D,N,33.847073,-118.130810
20030221,1750,5,RT 91,ATLANTIC BL,N,-,0,0,0,2,-,-,- ,N,C,C,-,-,-,-,N,33.874843,-118.193412
20030221,1941,5,ATLANTIC AV,56TH ST,Y,A,4,0,2,3,A,-,10,N,G,B,A,H,A,A,N,33.858094,-118.184914
20030221,2123,5,RT 710,BROADWAY,-,A,0,0,0,1,A,-,3,N,E,I,A,H,C,D,N,33.770050,-118.193739
20030221,2017,5,MAGNOLIA AV,15TH ST,N,A,0,0,0,2,A,-,9,N,D,C,A,H,C,D,N,33.785835,-118.198077
20030221,1459,5,7TH ST,CAMPUS DR,N,A,4,0,1,3,A,-,3,M,C,-,A,H,A,A,N,33.775231,-118.115290
20030221,1030,5,ATLANTIC AV,COOLIDGE ST,N,A,0,0,0,3,A,-,3,N,C,C,A,H,A,D,N,33.873321,-118.186167
20030221,1440,5,LONG BEACH BL,VICTORIA BL,Y,A,0,0,0,2,A,-,0,N,C,C,A,H,A,-,N,33.864882,-118.200006
20030221,1500,5,ATLANTIC AV,4TH,Y,A,0,0,0,2,A,-,9,N,A,C,A,H,A,D,N,33.771710,-118.185050
20030221,1654,5,PACIFIC COAST HWY,FREEMAN AV,Y,A,4,0,1,2,A,-,9,N,D,C,A,H,A,D,N,33.789856,-118.155647
20030221,1930,5,JUNIPERO AV,PACIFIC COAST HWY,Y,A,3,0,1,2,A,-,10,N,G,B,A,H,C,A,N,33.789856,-118.163304
20030221,1056,5,1ST ST,ESPARANZA,N,A,0,0,0,2,A,-,17,N,D,E,A,H,A,D,N,33.766540,-118.175375
20030221,737,5,16TH ST,ATLANTIC AV,N,A,0,0,0,2,A,-,21,N,C,C,A,H,A,D,N,33.787135,-118.185028
20030221,2340,5,RT 710,RT 405,N,A,0,0,0,2,A,-,7,N,B,C,A,H,C,D,N,33.770050,-118.193739
20030222,22,6,ALAMITOS AV,HELLMAN AV,-,A,0,0,0,3,A,-,1,N,B,E,A,H,C,D,Y,33.777162,-118.179622
20030222,1437,6,CARSON ST,VIA ORO AV,Y,A,0,0,0,2,A,-,12,M,D,C,A,H,A,A,N,33.831742,-118.212544
20030222,2152,6,WILLOW ST,RT 710,Y,A,0,0,0,2,D,-,0,M,C,C,A,H,C,A,N,33.804175,-118.200527
20030222,1654,6,CERRITOS AV,10TH ST,N,A,2,0,1,2,A,-,11,N,A,B,A,H,A,D,N,33.778960,-118.178023
20030222,857,6,ROSE AV,14TH ST,Y,A,4,0,2,2,A,-,12,N,D,C,A,H,A,D,N,33.784417,-118.169825
20030222,1040,6,RT 710,DEL AMO BL,N,A,0,0,0,2,A,-,7,N,B,C,A,H,A,D,N,33.847073,-118.130810
20030223,25,7,RT 605,CARSON ST,N,-,3,0,1,1,A,-,1,N,E,I,-,-,-,D,Y,33.832262,-118.135654
20030223,1349,7,TEMPLE AV,S 7TH ST,N,A,0,0,0,2,A,-,9,N,D,C,A,H,A,D,N,33.775335,-118.158953
20030223,1450,7,CERRITOS,SOUTH ST,N,A,0,0,0,2,A,-,7,M,B,E,A,H,A,D,N,33.860119,-118.178207
20030223,310,7,RT 405,RT 710,N,A,0,0,0,1,C,-,18,N,E,E,C,H,C,D,N,46.462508,-95.646979
20030223,550,7,RT 710,WILLOW ST,N,B,0,0,0,1,A,-,3,N,E,J,B,H,B,D,N,33.770050,-118.193739
20030223,1349,7,HARDWICK ST,MATNEY AV,N,B,2,0,1,2,A,-,- ,N,D,G,A,H,A,D,N,33.849286,-118.174702
20030223,920,7,CARSON ST,GUNDRY AV,Y,B,0,0,0,2,A,-,9,M,D,C,A,H,A,A,N,33.832429,-118.174165
20030223,1040,7,STUDEBAKER RD,WILLOW ST,Y,A,3,0,1,2,A,-,12,N,D,C,A,H,A,A,N,33.803249,-118.099274
20030223,1840,7,ORIZABA AV,PACIFIC COAST HWY,N,A,0,0,0,2,A,-,21,M,B,C,A,H,C,D,N,33.789847,-118.156748
20030223,712,7,LAKEWOOD BL,CARSON ST,Y,A,3,0,2,2,A,-,12,N,D,C,A,H,A,A,N,33.832274,-118.142464
20030223,1930,7,8TH ST,GAVIOTA,N,A,0,0,0,2,A,-,7,M,B,C,A,H,C,A,N,33.777160,-118.170905
20030223,343,7,16TH ST,WALNUT AV,N,A,0,0,0,2,D,-,0,N,C,E,A,H,C,D,N,33.787147,-118.171982
20030223,1250,7,RT 405,RT 710,N,A,3,0,3,2,A,-,8,N,E,I,A,H,A,D,N,46.462508,-95.646979
20030223,800,7,RT 91,LONG BEACH BL,N,A,0,0,0,1,A,-,3,N,E,I,A,H,A,D,N,33.873156,-118.200648
20030224,1113,1,ANAHEIM ST,ROSE AV,N,A,0,0,0,2,A,-,3,M,C,C,A,H,A,D,Y,33.782602,-118.169830
20030224,2039,1,RT 405,ATLANTIC AV,Y,B,4,0,1,1,A,-,3,N,E,I,A,H,C,D,N,39.576654,-74.226897
20030224,1323,1,CHERRY AV,CARSON ST,N,A,3,0,1,2,A,-,8,N,G,G,A,H,A,A,N,33.832430,-118.167628
20030224,1022,1,PINE AV,OCEAN BL,-,A,4,0,1,2,D,-,0,N,G,B,A,H,A,D,N,33.767096,-118.192407
20030224,1737,1,SPRING ST,DEL MAR AV,N,B,3,0,1,2,A,-,5,N,D,G,A,H,B,D,N,33.811650,-118.191704
20030224,2045,1,47TH ST,LONG BEACH BL,N,B,0,0,0,4,A,-,21,N,C,E,B,H,C,D,N,39.628519,-74.191946
20030224,1844,1,MEMORIAL MEDICAL CNTR,LONG BEACH BL,N,C,4,0,1,2,A,-,10,N,G,B,B,H,C,A,N,33.823693,-118.189369
20030224,2111,1,DEL AMO AV,E LONG BEACH BL,-,C,0,0,0,2,-,-,- ,N,B,C,B,H,A,D,N,33.846735,-118.193744
20030224,1301,1,ANAHEIM ST,DAISY AV,Y,B,0,0,0,2,A,-,- ,N,D,C,A,H,A,A,N,33.782608,-118.199380
20030224,1153,1,PACIFIC AV,27TH ST,Y,A,4,0,1,2,A,-,4,N,C,C,A,H,A,A,N,33.806198,-118.193705
20030224,1120,1,ANAHEIM ST,HARBOR AV,N,A,3,0,2,2,A,-,3,N,C,C,A,H,A,D,N,33.782770,-118.210487
20030224,1910,1,RT 710,ATLANTIC AV,N,B,0,0,0,2,A,-,3,N,C,C,B,H,D,D,N,39.576654,-74.226897
20030224,1908,1,RT 710,ATLANTIC AV,N,B,0,0,0,1,A,-,8,M,E,I,B,H,C,D,N,39.576654,-74.226897
20030224,1745,1,RT 405,CHERRY AV,N,A,0,0,0,3,A,-,3,N,C,C,A,H,B,D,N,33.823170,-118.167726
20030224,420,1,RT 405,RT 710,N,A,0,0,0,1,A,-,7,N,F,A,A,H,C,D,N,46.462508,-95.646979
20030224,2225,1,RT 91,CHERRY AV,N,-,0,0,0,2,A,-,8,M,E,I,-,-,-,D,N,33.876334,-118.167205
20030224,1700,1,RT 91,RT 710,N,B,4,0,1,1,A,-,3,N,F,A,A,H,A,D,N,32.932282,-80.411644
20030224,1520,1,PACIFIC COAST HWY,DAISY AV,Y,A,0,0,0,2,A,-,9,N,D,C,A,H,A,D,N,33.789868,-118.199501
20030225,2325,2,RT 405,ATHERTON ST,N,C,4,0,1,4,A,-,1,N,B,D,B,H,C,D,Y,33.788676,-118.117963
20030225,1350,2,32ND ST,SANTA FE AV,N,B,0,0,0,2,A,-,21,M,C,E,A,H,A,D,N,33.815276,-118.215532
20030225,1730,2,LONG BEACH BL,MARSHALL PL,-,A,0,0,0,3,A,-,3,N,C,C,B,H,A,D,N,33.830726,-118.189340
20030225,1551,2,20TH ST,BALTIC AV,N,B,3,0,1,2,A,-,9,F,D,G,A,H,A,D,N,33.793483,-118.212991
20030225,1825,2,ORANGE AV,SAN ANTONIO DR,N,B,4,0,2,2,A,-,3,N,C,C,A,H,C,D,N,33.841566,-118.176305
20030225,712,2,LONG BEACH BL,49TH ST,Y,C,0,0,0,2,A,-,9,N,D,C,B,H,A,D,N,39.627558,-74.192629
20030225,2240,2,ANAHEIM,CHERRY,Y,B,4,0,2,2,A,-,9,N,-,C,A,H,C,A,N,33.782604,-118.167652
20030225,1510,2,PINE AV,ANAHEIM ST,N,B,3,0,1,3,A,-,3,N,C,E,A,H,A,A,N,33.782594,-118.192389
20030225,640,2,2ND ST,RAVENNA AV,-,C,0,0,0,2,A,-,3,N,C,C,B,H,A,A,N,33.756818,-118.123023
20030225,3,2,7TH ST,MARGO AV,Y,C,0,0,0,1,A,-,8,N,B,I,B,H,C,A,N,33.775060,-118.111726
20030225,818,2,BELLFLOWER,ATHERTON,N,C,4,0,2,2,A,-,3,N,C,C,B,H,A,D,N,33.788526,-118.124399
20030225,1223,2,CARSON,NORSE WY,-,B,0,0,0,2,A,-,4,N,C,C,A,H,A,D,N,33.832410,-118.140963
20030225,1400,2,PACIFIC COAST HWY,MARTIN LUTHER KING JR,N,B,0,0,0,2,A,-,9,N,D,C,A,H,A,D,N,33.789856,-118.180653
20030225,1110,2,PACIFIC COAST HWY,CANAL AV,N,B,0,0,0,2,A,-,3,N,C,C,A,H,A,D,N,33.789816,-118.213821
20030225,1823,2,CHERRY AV,SOUTH ST,Y,A,4,0,1,2,A,-,10,F,G,B,B,H,C,A,N,33.860106,-118.168614
20030225,745,2,RT 91,PARAMOUNT BL,N,C,0,0,0,3,A,-,3,N,C,C,B,H,A,D,N,33.875856,-118.159275
20030225,1219,2,ATLANTIC AV,N NEW YORK ST,N,A,0,0,0,3,A,-,7,N,B,E,A,H,A,D,N,33.784865,-118.185035