COLLISION_DATE,COLLISION_TIME,DAY_OF_WEEK,PRIMARY_RD,SECONDARY_RD,INTERSECTION,WEATHER_1,COLLISION_SEVERITY,NUMBER_KILLED,NUMBER_INJURED,PARTY_COUNT,PRIMARY_COLL_FACTOR,PCF_CODE_OF_VIOL,PCF_VIOL_CATEGORY,HIT_AND_RUN,TYPE_OF_COLLISION,MVIW,ROAD_SURFACE,ROAD_COND_1,LIGHTING,CONTROL_DEVICE,ALCOHOL_INVOLVED,LATITUDE,LONGITUDE
20030514,2116,3,PALO VERDE,N DON JULIO ST,-,A,0,0,0,2,A,-,9,N,D,C,A,H,C,D,N,33.801238,-118.107911
20030514,1155,3,LIME AV,11TH ST,N,A,0,0,0,1,A,-,- ,N,-,I,A,E,A,D,N,33.780824,-118.183957
20030514,2500,3,2ND ST,BAYSHORE,N,A,0,0,0,2,A,-,9,N,D,C,A,C,A,A,N,33.770050,-118.193739
20030514,800,3,ANAHEIM ST,LOMA AV,Y,B,0,0,0,2,A,-,9,N,D,C,A,H,A,D,N,33.782598,-118.150236
20030514,721,3,7TH ST,TERMINO AV,N,B,4,0,1,2,A,-,4,N,C,C,A,H,A,A,N,33.775331,-118.145888
20030514,1500,3,BROADWAY,ELM AV,N,A,4,0,1,2,A,-,11,N,D,B,A,H,A,A,N,40.625497,-73.716432
20030514,1805,3,RT 91,PARAMOUNT BL,N,B,0,0,0,2,A,-,3,N,C,C,A,H,A,D,N,33.875856,-118.159275
20030514,2048,3,DEL AMO BL,CHERRY,Y,A,4,0,1,2,A,-,12,N,D,C,A,H,C,A,N,33.846859,-118.167613
20030514,2235,3,WARDLOW RD,MAINE,N,A,0,0,0,2,A,-,- ,N,C,C,A,H,C,D,N,33.818947,-118.200229
20030514,2041,3,BELLFLOWER BL,DAGGETT AV,N,A,0,0,0,3,A,-,9,N,D,C,A,-,C,D,N,33.793127,-118.125263
20030514,1206,3,LAKEWOOD BL,CONANT ST,Y,A,3,0,1,2,A,-,9,N,B,C,A,H,A,A,N,33.825091,-118.142648
20030514,2200,3,STANLEY,11TH ST,N,A,0,0,0,2,D,-,0,M,B,E,A,H,C,D,N,33.780789,-118.162230
20030514,1605,3,RT 710,CARSON ST,N,A,0,0,0,2,A,-,7,N,C,C,A,H,A,D,N,33.832262,-118.135654
20030514,1535,3,RT 710,LONG BEACH BL,N,A,0,0,0,2,A,-,3,N,C,C,A,H,A,D,N,33.823693,-118.189369
20030515,940,4,BELLFLOWER,BELLFLOWER 2950,Y,B,0,0,0,2,A,-,21,M,A,E,A,H,A,D,Y,33.847052,-118.125160
20030515,2100,4,PARAMOUNT,ARTESIA,N,A,4,0,1,2,A,-,3,M,C,C,A,H,C,A,Y,33.874619,-118.159983
20030515,1327,4,ARTESIA BL,DOWNEY AV,Y,A,0,0,0,2,A,-,12,N,D,C,A,H,A,A,Y,33.874726,-118.151290
20030515,930,4,VIRGINIA ST,3RD ST,Y,B,3,0,1,2,A,-,9,F,D,G,A,H,A,D,N,33.770500,-118.197208
20030515,1840,4,SPRING ST,CLAREMORE,N,A,0,0,0,2,-,-,- ,M,-,-,-,-,-,-,N,33.810432,-118.078274
20030515,45,4,4TH ST,ORIZABA,N,A,4,0,4,2,A,-,9,N,D,C,A,H,C,A,N,33.771708,-118.156758
20030515,1028,4,7TH ST,PEPPERTREE LN,N,A,0,0,0,3,A,-,8,M,C,C,A,H,A,D,N,33.774140,-118.108707
20030515,1832,4,PACIFIC COAST HWY,CEDAR AV,Y,A,4,0,1,2,A,-,9,N,D,C,A,H,A,A,N,33.789861,-118.195099
20030515,1920,4,3RD ST,WALNUT AV,Y,A,0,0,0,3,A,-,9,N,D,C,A,H,A,A,N,33.769546,-118.172004
20030515,1842,4,CHERRY AV,HUNGERFORD,Y,A,0,0,0,2,-,-,- ,N,B,C,A,H,A,D,N,33.862865,-118.168633
20030515,929,4,7TH ST,W CAMPUS,Y,A,3,0,1,2,A,-,- ,N,A,G,A,H,A,A,N,33.775231,-118.115290
20030515,1711,4,ANAHEIM ST,LOMA AV,Y,A,0,0,0,2,A,-,9,N,D,C,A,H,A,A,N,33.782598,-118.150236
20030515,1904,4,ALLINGTON,WHITE AV,N,A,3,0,1,2,A,-,9,N,D,G,A,H,A,A,N,33.866370,-118.197469
20030515,1517,4,OCEAN BL,GRAND AV,N,A,0,0,0,1,C,-,18,N,E,I,A,H,A,D,N,33.760477,-118.148091
20030515,1751,4,ATLANTIC AV,67TH,N,A,0,0,0,2,A,-,3,N,C,C,A,H,A,A,N,33.875734,-118.186191
20030515,1536,4,7TH ST,RT 605,N,A,0,0,0,3,A,-,3,N,C,C,A,-,A,D,N,33.775372,-118.184644
20030515,1215,4,37TH ST,ATLANTIC AV,N,A,0,0,0,2,A,-,21,N,B,C,A,H,A,D,N,33.824222,-118.185072
20030515,1525,4,CARSON ST,PALO VERDE AV,N,A,0,0,0,2,A,-,3,N,C,C,A,A,A,A,N,33.832188,-118.107755
20030515,1110,4,RT 710,DEL AMO BL,N,A,4,0,1,2,A,-,7,N,B,C,A,H,A,D,N,33.847073,-118.130810
20030515,2340,4,RT 405,SANTA FE AV,N,A,0,0,0,1,A,-,8,N,E,I,A,H,C,D,N,33.807295,-118.215507
20030515,620,4,RT 405,WILLOW ST,N,B,0,0,0,1,C,-,18,N,E,J,A,C,A,D,N,33.770050,-118.193739
20030516,1612,5,CARSON ST,LAKEWOOD BL,N,A,4,0,1,3,A,-,3,N,B,C,A,H,A,D,Y,33.832274,-118.142464
20030516,1542,5,LONG BEACH BL,E BURNETT ST,N,A,0,0,0,2,A,-,1,N,B,C,A,H,A,D,Y,33.800742,-118.189474
20030516,1733,5,LADOGA AV,MONOGRAM AV,N,A,0,0,0,2,A,-,8,M,B,E,A,H,A,D,N,33.819579,-118.102672
20030516,1215,5,LONG BEACH BL,SPRING ST,N,A,4,0,1,2,A,-,3,N,C,C,A,H,A,D,N,33.811573,-118.189350
20030516,1530,5,CERRITOS AV,PACIFIC COAST HWY,N,A,0,0,0,1,A,-,3,N,E,I,A,H,A,D,N,33.789855,-118.177422
20030516,1528,5,PACIFIC COAST HWY,ELM,-,A,0,0,0,2,A,-,7,M,B,C,A,H,A,A,N,33.789852,-118.189507
20030516,1602,5,ANAHEIM ST,LEWIS,-,A,0,0,0,2,A,-,- ,N,D,G,A,H,A,D,N,33.782611,-118.179716
20030516,1552,5,CHERRY AV,61ST ST,Y,A,3,0,2,2,A,-,9,N,D,C,A,H,A,D,N,33.865585,-118.168651
20030516,1457,5,REDONDO,HATHAWAY,Y,A,0,0,0,2,A,-,3,N,C,C,A,H,A,D,N,33.795113,-118.151524
20030516,631,5,WILLOW ST,EASY AV,Y,A,0,0,0,2,A,-,12,N,D,C,A,H,A,A,N,33.804427,-118.210009
20030516,1240,5,LONG BEACH BL,WARDLOW RD,Y,A,0,0,0,2,-,-,- ,N,A,C,A,H,A,A,N,33.818979,-118.189257
20030516,851,5,CLARK,VERNON,Y,A,4,0,1,2,A,-,9,N,D,C,A,H,A,D,N,33.802387,-118.133899
20030516,1714,5,7TH ST,CHERRY AV,Y,A,0,0,0,2,D,-,0,N,B,C,A,H,A,A,N,33.775344,-118.167669
20030516,1604,5,2ND ST,ARGONNE,-,A,0,0,0,2,A,-,7,N,D,C,A,H,A,D,N,33.761065,-118.136598
20030516,1605,5,PACIFIC COAST HWY,CORONADO,Y,A,0,0,0,2,-,-,- ,N,D,C,A,H,A,A,N,33.789864,-118.152981
20030516,1900,5,BROADWAY AV,CHERRY AV,-,A,4,0,1,2,A,-,21,N,G,B,A,H,B,D,N,33.767286,-118.167896
20030516,1432,5,RT 91,ATLANTIC AV,-,A,0,0,0,2,D,-,0,N,B,C,A,H,A,D,N,33.874843,-118.193412
20030516,1420,5,RT 91,PARAMOUNT BL,N,A,0,0,0,2,A,-,7,N,B,C,A,H,A,D,N,33.875856,-118.159275
20030516,43,5,67TH WY,MURIEL AV,N,A,0,0,0,2,A,-,13,M,A,E,A,H,D,D,N,33.876843,-118.200554
20030516,1200,5,RT 47,PACIFIC COAST HWY,N,A,0,0,0,1,A,-,3,N,F,A,A,H,A,D,N,33.789863,-118.166885
20030516,1015,5,RT 405,SPRING ST,N,A,4,0,1,2,A,-,3,N,C,C,A,H,A,D,N,33.810673,-118.134847
20030516,748,5,BROADWAY,ATLANTIC AV,Y,A,0,0,0,2,A,-,12,M,D,C,A,H,A,D,N,33.769275,-118.185044
20030517,1840,6,RT 710,OCEAN BL,-,A,0,0,0,2,A,-,1,M,B,C,A,H,A,D,Y,33.766881,-118.206761
20030517,2324,6,17TH ST,CHERRY AV,N,A,0,0,0,2,A,-,8,M,B,C,A,H,C,A,N,33.766881,-118.206761
20030517,1011,6,TEMPLE AV,4TH ST,Y,A,4,0,1,3,A,-,12,F,D,C,A,H,A,A,N,33.771711,-118.158945
20030517,1835,6,ANAHEIM ST,CHERRY AV,Y,A,4,0,1,2,A,-,8,N,A,G,A,H,A,A,N,33.782604,-118.167652
20030517,244,6,ORANGE AV,ORANGE AV 827,N,A,0,0,0,2,A,-,3,M,B,-,A,H,C,-,N,33.793369,-118.176307
20030517,2230,6,EAST 7TH ST,PACIFIC COAST HWY,-,A,0,0,0,2,A,-,8,N,B,C,A,H,C,A,N,33.775387,-118.122914
20030517,2300,6,PACIFIC COAST HWY,MYRTLE,N,A,0,0,0,3,A,-,3,N,C,C,A,H,C,D,N,33.789855,-118.181778
20030517,1209,6,WALNUT,PACIFIC COAST HWY,N,A,0,0,0,2,D,-,0,M,A,I,A,B,A,D,N,33.789858,-118.171987
20030517,1810,6,ARLINGTON AV,DENVER AV,-,-,0,0,0,2,A,-,8,M,C,E,-,-,-,D,N,33.821356,-118.211928
20030517,1335,6,BROADWAY,LINDEN AV,Y,A,3,0,1,2,A,-,12,F,D,C,A,H,A,A,N,40.626174,-73.715576
20030517,1125,6,LAKEWOOD BL,CONANT ST,N,A,0,0,0,2,A,-,3,N,C,C,A,H,A,A,N,33.825091,-118.142648
20030517,1700,6,3RD ST,PACIFIC AV,-,-,0,0,0,2,A,-,8,N,B,C,A,H,A,A,N,46.350080,-124.054569
20030517,1535,6,WILLOW ST,LAKEWOOD BL,Y,A,0,0,0,2,A,-,12,N,D,C,A,H,A,A,N,33.803251,-118.142788
20030517,700,6,RT 1,2ND ST,N,A,3,0,1,2,A,-,9,N,D,G,A,A,A,D,N,33.758149,-118.111272
20030517,117,6,ALY N HARDING,CERRITOS,N,A,0,0,0,1,A,-,21,N,C,I,A,H,C,D,N,33.867345,-118.178270
20030517,1758,6,CHERRY AV,CARSON,N,A,3,0,1,3,A,-,3,N,C,C,A,H,A,A,N,33.832430,-118.167628
20030517,1304,6,LAKEWOOD BL,ARBOR ST,N,A,3,0,3,3,A,-,3,N,C,C,A,H,A,A,N,33.843075,-118.142426
20030518,2006,7,ATLANTIC AV,BURNETT ST,N,A,0,0,0,2,A,-,1,N,C,E,A,H,C,D,Y,33.800746,-118.185019
20030518,2147,7,ANAHEIM ST,CHERRY AV,N,A,0,0,0,2,A,-,1,N,B,E,A,H,C,A,Y,33.782604,-118.167652
20030518,5,7,MAGNOLIA,27TH ST,Y,A,3,0,2,2,A,-,9,N,D,C,A,H,C,A,Y,33.806211,-118.198077
20030518,33,7,RT 710,DEL AMO BL,N,A,4,0,1,2,A,-,1,N,B,C,A,H,D,D,Y,33.847073,-118.130810
20030518,325,7,RT 91,ARTESIA BL,N,A,4,0,1,1,A,-,1,N,E,I,A,H,C,D,Y,33.872675,-118.290896
20030518,0,7,JUNIPERO AV,4TH ST,N,A,0,0,0,2,A,-,- ,N,C,C,A,H,C,D,Y,33.771718,-118.164391
20030518,930,7,WOODRUFF AV,CARSON ST,N,A,0,0,0,2,A,-,3,N,C,C,A,H,A,A,N,33.832203,-118.116545
20030518,1900,7,ESTHER ST,LINDEN AV,-,A,4,0,1,2,A,-,8,F,G,B,A,H,A,D,N,33.788945,-118.186692
20030518,2118,7,ATLANTA AV,ANAHEIM ST,Y,A,3,0,3,2,A,-,9,F,D,C,A,H,C,A,N,33.782618,-118.162432
20030518,1448,7,ROSE AV,6TH ST,Y,A,4,0,1,2,A,-,12,N,A,C,A,H,A,D,N,33.774440,-118.169847
20030518,602,7,CEDAR AV,PACIFIC COAST HWY,Y,A,0,0,0,2,A,-,8,N,B,C,A,H,A,A,N,33.789861,-118.195099
20030518,1339,7,EASY,28TH ST,N,-,4,0,3,2,A,-,8,N,D,C,A,H,A,D,N,33.808004,-118.210012
20030518,1215,7,ATLANTIC AV,36TH,Y,A,0,0,0,2,A,-,9,N,-,C,A,H,A,A,N,33.822148,-118.185018
20030518,1820,7,CARSON,CLARK,N,A,4,0,1,2,A,-,3,N,C,C,A,H,A,D,N,33.832368,-118.133854
20030518,1138,7,PACIFIC AV,27TH ST,Y,A,4,0,1,2,A,-,12,N,D,C,A,H,A,A,N,33.806198,-118.193705
20030518,1150,7,CHERRY AV,SOUTH ST,N,B,0,0,,4,A,-,7,N,B,E,A,H,A,D,N,33.860106,-118.168614
20030518,159,7,CEDAR AV,14TH ST,N,A,0,0,0,4,A,-,7,N,B,E,A,H,D,D,N,33.783695,-118.195057
20030518,2042,7,OCEAN BL,MAGNOLIA AV,Y,A,4,0,1,2,A,-,12,N,D,C,A,H,C,A,N,33.767374,-118.197984
20030518,1558,7,CHERRY AV,4TH ST,Y,A,0,0,0,2,A,-,12,N,B,C,A,H,A,A,N,33.771715,-118.167682
20030518,2132,7,LEMON AV,HARDING ST,N,A,0,0,0,1,A,-,3,N,B,I,A,H,C,A,N,33.867335,-118.179201
20030518,920,7,RT 405,SANTA FE AV,N,A,4,0,2,3,A,-,2,N,C,C,A,H,A,D,N,33.807295,-118.215507
20030518,1240,7,RT 405,CHERRY AV,N,A,4,0,3,2,A,-,3,N,C,C,A,H,A,D,N,33.823170,-118.167726
20030518,1239,7,RT 405,CHERRY AV,N,A,3,0,1,3,A,-,3,N,C,C,A,H,A,D,N,33.823170,-118.167726
20030519,2059,1,ATLANTIC AV,56TH ST,Y,A,3,0,3,1,A,-,1,N,E,I,A,H,C,A,Y,33.858094,-118.184914
20030519,1247,1,PALO VERDE,WOODRUFF,-,A,0,0,0,2,A,-,12,N,D,C,A,H,A,A,N,33.797642,-118.108025
20030519,218,1,SPRING,LAKEWOOD,N,A,0,0,0,1,A,-,8,M,E,I,A,H,C,D,N,33.812739,-118.139096
20030519,1048,1,WARDLOW RD,ATLANTIC AV,N,A,0,0,0,2,A,-,8,M,D,C,A,H,A,A,N,33.818910,-118.185015
20030519,1740,1,CEDAR AV,5TH ST,-,A,4,0,1,3,A,-,1,N,-,E,A,H,A,A,N,33.772912,-118.195072
20030519,1533,1,PACIFIC COAST HWY,WALNUT,N,A,4,0,1,2,A,-,8,N,D,E,A,H,A,A,N,33.789858,-118.171987
20030519,1351,1,CARSON ST,NORSE WY,Y,A,4,0,1,2,A,-,8,N,D,G,A,H,A,A,N,33.832410,-118.140963
20030519,1810,1,ANAHEIM ST,MAGNOLIA AV,Y,A,4,0,1,2,A,-,9,N,D,C,A,H,A,A,N,33.782601,-118.198034
20030519,1917,1,ANAHEIM ST,MAGNOLIA AV,Y,A,0,0,0,2,A,-,6,N,B,C,A,H,A,A,N,33.782601,-118.198034
20030519,1610,1,PHILLIPS ST,ROSE AV,N,A,4,0,1,2,A,-,11,N,G,B,A,H,A,D,N,33.858740,-118.169982
20030519,1841,1,PARAMOUNT BL,SOUTH ST,Y,A,3,0,2,2,A,-,7,N,B,C,A,H,A,A,N,33.860173,-118.159958
20030519,734,1,LEW DAVIS DR,FACULTY,N,A,0,0,0,2,A,-,9,N,D,C,A,H,A,D,N,33.829969,-118.138213
20030519,1559,1,7TH ST,PARK AV,Y,A,0,0,0,2,D,-,0,N,D,C,A,H,A,A,N,33.775354,-118.137369
20030519,1139,1,EAST BROADWAY,BONITO,-,A,4,0,1,2,A,-,8,N,H,G,A,H,A,D,N,33.768919,-118.180419
20030519,1818,1,PACIFIC COAST HWY,CHERRY,-,A,0,0,0,2,-,-,- ,M,C,C,A,H,-,A,N,33.789861,-118.167643
20030519,1100,1,RT 405,PACIFIC BL,-,A,4,0,1,3,A,-,3,N,C,C,A,H,A,D,N,40.587722,-73.640968
20030519,2115,1,RT 710,UNION PACIFIC RR,N,A,0,0,0,2,A,-,3,N,C,C,A,H,C,D,N,33.770050,-118.193739
20030519,1045,1,RT 405,PACIFIC AV,N,A,0,0,0,2,A,-,3,N,C,C,A,H,A,D,N,46.356782,-124.054189
20030519,735,1,5TH ST,LIME AV,Y,A,4,0,2,2,D,-,0,N,D,C,A,H,A,D,N,33.772907,-118.183699
20030520,1300,2,MARTIN LUTHER KING JR AV,7TH ST,N,A,0,0,0,2,A,-,21,M,C,C,A,H,A,A,N,33.775350,-118.180686
20030520,1300,2,PACIFIC COAST HWY,OREGON AV,Y,A,3,0,4,3,A,-,9,N,D,C,A,H,A,D,N,33.789865,-118.201008
20030520,1558,2,PACIFIC COAST HWY,GARDENIA AV,Y,A,4,0,1,2,A,-,9,N,D,C,A,H,A,D,N,33.789852,-118.168729
20030520,1613,2,RT 1,ROSE AV,Y,A,0,0,0,2,A,-,9,N,D,C,A,H,A,A,N,33.789852,-118.168729
20030520,849,2,7TH ST,REDONDO AV,Y,A,0,0,0,2,A,-,9,N,D,C,A,H,A,A,N,33.775338,-118.152417
20030520,825,2,ORANGE AV,7TH ST,N,B,0,0,0,2,D,-,0,N,B,C,A,H,A,A,N,33.775366,-118.176353
20030520,1448,2,LINDEN AV,16TH ST,N,A,4,0,1,1,A,-,21,N,D,C,A,-,A,D,N,33.787129,-118.186697
20030520,1537,2,WILLOW ST,LIME AV,-,A,0,0,0,2,A,-,3,N,C,C,A,H,A,D,N,33.804434,-118.183940
20030520,1847,2,QUEENS WY,OCEAN BL,N,A,0,0,0,2,A,-,3,N,C,C,A,H,A,D,N,33.767374,-118.197984
20030520,1024,2,ORANGE AV,67TH ST,Y,A,4,0,2,4,A,-,9,N,D,C,A,H,A,D,N,33.876409,-118.177385
20030520,1522,2,14TH ST,TEMPLE AV,N,A,4,0,1,2,A,-,9,N,D,G,A,H,A,A,N,33.784418,-118.158956
20030520,1404,2,WILLOW,GONDAR,Y,-,4,0,1,2,A,-,9,N,D,C,-,-,-,D,N,33.803194,-118.113172
20030520,1843,2,ANAHEIM ST,REDONDO AV,N,A,0,0,0,2,A,-,9,N,D,C,A,H,A,D,N,33.782602,-118.152411
20030520,1813,2,SOUTH ST,CALIFORNIA,N,A,0,0,0,3,A,-,3,N,C,C,A,H,A,D,N,33.860098,-118.181025
20030520,830,2,LONG BEACH BL,55TH ST,N,A,0,0,0,2,A,-,4,N,C,C,A,H,A,D,N,33.855898,-118.197276
20030520,728,2,LINDEN AV,OSGOOD ST,Y,B,4,0,2,2,A,-,9,M,D,C,A,H,A,A,N,33.862537,-118.186005
20030520,1917,2,3RD ST,JUNIPERO AV,N,A,0,0,0,2,A,-,8,M,B,C,A,H,A,D,N,33.768295,-118.165369
20030520,715,2,RT 405,WALNUT AV,N,B,0,0,0,2,A,-,7,M,B,C,A,H,A,D,N,33.811666,-118.171975
20030520,915,2,RT 710,PACIFIC COAST HWY,N,A,0,0,0,2,A,-,3,N,B,C,A,H,A,D,N,33.789863,-118.166885
20030521,1031,3,CHESTNUT AV,7TH ST,N,A,0,0,0,2,D,-,0,M,C,E,A,H,A,D,Y,33.775341,-118.196353
20030521,220,3,CHESTNUT AV,7TH ST,N,A,4,0,1,2,A,-,1,N,C,E,A,H,C,A,Y,33.775341,-118.196353
20030521,1130,3,EAGLE ST,OLIVE AV,N,A,0,0,0,1,A,-,- ,N,E,I,A,H,A,D,N,33.800138,-118.182855
20030521,1424,3,BORT ST,LONG BEACH AV,N,A,0,0,0,2,A,-,3,M,C,C,A,H,A,A,N,33.870561,-118.201589
20030521,102,3,CERRITOS,CERRITOS 727,N,A,0,0,0,1,-,-,- ,M,H,I,A,H,D,D,N,33.861488,-118.092494
20030521,1930,3,PACIFIC COAST HWY,MAINE AV,Y,A,0,0,0,2,A,-,9,N,D,C,A,H,A,D,N,33.861488,-118.092494
20030521,1345,3,BROADWAY,LINDEN,Y,A,0,0,0,2,A,-,5,N,-,G,A,H,A,A,N,40.626174,-73.715576
20030521,1000,3,LONG BEACH BL,WARDLOW RD,N,A,0,0,0,2,A,-,9,N,B,C,A,H,A,A,N,33.818979,-118.189257
20030521,1800,3,BELLFLOWER BL,STEARNS ST,Y,A,4,0,1,2,A,-,9,N,D,C,A,H,A,A,N,33.796022,-118.125239
20030521,1655,3,SAINT JOSEPH AV,2ND ST,N,A,0,0,0,2,A,-,3,N,C,E,-,-,-,D,N,33.761358,-118.137289
20030521,833,3,OCEAN BL,MAGNOLIA AV,Y,A,3,0,2,2,A,-,12,N,D,C,A,H,A,A,N,33.767374,-118.197984
20030521,922,3,10TH ST,PROSPECT AV,N,A,4,0,1,3,A,-,3,N,C,C,A,H,A,A,N,33.778970,-118.140850
20030521,2215,3,LAKEWOOD BL,WILLOW,N,A,0,0,0,2,A,-,8,N,C,C,A,H,C,D,N,33.803251,-118.142788
20030521,721,3,WILLOW ST,ADRIATIC AV,Y,A,4,0,1,2,A,-,9,N,D,C,A,H,A,D,N,33.804423,-118.214355
20030521,2108,3,WARDLOW RD,PINE AV,N,A,0,0,0,1,A,-,3,N,E,I,A,H,C,D,N,33.818999,-118.192640
20030521,1250,3,RT 710,WILLOW,-,A,0,0,0,2,A,-,3,N,C,C,A,H,A,D,N,33.770050,-118.193739
20030521,1228,3,ATLANTIC AV,35TH ST,Y,A,0,0,0,2,A,-,9,N,D,C,A,H,A,A,N,33.820077,-118.185013
20030521,1531,3,MARTIN LUTHER KING JR AV,HILL ST,N,-,4,0,1,2,A,-,3,N,C,C,-,H,-,A,N,33.797122,-118.180674
20030521,131,3,PACIFIC COAST HWY,LOS ALAMITOS TRAFFIC CIR,Y,A,0,0,0,2,A,-,4,N,C,C,A,H,C,A,N,33.789901,-118.142510
20030521,1815,3,GOLDEN AV,25TH ST,-,-,4,0,1,3,A,-,5,N,A,C,-,-,-,D,N,33.802576,-118.202408
20030521,716,3,ORANGE AV,CARSON ST,N,A,4,0,1,2,A,-,9,N,A,C,A,H,A,D,N,33.832432,-118.176299
20030521,1620,3,RT 91,CHERRY AV,N,A,0,0,0,3,A,-,3,M,C,C,A,H,A,D,N,33.876334,-118.167205
20030521,1323,3,CLAIR DEL AV,DEL AMO BL,N,A,3,0,1,2,D,-,0,F,G,B,A,H,A,D,N,33.846972,-118.165387
20030521,1445,3,RT 91,ATLANTA AV,N,A,0,0,0,2,A,-,7,N,B,C,A,H,A,D,N,33.874843,-118.193412
20030521,1715,3,RT 405,WARDLOW RD,N,A,0,0,0,3,A,-,3,N,C,C,A,H,A,D,N,33.818749,-118.130842
20030521,1120,3,RT 710,LONG BEACH BL,N,A,0,0,0,2,A,-,7,N,C,C,A,H,A,D,N,33.823693,-118.189369
20030521,325,3,RT 405,LAKEWOOD BL,N,A,0,0,0,1,A,-,8,N,E,I,A,H,C,D,N,33.843075,-118.142426
20030521,950,3,RT 710,LONG BEACH BL,N,A,0,0,0,2,A,-,- ,M,B,C,A,H,A,D,N,33.823693,-118.189369
20030521,316,3,RT 405,LAKEWOOD BL,N,A,4,0,1,2,A,-,3,N,B,C,A,H,C,D,N,33.843075,-118.142426
20030521,315,3,RT 405,LAKEWOOD BL,N,A,4,0,1,1,D,-,0,N,E,I,A,H,C,D,N,33.843075,-118.142426
20030521,317,3,RT 405,LAKEWOOD BL,N,A,0,0,0,2,A,-,3,N,B,C,A,H,C,D,N,33.843075,-118.142426
20030522,1815,4,EAST BROADWAY,CERRITOS AV,N,A,0,0,0,2,A,-,1,M,B,-,A,H,A,D,Y,33.768690,-118.178639
20030522,57,4,ANAHEIM ST,CORONADO AV,N,A,0,0,0,2,A,-,1,M,C,E,A,H,C,D,Y,33.782593,-118.153497
20030522,2045,4,SOUTH ST,CERRITOS AV,N,A,4,0,1,2,A,-,3,N,C,C,A,H,C,D,Y,33.860119,-118.178207
20030522,1400,4,67TH ST,INDIANA,N,A,0,0,0,2,A,-,21,N,B,E,A,H,A,D,Y,33.876528,-118.153473
20030522,1954,4,TERMINO AV,ANAHEIM ST,N,A,0,0,0,2,A,-,1,N,B,E,A,H,C,D,Y,33.782595,-118.145883
20030522,1822,4,56TH ST,ELM AV,N,A,0,0,0,2,D,-,0,M,B,E,A,H,A,D,N,33.857572,-118.188389
20030522,2140,4,LIVINGSTON DR,PARK,N,A,0,0,0,2,A,-,3,N,C,C,A,H,C,D,N,33.762960,-118.137240
20030522,1035,4,ARTESIA BL,CHERRY AV,N,A,0,0,0,3,A,-,3,N,C,C,A,H,A,A,N,33.874600,-118.168710
20030522,755,4,DEL AMO BL,LONG BEACH BL,N,A,0,0,0,2,A,-,9,N,D,C,A,H,A,D,N,33.846735,-118.193744
20030522,247,4,DEL AMO BL,PACIFIC,N,A,0,0,0,3,A,-,8,N,B,C,A,H,C,B,N,33.846710,-118.198041
20030522,2243,4,ORANGE AV,10TH,N,A,0,0,0,4,A,-,3,M,-,E,A,H,C,D,N,33.778974,-118.176331
20030522,1300,4,MAGNOLIA AV,7TH ST,Y,A,0,0,0,2,A,-,21,N,D,C,A,H,A,D,N,33.775332,-118.198040
20030522,1740,4,BRAYTON AV,WARDLOW,N,A,0,0,0,1,A,-,21,N,C,I,A,H,A,D,N,33.818911,-118.175249
20030522,2047,4,ANAHEIM ST,EUCLID AV,N,A,0,0,0,3,-,-,- ,N,D,C,A,H,C,D,N,33.782596,-118.149218
20030522,1656,4,ANAHEIM ST,CHESTNUT AV,Y,A,2,0,1,2,A,-,10,N,G,B,A,H,A,A,N,33.782606,-118.196366
20030522,1709,4,1ST ST,LONG BEACH BL,N,A,3,0,1,2,-,-,- ,N,D,C,A,H,A,D,N,33.768079,-118.189466
20030522,1040,4,RT 405,LONG BEACH BL,N,A,0,0,0,2,A,-,7,N,B,C,A,H,A,D,N,33.823693,-118.189369
20030522,2245,4,RT 405,CHERRY ST,N,A,0,0,0,2,A,-,8,M,B,C,A,H,D,D,N,33.796412,-118.068188
20030522,658,4,RT 405,BIXBY ST,N,B,4,0,2,6,A,-,8,N,E,I,A,H,A,D,N,33.826704,-118.180117
20030522,625,4,ATLANTIC AV,SPRING ST,Y,A,0,0,0,2,A,-,0,N,D,J,A,H,A,D,N,33.811590,-118.185067
20030522,1646,4,14TH ST,DAWSON AV,N,A,4,0,1,2,A,-,11,N,G,B,A,H,A,D,N,33.784413,-118.165467
20030523,1943,5,CEDAR,7TH ST,-,A,0,0,0,2,A,-,21,N,C,E,A,H,B,-,Y,33.775335,-118.195071
20030523,37,5,REDONDO AV,2ND ST,Y,A,0,0,0,1,A,-,12,N,A,I,A,H,C,A,Y,33.763495,-118.152410
20030523,2034,5,STUDEBAKER RD,RT 22,Y,B,0,0,0,1,-,-,- ,M,E,I,A,H,C,-,N,33.773982,-118.102352
20030523,1640,5,67TH WY,OBISPO AV,N,A,0,0,0,2,-,-,- ,M,-,E,A,H,A,D,N,33.877434,-118.155645
20030523,1719,5,PACIFIC COAST HWY,ULTIMO,Y,A,4,0,1,2,A,-,9,N,A,C,A,H,A,D,N,33.776405,-118.124174
20030523,2030,5,CARSON ST,RT 605,Y,A,0,0,0,2,A,-,12,N,D,C,A,H,C,A,N,33.831761,-118.184845
20030523,1046,5,GRAND AV,WILTON ST,Y,B,0,0,0,2,A,-,9,N,D,C,-,H,-,D,N,33.787587,-118.148066
20030523,1657,5,LONG BEACH BL,PLYMOUTH,N,A,4,0,1,2,A,-,3,N,C,C,A,H,A,D,N,33.853292,-118.196168