COLLISION_DATE,COLLISION_TIME,DAY_OF_WEEK,PRIMARY_RD,SECONDARY_RD,INTERSECTION,WEATHER_1,COLLISION_SEVERITY,NUMBER_KILLED,NUMBER_INJURED,PARTY_COUNT,PRIMARY_COLL_FACTOR,PCF_CODE_OF_VIOL,PCF_VIOL_CATEGORY,HIT_AND_RUN,TYPE_OF_COLLISION,MVIW,ROAD_SURFACE,ROAD_COND_1,LIGHTING,CONTROL_DEVICE,ALCOHOL_INVOLVED,LATITUDE,LONGITUDE
20030619,1106,4,DEL AMO BL,LOCUST AV,Y,A,4,0,1,2,A,-,12,N,D,C,A,H,A,A,N,33.846561,-118.189765
20030619,835,4,ANAHEIM ST,CLARK AV,Y,B,0,0,0,2,A,-,9,N,D,C,A,H,A,A,N,33.782583,-118.134160
20030619,1152,4,STUDEBAKER RD,ATHERTON,N,B,0,0,0,2,A,-,9,N,E,I,A,H,A,A,N,33.788723,-118.099362
20030619,2018,4,ADRIATIC AV,34TH ST,N,A,3,0,1,2,A,-,11,N,G,B,A,H,C,D,N,33.818892,-118.214496
20030619,1700,4,6TH ST,LONG BEACH BL,Y,A,4,0,1,3,A,-,4,N,C,C,A,H,A,D,N,33.774131,-118.189324
20030619,825,4,PALO VERDE ST,DELEON ST,N,A,0,0,,2,A,-,11,N,A,B,A,H,A,D,N,33.783842,-118.108009
20030619,1300,4,ATLANTIC AV,37TH ST,Y,A,0,0,0,2,A,-,7,M,B,C,A,H,A,A,N,33.824222,-118.185072
20030619,2030,4,ATLANTIC AV,HARDING ST,N,A,0,0,0,2,A,-,7,N,-,I,A,H,C,D,N,33.867323,-118.185201
20030619,2051,4,56TH ST,LONG BEACH BL,N,A,0,0,0,2,A,-,9,N,D,C,B,H,C,D,N,33.857526,-118.197692
20030619,1925,4,RT 91,CHERRY AV,N,B,0,0,0,2,A,-,3,M,C,C,A,H,B,D,N,33.876334,-118.167205
20030619,2040,4,RT 405,LAKEWOOD BL,N,B,0,0,0,1,A,-,3,N,E,I,A,H,D,D,N,33.843075,-118.142426
20030619,830,4,RT 710,LONG BEACH BL,N,B,0,0,0,2,A,-,7,N,B,C,A,H,A,D,N,33.823693,-118.189369
20030619,1354,4,CHESTNUT AV,4TH ST,N,A,0,0,0,2,-,-,- ,N,D,C,A,H,A,A,N,33.771709,-118.196372
20030619,811,4,BAYSHORE AV,APPIAN WY,N,A,0,0,0,2,D,-,0,N,B,E,A,H,A,D,N,33.760713,-118.123799
20030619,1630,4,RT 91,ATLANTIC AV,N,B,0,0,0,2,A,-,3,N,C,C,A,H,A,D,N,33.874843,-118.193412
20030620,802,5,EAST 4TH ST,ROSE PL,Y,B,0,0,0,3,A,-,7,N,C,E,A,H,A,D,Y,33.771715,-118.168684
20030620,730,5,10TH ST,CHERRY AV,N,A,0,0,0,2,D,-,0,M,B,E,A,H,C,D,Y,33.778975,-118.167665
20030620,2300,5,ARTESIA,ORANGE,N,A,0,0,0,1,A,-,1,N,E,I,A,H,C,D,Y,33.874675,-118.177374
20030620,200,5,RT 91,ARTESIA BL,N,C,3,0,1,2,A,-,1,N,D,C,B,H,C,D,Y,33.872675,-118.290896
20030620,1530,5,GARFORD ST,CLARK AV,N,A,0,0,0,2,A,-,21,M,B,E,A,H,A,D,N,33.792062,-118.134026
20030620,622,5,WILLOW ST,ORANGE AV,-,B,0,0,0,1,D,-,0,M,E,I,A,H,A,A,N,33.804389,-118.176304
20030620,1455,5,BROADWAY,CHERRY AV,Y,A,0,0,0,2,A,-,9,N,D,C,A,H,A,A,N,33.767286,-118.167896
20030620,1120,5,CHERRY AV,CARSON ST,Y,A,0,0,0,2,A,-,12,N,D,C,A,H,A,A,N,33.832430,-118.167628
20030620,1500,5,PARAMOUNT BL,THOMPSON,N,A,4,0,1,2,A,-,21,N,B,C,A,H,A,D,N,33.881030,-118.160084
20030620,1505,5,JOHN AV,N CURRY ST,N,A,2,0,1,2,A,-,9,N,D,G,A,H,A,D,N,33.866469,-118.172490
20030620,1145,5,PACIFIC AV,7TH ST,Y,A,0,0,0,2,A,-,12,N,D,C,A,H,A,A,N,33.775346,-118.193781
20030620,133,5,DE FOREST AV,CHESTNUT AV,N,A,3,0,1,1,A,-,1,M,B,I,B,H,C,D,N,33.860778,-118.195740
20030620,2035,5,OCEAN BL,RT 47,N,B,0,0,0,2,-,-,- ,N,C,C,A,H,C,A,N,39.627783,-74.190228
20030620,1800,5,MAGNOLIA AV,HILL ST,N,B,0,0,0,2,A,-,4,N,C,C,A,H,A,D,N,33.797131,-118.198097
20030620,912,5,RT 405,WALNUT AV,N,B,0,0,0,2,A,-,7,N,B,C,A,H,A,D,N,33.811666,-118.171975
20030620,725,5,RT 710,WARDLOW RD,N,B,0,0,0,2,A,-,3,N,C,C,A,H,A,D,N,33.818749,-118.130842
20030620,1535,5,RT 91,LONG BEACH BL,N,B,0,0,0,2,A,-,3,N,C,C,A,H,A,D,N,33.873156,-118.200648
20030620,1240,5,52ND ST,BRAYTON AV,N,A,0,0,0,1,A,-,21,M,E,I,A,H,A,D,N,33.850210,-118.175672
20030620,1015,5,RT 405,RT 710,N,B,4,0,1,2,A,-,8,N,E,I,A,H,A,D,N,46.462508,-95.646979
20030620,610,5,LAKEWOOD BL,RT 405,N,B,3,0,1,1,A,-,3,N,E,I,B,H,B,D,N,33.843075,-118.142426
20030620,2234,5,HARDING ST,FALCON AV,N,A,0,0,0,3,B,-,22,N,D,C,A,H,C,D,N,33.867359,-118.174474
20030621,545,6,OCEAN BL,T I FREEWAY,Y,A,0,0,0,2,A,-,12,M,D,C,A,H,B,A,N,33.867359,-73.125011
20030621,840,6,ALY W PACIFIC AV,21ST ST,Y,B,4,0,2,2,A,-,9,N,D,C,B,H,A,D,N,40.811550,-73.125011
20030621,2234,6,BROADWAY ST,HERMOSA AV,N,A,0,0,0,2,A,-,3,N,B,E,A,H,C,D,N,40.811550,-73.125011
20030621,1210,6,7TH HELENA DR,OLIVE AV,Y,-,0,0,0,2,-,-,- ,N,B,C,-,-,-,A,N,33.826819,-118.182674
20030621,812,6,GARFORD ST,CLARK AV,N,C,0,0,0,2,-,-,- ,M,C,E,B,H,A,D,N,33.792062,-118.134026
20030621,2229,6,COLORADO ST,ORIZABA AV,-,B,0,0,0,2,A,-,3,N,A,I,A,H,C,D,N,33.769894,-118.156764
20030621,2247,6,PACIFIC COAST HWY,ORANGE AV,Y,B,0,0,0,2,A,-,9,N,D,C,A,H,C,A,N,33.789854,-118.176289
20030621,955,6,7TH ST,E CAMPUS DR,Y,A,0,0,0,3,A,-,3,N,C,C,A,H,A,D,N,33.775231,-118.115290
20030621,409,6,LOS COYOTES DIAGONAL,STUDEBAKER,N,B,0,0,0,1,A,-,7,M,E,I,A,H,C,A,N,33.829849,-118.099598
20030621,2330,6,ROSWELL,BROADWAY,N,A,0,0,0,1,A,-,8,M,H,I,A,H,C,D,N,33.764441,-118.143747
20030621,1755,6,8TH ST,CEDAR AV,Y,A,0,0,0,3,A,-,8,F,B,E,A,H,A,A,N,33.776553,-118.195067
20030621,1515,6,RT 405,CALIFORNIA AV,N,B,0,0,0,2,A,-,7,N,B,C,A,H,A,D,N,34.168501,-118.605754
20030621,640,6,RT 91,ATLANTA AV,N,B,3,0,1,1,A,-,3,N,F,A,B,H,A,D,N,33.874843,-118.193412
20030621,605,6,RT 405,SANTA FE AV,N,B,4,0,1,2,A,-,3,F,C,C,B,H,B,D,N,33.807295,-118.215507
20030621,600,6,RT 405,RT 710,N,A,3,0,2,3,A,-,8,N,C,C,B,H,B,D,N,46.462508,-95.646979
20030621,800,6,RT 710,DEL AMO BL,N,C,4,0,1,2,A,-,7,N,B,C,B,H,A,D,N,33.847073,-118.130810
20030621,1439,6,8TH ST,ROSE AV,N,A,0,0,0,3,A,-,0,M,D,C,A,H,A,D,N,33.777157,-118.169834
20030621,1048,6,ATLANTIC AV,10TH ST,N,A,4,0,1,2,B,-,22,N,B,C,A,H,A,D,N,33.778973,-118.185038
20030621,700,6,RT 91,LONG BEACH BL,N,C,0,0,0,2,A,-,7,M,B,C,B,H,A,D,N,33.873156,-118.200648
20030621,1720,6,RT 405,LAKEWOOD BL,N,A,0,0,0,2,A,-,3,M,C,C,A,H,A,D,N,33.843075,-118.142426
20030622,2130,7,WARDLOW RD,MAGNOLIA AV,Y,A,4,0,2,2,A,-,9,M,D,C,A,H,C,A,Y,33.818907,-118.198056
20030622,305,7,RT 710,RT 405,N,B,0,0,0,1,A,-,1,N,E,J,A,H,B,D,Y,33.770050,-118.193739
20030622,400,7,HUNGERFORD ST,GUNDRY AV,N,B,0,0,0,2,A,-,7,M,B,C,A,H,C,D,N,33.862834,-118.175374
20030622,1501,7,HAYES AV,COWLES ST,N,B,3,0,1,2,D,-,0,F,G,B,A,H,A,D,N,33.784650,-118.218727
20030622,1221,7,DEL AMO BL,DAISY AV,N,A,2,0,1,2,A,-,3,N,C,E,A,H,A,D,N,33.846577,-118.198653
20030622,1018,7,10TH ST,ALAMITOS AV,Y,B,3,0,1,2,A,-,10,N,G,B,A,H,A,A,N,33.778961,-118.179037
20030622,1105,7,DONALD DOUGLAS DR,LAKEWOOD BL,-,B,0,0,0,2,A,-,21,N,G,B,A,H,A,D,N,33.818823,-118.139255
20030622,13,7,CHESTNUT AV,23RD ST,N,A,0,0,0,3,A,-,7,N,B,E,A,H,C,A,N,33.798937,-118.195883
20030622,628,7,7TH ST,ORANGE AV,N,A,0,0,0,4,A,-,8,N,D,C,A,H,A,D,N,33.775366,-118.176353
20030622,956,7,CHERRY AV,CLOVER ST,N,A,3,0,4,2,A,-,8,N,D,C,A,H,A,D,N,33.770050,-118.193739
20030622,1925,7,CANTON ST,WEBSTER,N,A,0,0,0,2,A,-,7,M,B,E,A,H,A,D,N,33.810791,-118.219782
20030622,1300,7,67TH WY,MURIEL AV,N,A,0,0,0,2,A,-,7,N,B,C,A,H,A,D,N,33.876843,-118.200554
20030622,2325,7,7TH ST,PARK AV,N,A,0,0,0,2,A,-,8,M,C,E,A,H,C,D,N,33.775354,-118.137369
20030622,1715,7,PACIFIC COAST HWY,GRANADA AV,N,A,0,0,0,2,A,-,8,M,B,C,A,H,A,D,N,33.784245,-118.134620
20030622,2114,7,LONG BEACH BL,4TH ST,-,A,0,0,0,2,A,-,3,N,C,C,A,H,C,A,N,33.771710,-118.189314
20030622,1400,7,DEL AMO BL,CHERRY AV,N,A,0,0,0,2,A,-,3,N,C,C,A,H,A,D,N,33.846859,-118.167613
20030622,2225,7,SANTA FE,LINCOLN,N,A,0,0,0,3,A,-,- ,N,C,C,A,H,C,D,N,33.822721,-118.215511
20030622,100,7,FAIRBROOK ST,FANWOOD AV,N,A,0,0,0,2,D,-,0,M,B,E,A,H,C,D,N,33.792425,-118.116189
20030622,820,7,RT 405,PACIFIC AV,N,B,0,0,0,1,A,-,8,N,E,I,A,H,A,D,N,46.356782,-124.054189
20030623,56,1,XIMENO AV,3RD ST,-,A,0,0,0,2,A,-,1,N,B,E,A,H,C,D,Y,33.768077,-118.141561
20030623,640,1,PACIFIC COAST HWY,TERMINO AV,Y,C,4,0,2,2,A,-,12,N,D,C,B,H,A,A,N,33.789843,-118.145883
20030623,841,1,PINE AV,10TH ST,Y,A,0,0,0,2,A,-,12,N,D,C,A,H,A,A,N,33.778968,-118.192391
20030623,1202,1,PALO VERDE AV,STEARNS ST,N,A,0,0,0,2,A,-,3,N,C,C,A,H,A,A,N,33.795428,-118.107917
20030623,1320,1,WILLOW AV,TERMINAL ISLAND FWY,N,A,0,0,0,2,A,-,3,M,C,C,A,H,A,D,N,33.804326,-118.220566
20030623,1257,1,SOUTH ST,PARAMOUNT BL,Y,B,4,0,1,2,A,-,12,N,D,C,A,H,A,A,N,33.860173,-118.159958
20030623,732,1,ANAHEIM,BENNETT,N,B,0,0,0,2,D,-,0,M,B,E,A,H,A,D,N,33.782590,-118.142638
20030623,1,1,RT 605,SPRING ST,N,A,0,0,0,2,A,-,3,N,C,C,A,H,C,D,N,33.810673,-118.134847
20030623,1753,1,LINDEN AV,55TH ST,Y,A,4,0,2,2,A,-,9,N,D,C,A,H,A,D,N,33.856244,-118.185962
20030623,1342,1,1ST ST,LIME AV,Y,A,0,0,0,2,A,-,9,N,D,C,A,H,A,D,N,33.768078,-118.183692
20030623,1815,1,7TH ST,LONG BEACH BL,Y,B,0,0,0,2,-,-,- ,N,C,C,A,H,B,A,N,33.775335,-118.189476
20030623,1621,1,11TH ST,TEMPLE,Y,A,4,0,1,2,A,-,9,N,D,G,A,H,A,A,N,33.780782,-118.158932
20030623,1255,1,TEMPLE AV,CHERRY AV,Y,A,0,0,0,2,A,-,9,N,D,C,A,H,A,D,N,33.823170,-118.167726
20030623,2142,1,LONG BEACH BL,WARDLOW RD,Y,A,0,0,0,2,D,-,0,N,D,C,A,H,C,A,N,33.818979,-118.189257
20030623,1350,1,BELLFLOWER BL,PARKCREST,Y,A,0,0,0,2,D,-,0,N,B,C,A,H,A,D,N,33.830305,-118.125102
20030623,2302,1,CARSON ST,LOS COYOTES DIAGONAL,Y,A,0,0,0,2,A,-,3,N,C,C,C,H,A,D,N,33.832134,-118.098846
20030623,1757,1,REDONDO AV,RANSOM ST,N,A,0,0,0,2,A,-,8,M,B,E,A,H,A,D,N,33.786679,-118.152409
20030623,1608,1,WARDLOW RD,WEBSTER AV,N,A,4,0,2,3,A,-,3,N,C,C,A,H,A,D,N,33.824367,-118.220024
20030623,1955,1,RT 710,LONG BEACH BL,N,A,4,0,1,2,A,-,3,F,C,C,A,H,B,D,N,33.823693,-118.189369
20030623,1700,1,RT 405,LAKEWOOD BL,N,A,0,0,0,2,A,-,7,N,B,C,A,H,A,D,N,33.843075,-118.142426
20030624,2035,2,RT 605,KATELLA AV,N,A,4,0,1,2,A,-,3,N,C,C,A,H,D,D,N,33.803096,-118.082814
20030624,835,2,RT 91,ATLANTIC AV,N,A,3,0,2,1,A,-,8,N,E,I,A,H,A,D,N,33.874843,-118.193412
20030624,1745,2,ARABELLA ST,DOWNEY AV,N,A,0,0,0,2,A,-,21,M,H,E,A,H,A,D,N,33.862790,-118.151002
20030624,1812,2,14TH ST,GAVIOTA AV,N,A,0,0,0,1,A,-,3,N,E,I,A,H,A,D,N,33.784415,-118.170911
20030624,1025,2,ATLANTIC AV,RT 91,Y,A,0,0,0,2,A,-,8,M,B,C,A,H,A,A,N,33.874843,-118.193412
20030624,1452,2,LAKEWOOD BL,WILLOW ST,-,A,0,0,0,2,A,-,7,M,B,C,A,H,A,D,N,33.803251,-118.142788
20030624,1530,2,RT 91,CHERRY AV,N,A,0,0,0,3,A,-,3,N,C,C,A,H,A,D,N,33.876334,-118.167205
20030624,1450,2,RT 605,CARSON ST,N,A,3,0,1,2,A,-,3,N,C,C,A,H,A,D,N,33.832262,-118.135654
20030624,1331,2,2ND ST,TIVOLI DR,N,A,4,0,2,2,A,-,3,N,C,C,A,H,A,D,N,33.757552,-118.126231
20030624,1213,2,BELLFLOWER BL,WILLOW ST,N,A,0,0,0,2,A,-,3,N,C,C,A,H,A,A,N,33.803355,-118.125361
20030624,1120,2,SOUTH ST,PARAMOUNT BL,N,A,0,0,0,2,A,-,21,N,D,C,A,H,A,D,N,33.860173,-118.159958
20030624,1130,2,64TH ST,ORANGE AV,N,A,0,0,0,2,D,-,0,N,B,C,A,H,A,D,N,33.870975,-118.177350
20030624,1300,2,DEL AMO,ELM,Y,A,0,0,0,2,A,-,9,N,D,C,A,H,A,A,N,33.846008,-118.188317
20030624,844,2,MAGNOLIA AV,LOMA VISTA,N,A,4,0,1,2,A,-,11,N,G,B,A,H,A,A,N,33.781971,-118.198049
20030624,1556,2,ANAHEIM ST,CANAL,N,A,4,0,4,4,A,-,4,N,C,C,A,H,A,A,N,33.782661,-118.213811
20030624,920,2,STUDEBAKER RD,DRISCOLL,Y,A,0,0,0,1,A,-,5,N,E,I,A,H,A,A,N,33.785803,-118.100088
20030624,2320,2,BIXBY RD,FALCON AV,N,A,0,0,0,3,D,-,0,N,C,E,A,H,C,D,N,33.826694,-118.173055
20030624,1620,2,2ND ST,SHOPKEEPER RD,N,A,0,0,0,3,A,-,4,N,C,C,A,H,A,D,N,33.758914,-118.108371
20030624,1025,2,RT 405,CLARK AV,N,A,0,0,0,2,D,-,0,N,B,C,A,H,A,D,N,33.817379,-118.133749
20030624,1725,2,RT 405,CHERRY AV,N,A,0,0,0,2,A,-,3,M,C,C,A,H,A,A,N,33.823170,-118.167726
20030624,2010,2,RT 405,ORANGE AV,N,A,0,0,0,2,A,-,3,N,B,C,A,H,C,D,N,33.825422,-118.176316
20030624,835,2,RT 710,RT 91,N,B,0,0,0,2,A,-,3,N,C,C,A,H,A,D,N,33.770050,-118.193739
20030624,1100,2,RT 405,STUDEBAKER RD,N,A,0,0,0,2,A,-,7,N,C,C,A,H,A,D,N,33.791446,-118.099621
20030625,105,3,DEL AMO BL,ATLANTIC AV,N,A,0,0,0,2,A,-,3,N,C,C,A,H,C,A,Y,33.845292,-118.184880
20030625,1728,3,CHERRY AV,ARTESIA BL,N,A,0,0,0,2,A,-,3,N,C,C,-,-,A,A,Y,33.874600,-118.168710
20030625,1306,3,ORANGE AV,SAN ANTONIO,N,A,4,0,3,3,A,-,3,F,C,C,A,H,A,D,N,33.841566,-118.176305
20030625,2355,3,BROADWAY,ALAMITOS AV,-,A,0,0,0,2,A,-,21,N,H,C,A,H,C,A,N,33.769144,-118.182082
20030625,2044,3,GARDENIA AV,SOUTH ST,N,-,0,0,0,2,-,-,- ,N,-,E,-,-,-,-,N,33.860087,-118.169593
20030625,1411,3,ATLANTIC AV,27TH,Y,A,4,0,1,2,A,-,- ,F,D,C,A,H,A,A,N,33.860087,-118.184958
20030625,2302,3,STUDEBAKER RD,WILLOW ST,Y,A,0,0,,1,-,-,- ,N,E,I,A,B,C,A,N,33.803249,-118.099274
20030625,2030,3,CHERRY AV,37TH ST,Y,A,3,0,1,2,A,-,9,N,D,C,-,-,-,A,N,33.824199,-118.167535
20030625,1626,3,LONG BEACH BL,SPRING ST,N,A,4,0,1,2,A,-,3,N,C,C,A,D,A,A,N,33.811573,-118.189350
20030625,1224,3,BROADWAY,LOMA AV,Y,A,0,0,0,2,A,-,9,N,D,C,A,H,A,D,N,33.764449,-118.150261
20030625,750,3,OCEAN BL,ALAMEDA AV,Y,A,0,0,0,2,A,-,3,N,C,C,A,-,A,D,N,33.766932,-118.189466
20030625,1811,3,SPRING ST,WOODRUFF AV,Y,A,3,0,1,2,A,-,9,N,D,C,A,H,A,A,N,33.810576,-118.114478
20030625,1828,3,BELLFLOWER BL,ATHERTON ST,N,A,4,0,1,2,A,-,9,N,D,C,A,H,A,D,N,33.788526,-118.124399
20030625,1653,3,PARAMOUNT BL,68TH ST,N,A,4,0,2,3,A,-,3,N,C,C,A,H,A,A,N,33.878315,-118.159945
20030625,1617,3,OCEAN BL,ATLANTIC AV,Y,A,0,0,,2,-,-,- ,N,H,G,-,-,A,-,N,33.766295,-118.185056
20030625,1500,3,5TH ST,ATLANTIC AV,Y,A,3,0,1,2,A,-,21,N,C,J,A,H,A,A,N,33.772911,-118.185044
20030625,1709,3,CHERRY AV,ARTESIA BL,N,A,4,0,1,3,A,-,9,N,-,C,A,H,A,A,N,33.874600,-118.168710
20030625,1644,3,PACIFIC COAST HWY,2ND ST,N,A,0,0,0,3,A,-,4,N,C,C,A,H,A,A,N,33.758149,-118.111272
20030625,1938,3,WARDLOW RD,LEWIS AV,N,A,0,0,0,2,A,-,21,N,B,C,A,H,A,D,N,33.818916,-118.179593
20030625,945,3,VIRGINIA RD,ROOSEVELT,N,A,0,0,0,2,A,-,8,N,B,E,A,H,A,D,N,33.828941,-118.189609
20030625,830,3,RT 405,223RD ST,N,A,3,0,2,2,A,-,3,N,C,C,A,H,A,D,N,33.824539,-118.228396
20030625,1310,3,RT 710,LONG BEACH BL,N,A,0,0,0,2,A,-,3,N,C,C,A,H,A,D,N,33.823693,-118.189369
20030626,1240,4,JAYMILLS,60TH ST,Y,A,0,0,0,2,A,-,8,M,E,I,A,H,A,D,Y,,
20030626,313,4,PARK AV,3RD ST,Y,A,0,0,0,3,A,-,7,N,C,E,A,H,C,D,Y,33.768076,-118.137205
20030626,1532,4,WOODRUFF AV,WARDLOW,N,A,0,0,0,2,A,-,7,M,B,C,A,H,A,D,N,33.818859,-118.116517
20030626,755,4,ANAHEIM AV,LEWIS,-,A,0,0,0,4,A,-,3,M,C,C,A,H,A,A,N,33.782611,-118.179716
20030626,1700,4,TEMPLE AV,ANAHEIM ST,N,A,0,0,0,2,A,-,17,M,B,C,A,H,A,D,N,33.782597,-118.158947
20030626,1019,4,ALLIN,BELMONT PLZ,N,A,0,0,0,2,D,-,0,N,B,E,A,H,A,D,N,33.759158,-118.147729
20030626,655,4,7TH ST,JUNIPER AV,Y,A,0,0,0,2,D,-,0,N,D,C,A,H,A,A,N,33.775345,-118.163313
20030626,1227,4,APPIAN WY,SAN MARCOS,N,A,4,0,1,2,-,-,- ,N,B,A,A,H,A,D,N,33.757599,-118.120385
20030626,1815,4,6TH ST,CHESTNUT,Y,A,0,0,0,3,A,-,8,N,D,C,A,H,A,D,N,33.774120,-118.196367
20030626,1817,4,3RD ST,PROSPECT AV,N,A,4,0,1,2,A,-,17,N,H,C,A,H,A,D,N,33.768073,-118.140485
20030626,2020,4,TRIBUNE CT,16TH ST,Y,A,4,0,1,2,A,-,9,N,D,G,A,H,C,D,N,33.787129,-118.191731
20030626,945,4,WILLOW ST,STUDEBAKER RD,N,A,4,0,1,2,A,-,4,N,C,C,A,H,A,D,N,33.803249,-118.099274
20030626,1520,4,BROADWAY,LONG BEACH BL,N,A,0,0,0,2,A,-,21,N,D,C,A,H,A,D,N,33.769277,-118.189493
20030626,905,4,DEL AMO BL,DAISY AV,Y,A,0,0,0,2,A,-,3,N,-,C,A,-,A,A,N,33.846577,-118.198653
20030626,1530,4,LONG BEACH BL,SAN ANTONIO,Y,A,0,0,0,2,D,-,0,N,B,C,A,H,A,A,N,33.834559,-118.189375
20030626,1635,4,ANAHEIM ST,9TH ST,Y,A,0,0,0,2,A,-,9,N,A,A,A,H,A,A,N,33.782627,-118.219840
20030626,1755,4,SHORELINE DR,MAGNOLIA ST,Y,A,0,0,0,1,A,-,7,N,E,J,A,H,A,D,N,30.344023,-89.162029
20030626,1524,4,ORANGE AV,WASHINGTON ST,N,A,3,0,1,2,A,-,3,N,C,C,A,H,A,D,N,33.855205,-118.177258
20030626,1718,4,PACIFIC COAST HWY,OBISPO AV,Y,A,4,0,2,2,A,-,9,N,D,C,A,H,A,A,N,33.789856,-118.154575
20030626,1209,4,PIER J WY,PIER J AV,-,A,3,0,1,1,A,-,3,N,F,A,A,H,A,D,N,33.758739,-118.221787
20030626,2005,4,ANAHEIM ST,STANLEY AV,N,A,3,0,1,2,A,-,9,N,D,G,A,H,B,D,N,33.782621,-118.162261
20030626,1050,4,LAKEWOOD BL,DOUGLAS DR,Y,A,0,0,0,2,-,-,- ,N,H,A,A,H,A,A,N,33.818823,-118.139255
20030626,2500,4,LAKEWOOD BL,SPRING ST,Y,A,0,0,0,2,A,-,3,N,C,C,A,H,A,A,N,33.812739,-118.139096
20030626,1854,4,LONG BEACH BL,SAN ANTONIO,N,A,0,0,0,2,A,-,9,N,D,C,A,H,A,A,N,33.834559,-118.189375
20030626,1244,4,BROADWAY,ORANGE AV,Y,A,0,0,0,3,A,-,3,N,C,C,A,H,A,A,N,33.768463,-118.176852
20030626,635,4,TRAFFIC CIR,LAKEWOOD AV,-,A,0,0,0,2,A,-,3,N,C,C,A,H,A,D,N,33.791542,-118.142661
20030626,915,4,RT 405,MCHELEN AV,N,A,0,0,0,2,A,-,3,N,C,C,A,H,A,D,N,33.824349,-118.222297
20030626,645,4,RT 91,ATLANTIC AV,N,A,1,1,8,7,A,-,8,N,B,C,A,H,A,D,N,33.874843,-118.193412
20030627,1949,5,WASHINGTON PL,8TH ST,N,A,0,0,0,2,A,-,8,M,B,C,A,H,B,D,Y,33.776545,-118.181286
20030627,1825,5,SPAULDING CT,SAINT LOUIS AV,N,A,0,0,0,2,A,-,21,M,B,C,A,H,A,D,N,33.784957,-118.166564
20030627,300,5,VERA CT,RAYMOND AV,N,A,0,0,0,2,A,-,8,N,B,E,A,H,C,D,N,,
20030627,740,5,ARTESIA BL,OBISPO AV,Y,A,0,0,0,2,A,-,9,N,D,C,A,H,A,D,N,33.874658,-118.155641
20030627,2000,5,RT 91,CHERRY AV,N,A,0,0,0,1,C,-,18,N,E,J,A,H,A,D,N,33.876334,-118.167205
20030627,1716,5,10TH ST,MARTIN LUTHER KING,-,A,3,0,1,3,A,-,3,N,C,C,A,H,A,A,N,33.778977,-118.180686
20030627,1410,5,ORANGE AV,SAN ANTONIO,N,A,0,0,0,4,A,-,5,N,A,C,A,H,A,A,N,33.841566,-118.176305
20030627,2500,5,ATLANTIC AV,SOUTH ST,N,A,0,0,0,2,A,-,3,N,C,C,A,H,A,D,N,33.860074,-118.184923
20030627,1630,5,W 19TH ST,W 19TH ST 330,-,A,0,0,0,2,-,-,- ,N,D,C,A,H,A,D,N,39.575514,-74.231701
20030627,1450,5,SPRING,PALO VERDE AV,N,A,0,0,0,2,A,-,3,N,C,C,A,H,A,D,N,33.810426,-118.107869
20030627,1445,5,RT 91,SANTA FE AV,N,A,0,0,0,2,A,-,3,N,C,C,A,H,A,D,N,33.873796,-118.211385
20030627,1015,5,RT 405,LONG BEACH BL,N,A,0,0,0,3,A,-,7,N,B,C,A,H,A,D,N,33.823693,-118.189369
20030627,1515,5,RT 91,RT 710,N,A,0,0,0,2,A,-,3,N,C,C,A,H,A,D,N,32.932282,-80.411644
20030627,1400,5,RT 405,LAKEWOOD BL,N,A,0,0,0,2,A,-,21,N,C,C,A,H,A,D,N,33.843075,-118.142426
20030627,1730,5,RT 710,RT 405,N,A,0,0,0,2,A,-,3,N,C,C,A,H,A,D,N,33.770050,-118.193739
20030627,1710,5,RT 405,STUDEBAKER RD,N,A,0,0,0,2,A,-,3,N,C,C,A,H,A,D,N,33.791446,-118.099621
20030627,1450,5,RT 710,RT 405,N,A,0,0,0,1,A,-,17,N,E,I,A,H,A,D,N,33.770050,-118.193739
20030627,1510,5,RT 405,SANTA FE AV,N,A,0,0,0,2,A,-,3,N,B,C,A,H,A,D,N,33.807295,-118.215507
20030627,1902,5,REDONDO AV,15TH ST,N,A,0,0,0,3,A,-,3,N,C,C,A,H,A,D,N,33.785760,-118.152415
20030628,2348,6,ATLANTIC AV,SOUTH ST,N,A,0,0,0,2,A,-,7,M,B,C,A,H,C,D,Y,33.860074,-118.184923
20030628,1245,6,2ND ST,REDONDO AV,N,A,0,0,0,2,A,-,3,N,C,C,A,H,A,A,Y,33.763495,-118.152410
20030628,1334,6,CLARK AV,SPRING ST,Y,A,3,0,1,2,A,-,12,N,D,C,A,H,A,A,Y,33.810505,-118.133992
20030628,202,6,4TH ST,WALNUT AV,N,A,0,0,0,5,A,-,1,N,D,C,A,H,C,D,Y,33.771719,-118.172009
20030628,105,6,51ST ST,DAISY AV,Y,A,0,0,0,2,A,-,7,N,B,C,A,H,C,D,Y,33.848765,-118.198984
20030628,130,6,RT 405,LAKEWOOD BL,-,A,0,0,0,1,A,-,1,N,B,I,A,H,D,D,Y,33.843075,-118.142426
20030628,1805,6,ANAHEIM ST,WALNUT AV,N,A,0,0,0,2,A,-,3,M,C,C,A,H,A,A,N,33.782597,-118.171990
20030628,922,6,ORANGE AV,APPLETON,N,A,4,0,1,2,A,-,17,F,C,G,A,H,A,D,N,33.769056,-118.176744
20030628,125,6,2ND ST,TERMINO AV,N,-,0,0,0,3,A,-,5,N,A,E,-,-,-,A,N,33.762365,-118.145910