COLLISION_DATE,COLLISION_TIME,DAY_OF_WEEK,PRIMARY_RD,SECONDARY_RD,INTERSECTION,WEATHER_1,COLLISION_SEVERITY,NUMBER_KILLED,NUMBER_INJURED,PARTY_COUNT,PRIMARY_COLL_FACTOR,PCF_CODE_OF_VIOL,PCF_VIOL_CATEGORY,HIT_AND_RUN,TYPE_OF_COLLISION,MVIW,ROAD_SURFACE,ROAD_COND_1,LIGHTING,CONTROL_DEVICE,ALCOHOL_INVOLVED,LATITUDE,LONGITUDE
20030829,845,5,RT 710,UNION PACIFIC AV,N,A,4,0,4,2,A,-,3,N,C,C,A,H,A,D,N,33.770050,-118.193739
20030829,1440,5,RT 710,WILLOW ST,N,A,0,0,0,4,A,-,3,M,C,C,A,H,A,D,N,33.770050,-118.193739
20030829,1550,5,RT 710,RT 405,N,A,0,0,0,4,A,-,4,N,C,C,A,D,A,D,N,33.770050,-118.193739
20030829,1745,5,RT 405,TEMPLE ST,N,A,3,0,1,4,A,-,3,N,C,C,A,H,A,D,N,34.145957,-118.417898
20030829,1756,5,LOS COYOTES DIAGONAL,PARK AV,-,A,0,0,0,2,A,-,7,N,D,C,A,H,A,D,N,33.793117,-118.138230
20030829,1310,5,ATLANTIC,ANAHEIM,Y,A,4,0,1,3,D,-,0,N,C,C,A,H,A,A,N,33.782609,-118.185034
20030829,812,5,SAN ANTONIO DR,OLIVE AV,Y,A,4,0,1,2,A,-,9,N,D,C,A,H,A,D,N,33.837699,-118.183497
20030829,1526,5,WILLOW,WILLOW 3700,-,A,4,0,1,2,A,-,9,N,D,C,A,H,A,D,N,33.804329,-118.192557
20030829,1635,5,SPRING LN,PALO VERDE,N,A,0,0,0,2,A,-,9,N,D,C,A,H,A,D,N,33.810426,-118.107869
20030829,1628,5,4TH ST,PARK AV,Y,A,4,0,1,2,D,-,0,N,D,C,A,H,A,A,N,33.771692,-118.137202
20030829,1800,5,MYRTLE,71ST ST WY,Y,A,4,0,4,2,A,-,4,N,B,C,A,H,A,D,N,33.883649,-118.181854
20030829,1750,5,PACIFIC COAST HWY,CERRITOS,N,A,0,0,0,2,A,-,9,N,D,C,A,H,A,D,N,33.789855,-118.177422
20030829,1418,5,TRAFFIC CIR,PACIFIC COAST HWY,Y,A,0,0,0,2,D,-,0,N,B,C,A,H,A,D,N,33.788902,-118.140964
20030829,1936,5,ARTESIA BL,CHERRY AV,Y,A,4,0,1,3,A,-,12,N,D,C,A,H,B,A,N,33.874600,-118.168710
20030829,2151,5,PACIFIC COAST HWY,PACIFIC AV,Y,A,2,0,2,2,A,-,12,N,A,-,A,H,C,A,N,33.789847,-118.193724
20030829,1450,5,BROADWAY,MAGNOLIA,Y,A,0,0,0,2,A,-,3,N,C,C,A,H,A,A,N,33.986332,-118.050298
20030829,1305,5,ATLANTIC AV,WILLOW ST,Y,A,0,0,0,2,A,-,9,N,D,C,A,H,A,A,N,33.804328,-118.185023
20030829,1330,5,CLARK AV,DEL AMO ST,N,-,4,0,1,2,A,-,3,N,C,C,-,-,-,D,N,33.847152,-118.133777
20030829,1352,5,ANAHEIM ST,ALAMITOS AV,Y,A,4,0,2,3,A,-,12,N,A,C,A,H,A,A,N,33.782608,-118.177967
20030829,1452,5,HARBOR AV,15TH ST,Y,A,0,0,0,2,A,-,9,N,D,C,A,H,A,A,N,33.785559,-118.210491
20030829,1337,5,PACIFIC COAST HWY,LONG BEACH BL,N,A,0,0,0,2,A,-,3,N,C,C,A,H,A,D,N,33.789852,-118.189507
20030830,1839,6,E ARBOR,ARBOR CIR,N,A,0,0,0,2,A,-,21,N,C,E,A,H,A,D,Y,33.843075,-118.142426
20030830,1250,6,IMENO AV,PACIFIC COAST HWY,Y,A,0,0,0,2,-,-,- ,M,C,C,A,H,A,A,Y,33.843075,-118.142426
20030830,1937,6,RT 405,CHERRY AV,N,A,0,0,0,1,A,-,1,N,F,J,A,H,D,D,Y,33.823170,-118.167726
20030830,1326,6,ALAMITOS,5TH ST,Y,A,4,0,2,2,A,-,9,N,D,C,A,H,A,A,Y,33.772925,-118.180933
20030830,1126,6,ATLANTIC AV,56TH ST,Y,A,3,0,1,2,A,-,12,M,D,C,A,H,A,A,N,33.858094,-118.184914
20030830,48,6,LAVERNE AV,OCEAN,N,A,0,0,0,2,-,-,- ,M,H,E,-,-,C,D,N,33.755290,-118.136001
20030830,1611,6,CHESTNUT AV,LA REINA CT,Y,A,0,0,0,2,A,-,21,M,C,C,A,H,A,D,N,33.775867,-118.196355
20030830,801,6,SPRING ST,GATE 2 EL DORADO PK,Y,A,4,0,1,2,A,-,3,N,C,C,A,H,A,D,N,33.810332,-118.079350
20030830,2130,6,BROADWAY,BONITO AV,-,A,0,0,0,2,A,-,3,N,C,E,A,H,C,D,N,33.768919,-118.180419
20030830,2341,6,PACIFIC COAST HWY,MARINA PACIFICA MALL,Y,A,4,0,3,3,A,-,3,N,C,C,A,H,C,A,N,33.770050,-118.193739
20030830,640,6,ARTESIA BL,ORANGE AV,Y,A,3,0,1,2,A,-,17,N,D,C,A,H,B,A,N,33.874675,-118.177374
20030830,1608,6,LAKEWOOD,WARDLOW,N,A,0,0,0,2,D,-,0,N,C,C,A,H,A,D,N,33.818804,-118.139045
20030830,2337,6,19TH ST,ORANGE AV,N,A,4,0,1,1,A,-,3,N,E,I,A,H,C,D,N,33.791251,-118.176312
20030831,528,7,MARGO AV,7TH ST,Y,A,0,0,0,2,A,-,16,N,C,J,A,H,C,A,Y,33.775060,-118.111726
20030831,105,7,PACIFIC COAST HWY,MAY AV,N,A,0,0,0,2,A,-,3,N,C,C,A,H,C,D,Y,33.789853,-118.173027
20030831,2248,7,15TH ST,REDONDO BL,N,A,2,0,1,3,A,-,3,N,H,E,A,H,C,D,Y,33.785760,-118.152415
20030831,2100,7,SPRING ST,WEBSTER AV,Y,A,0,0,0,2,A,-,9,N,D,C,A,D,C,A,Y,,
20030831,1200,7,GUNDRY AV,WARDLOW RD,-,A,0,0,0,2,D,-,0,M,D,C,A,H,A,D,N,33.818916,-118.174144
20030831,430,7,QUEENS HWY,QUEENSWAY DR,N,A,0,0,0,1,A,-,3,M,E,I,A,H,C,D,N,33.753763,-118.195429
20030831,2054,7,PACIFIC COAST HWY,STUDEBAKER RD,N,A,4,0,2,4,A,-,3,N,C,-,A,H,C,A,N,33.753819,-118.107230
20030831,1145,7,RT 405,ALAMEDA ST,N,A,0,0,0,1,A,-,8,N,B,C,A,H,A,D,N,46.462508,-95.646979
20030831,1722,7,RAYMOND AV,ANAHEIM ST,N,A,0,0,0,2,A,-,- ,N,B,C,A,H,A,D,N,33.782604,-118.164398
20030831,910,7,PARAMOUNT BL,RT 91,Y,A,0,0,0,2,A,-,12,N,D,C,A,H,A,A,N,33.875856,-118.159275
20030831,2000,7,BELLFLOWER BL,ATHERTON,-,-,0,0,0,2,C,-,18,N,C,C,A,H,B,D,N,33.788526,-118.124399
20030831,1908,7,PACIFIC COAST HWY,OREGON AV,Y,A,4,0,1,2,A,-,9,N,D,C,A,G,A,A,N,33.789865,-118.201008
20030831,1630,7,ATLANTIC AV,SOUTH ST,Y,A,3,0,1,2,A,-,9,N,H,I,A,H,A,A,N,33.860074,-118.184923
20030831,1740,7,CARSON ST,VIA ALCALDE,Y,A,2,0,1,2,A,-,5,N,B,C,A,H,A,D,N,33.831753,-118.210346
20030831,1900,7,CHERRY AV,CARSON ST,N,A,4,0,2,2,A,-,3,N,C,C,A,H,B,A,N,33.832430,-118.167628
20030831,648,7,SPAULDING ST,DAWSON AV,Y,A,0,0,0,2,A,-,- ,M,-,E,A,H,A,A,N,33.785346,-118.165841
20030901,2119,1,ABBEYFIELD ST,ATHERTON,N,A,0,0,0,7,A,-,1,M,C,E,A,H,C,D,Y,33.789566,-118.132166
20030901,1801,1,GARDENIA AV,11TH ST,N,A,3,0,1,2,A,-,11,F,G,B,A,H,A,D,Y,33.780785,-118.168712
20030901,1525,1,PARAMOUNT BL,RT 91,N,A,0,0,0,2,A,-,7,M,B,C,A,H,A,D,Y,33.875856,-118.159275
20030901,610,1,RT 710,CARSON ST,N,A,0,0,0,1,A,-,1,N,A,A,A,H,A,D,Y,33.832262,-118.135654
20030901,2226,1,PACIFIC COAST HWY,OLIVE,N,A,4,0,1,2,A,-,8,N,D,C,A,H,C,D,Y,33.789854,-118.182857
20030901,1345,1,CHERRY AV,8TH ST,Y,A,0,0,0,2,A,-,9,N,D,C,A,H,A,D,N,33.777152,-118.167665
20030901,1600,1,52ND ST,PINE AV,Y,A,0,0,0,2,A,-,12,M,D,C,A,H,A,A,N,33.850470,-118.191712
20030901,1630,1,WINSLOW,4TH ST,N,A,0,0,0,2,-,-,- ,N,B,E,A,-,A,D,N,33.771687,-118.121996
20030901,2235,1,JUNIPERO,SPAULDING,N,-,0,0,0,3,A,-,7,M,C,E,-,-,-,D,N,33.785312,-118.163311
20030901,1430,1,MAGNOLIA AV,WILLOW ST,Y,A,3,0,2,2,A,-,9,N,A,C,A,H,A,A,N,33.804433,-118.198067
20030901,2049,1,COLORADO ST,LOMA AV,Y,A,0,0,0,2,A,-,12,N,D,C,A,H,C,A,N,33.769896,-118.150251
20030901,2121,1,XIMENO AV,ANAHEIM ST,Y,A,3,0,1,2,A,-,12,N,D,C,A,H,C,A,N,33.782595,-118.141530
20030901,839,1,WARDLOW RD,DELTA AV,-,A,3,0,1,1,E,-,24,N,E,I,A,H,A,D,N,33.823710,-118.211042
20030901,1554,1,CHERRY AV,10TH ST,N,A,0,0,0,2,A,-,9,N,D,C,A,H,A,D,N,33.778975,-118.167665
20030901,1600,1,ROSE AV,14TH ST,N,A,0,0,0,1,A,-,21,N,E,I,A,H,A,D,N,33.784417,-118.169825
20030901,810,1,LONG BEACH BL,7TH ST,Y,B,0,0,0,2,A,-,12,N,D,C,A,H,A,A,N,33.775335,-118.189476
20030902,935,2,PACIFIC COAST HWY,LONG BEACH BL,N,A,3,0,1,2,A,-,9,N,D,G,A,H,A,D,Y,33.789852,-118.189507
20030902,728,2,E WILLOW,E WILLOW 141,-,A,0,0,0,2,A,-,21,M,C,E,A,H,A,-,N,33.804329,-118.192557
20030902,2010,2,RT 605,CARSON ST,N,A,0,0,0,2,A,-,8,N,B,C,A,H,A,B,N,33.832262,-118.135654
20030902,1230,2,MOUNTAIN VIEW ST,PACIFIC AV,N,A,0,0,0,2,-,-,- ,M,E,E,A,H,A,D,N,33.851716,-118.198454
20030902,1810,2,RT 91,RT 710,N,A,4,0,1,2,A,-,3,N,C,C,A,H,A,D,N,32.932282,-80.411644
20030902,735,2,RT 405,BELLFLOWER BL,N,A,0,0,0,2,A,-,3,N,C,C,A,H,A,-,N,33.769086,-118.120973
20030902,1915,2,OBISPO AV,ANAHEIM,N,A,0,0,0,2,A,-,9,N,B,C,A,H,B,D,N,33.782605,-118.154580
20030902,1940,2,LOS COYOTES DIAGONAL,CONANT,N,A,0,0,0,2,A,-,8,M,B,E,A,H,C,D,N,33.824449,-118.104278
20030902,2300,2,LANGPORT AV,55TH WY,N,A,0,0,0,2,A,-,21,M,H,C,A,H,C,D,N,33.857029,-118.161482
20030902,2050,2,RT 91,ATLANTIC AV,N,A,0,0,0,1,A,-,8,N,E,I,A,H,B,D,N,33.874843,-118.193412
20030902,20,2,RT 405,CHERRY AV,N,A,0,0,0,1,A,-,8,M,E,I,A,H,C,D,N,33.823170,-118.167726
20030902,1438,2,EARL AV,HILL ST,N,A,3,0,1,2,A,-,11,N,G,B,A,H,A,D,N,33.797119,-118.191596
20030902,1213,2,TEMPLE AV,SPRING ST,N,A,0,0,0,2,A,-,9,N,D,C,A,H,A,A,N,33.811571,-118.158856
20030902,1541,2,PACIFIC AV,WILLOW ST,Y,A,4,0,1,2,A,-,9,N,D,C,A,H,A,A,N,33.804440,-118.193717
20030902,1612,2,7TH ST,ULTIMO,Y,A,0,0,0,2,A,-,4,N,C,C,A,H,A,D,N,33.775368,-118.124170
20030902,1807,2,SOUTH ST,BRAYTON AV,N,A,0,0,0,2,A,-,5,N,A,C,A,H,A,D,N,33.860119,-118.176293
20030902,1530,2,PINE AV,ANAHEIM ST,Y,A,0,0,0,2,A,-,9,N,B,C,A,H,A,D,N,33.782594,-118.192389
20030902,1927,2,ATLANTIC AV,64TH ST,N,A,3,0,1,2,A,-,11,N,G,B,A,H,C,D,N,33.871035,-118.168682
20030902,1020,2,SAN ANTONIO DR,CHERRY AV,N,A,0,0,0,2,C,-,18,N,C,C,A,H,A,A,N,33.846281,-118.167427
20030902,800,2,RT 405,WALNUT AV,N,A,0,0,0,7,A,-,3,M,C,C,A,H,A,D,N,33.811666,-118.171975
20030902,835,2,10 EAST OF WER CURB OF CLARK,SOUTH CURB OF CONANT ST,N,A,0,0,0,2,A,-,12,N,D,C,A,H,A,A,N,33.825103,-118.127445
20030902,1543,2,ARTESIA BL,SCHILLING,Y,-,0,0,0,3,A,-,3,N,C,C,A,H,A,D,N,33.874592,-118.167662
20030902,1453,2,CLARK AV,WARDLOW RD,N,A,4,0,1,2,D,-,0,F,B,B,A,H,A,D,N,33.818865,-118.133951
20030902,1325,2,ATLANTIC AV,ARMANDO,N,A,4,0,1,3,A,-,3,N,C,C,A,H,A,D,N,33.827625,-118.185072
20030903,730,3,20TH ST,MARTIN LUTHER KING,Y,A,0,0,0,2,A,-,12,N,D,C,A,H,A,D,Y,33.793479,-118.180569
20030903,1255,3,XIMENO AV,10TH ST,N,A,4,0,1,4,A,-,1,N,D,C,A,H,A,A,Y,33.778959,-118.141544
20030903,215,3,LAKEWOOD BL,WARDLOW ST,N,A,4,0,1,1,A,-,1,N,F,I,A,H,C,D,Y,33.818804,-118.139045
20030903,830,3,10TH ST,LONG BEACH BL,N,A,0,0,0,3,A,-,3,N,C,C,A,H,A,D,N,33.778969,-118.189273
20030903,1611,3,MOUNTAIN VIEW,LOCUST AV,N,A,0,0,0,2,A,-,8,M,B,E,A,H,A,D,N,33.851774,-118.189795
20030903,930,3,RT 91,CHERRY AV,-,A,4,0,2,2,A,-,7,N,B,C,A,H,A,D,N,33.876334,-118.167205
20030903,1530,3,RT 91,ATLANTIC AV,N,A,0,0,0,2,A,-,3,N,C,C,A,H,A,D,N,33.874843,-118.193412
20030903,1843,3,CLARK AV,ARBOR RD,N,A,0,0,0,2,A,-,3,N,C,C,A,H,A,D,N,33.843048,-118.133800
20030903,1740,3,BROADWAY,TEMPLE AV,Y,A,0,0,0,3,A,-,9,N,D,C,A,H,A,A,N,33.765505,-118.158946
20030903,1611,3,2ND ST,SHOP KEEPER RD,N,A,0,0,0,4,A,-,4,N,C,C,A,H,A,D,N,33.758914,-118.108371
20030903,850,3,HARBOR,ANAHEIM,Y,A,0,0,0,2,A,-,9,N,D,C,A,H,A,A,N,33.782770,-118.210487
20030903,907,3,ELLIS ST,CHESTNUT AV,Y,A,0,0,0,2,A,-,12,N,D,C,A,H,A,A,N,33.856752,-118.195412
20030903,1020,3,PACIFIC AV,14TH ST,Y,A,0,0,0,2,A,-,9,N,D,C,A,H,A,D,N,46.360751,-124.054010
20030903,1500,3,WILLOW ST,DAISY AV,N,A,3,0,1,2,A,-,7,N,D,E,A,H,A,D,N,33.804319,-118.199152
20030903,855,3,ANAHEIM RD,HACKETT AV,Y,A,4,0,1,2,-,-,- ,N,D,C,A,H,A,A,N,33.781514,-118.107408
20030903,1035,3,ATLANTIC AV,BROADWAY,Y,A,0,0,0,2,A,-,9,N,D,C,A,H,A,D,N,33.769275,-118.185044
20030903,620,3,RT 710,6TH ST,N,A,0,0,0,2,D,-,0,N,C,C,A,H,A,D,N,33.773517,-118.149691
20030903,1420,3,ATHERTON ST,MARBER AV,Y,A,0,0,0,2,A,-,9,N,D,C,A,H,A,D,N,33.788624,-118.123277
20030903,1750,3,SPINNAKER BAY DR,SMUGGLERS CV,N,A,0,0,0,2,D,-,0,N,B,C,A,H,A,D,N,33.762232,-118.120512
20030903,1627,3,PACIFIC COAST HWY,WALNUT AV,N,A,4,0,2,2,A,-,4,N,C,-,A,-,A,A,N,33.789858,-118.171987
20030903,1032,3,LONG BEACH BL,BROADWAY,N,A,4,0,1,2,A,-,9,N,G,G,A,H,A,D,N,33.769277,-118.189493
20030903,1530,3,BONITO,5TH ST,N,A,0,0,0,1,A,-,21,N,E,I,A,H,A,D,N,33.772983,-118.179672
20030904,800,4,10TH ST,ATLANTIC AV,Y,A,0,0,0,2,A,-,12,N,D,C,A,H,A,A,Y,33.778973,-118.185038
20030904,830,4,RT 405,STUDEBAKER RD,N,A,4,0,2,4,A,-,3,F,C,C,A,H,A,D,Y,33.791446,-118.099621
20030904,1849,4,ANAHEIM ST,CHESTNUT AV,N,A,0,0,0,2,A,-,9,N,D,C,A,H,A,D,Y,33.782606,-118.196366
20030904,2303,4,BROADWAY AV,REDONDO AV,Y,A,0,0,0,2,A,-,8,M,B,C,A,-,C,D,N,33.764438,-118.152414
20030904,1319,4,CONQUISTA,CONQUISTA  1810,-,A,0,0,0,2,A,-,21,M,B,C,A,H,A,D,N,38.413396,-4.480991
20030904,905,4,RT 405,LAKEWOOD BL,N,A,4,0,1,2,A,-,3,N,C,C,A,H,A,D,N,33.843075,-118.142426
20030904,1905,4,RT 710,ARTESIA BL,N,A,4,0,1,2,A,-,3,F,C,C,A,H,A,D,N,33.873075,-118.068043
20030904,1546,4,RT 405,WALNUT AV,N,A,0,0,0,2,A,-,3,N,C,C,A,H,A,D,N,33.811666,-118.171975
20030904,1835,4,RT 405,TEMPLE ST,N,A,0,0,0,4,A,-,3,N,C,C,A,H,A,D,N,34.145957,-118.417898
20030904,1545,4,RT 405,WALNUT AV,N,A,4,0,1,4,A,-,3,F,B,C,A,H,A,D,N,33.811666,-118.171975
20030904,1640,4,7TH ST,OBISPO AV,N,A,0,0,0,2,A,-,4,N,C,C,A,H,A,A,N,33.775340,-118.154575
20030904,227,4,MAGNOLIA AV,BROADWAY ST,Y,A,4,0,2,2,A,-,12,N,D,C,A,H,C,A,N,33.986332,-118.050298
20030904,1614,4,MCKENZIE ST,WALNUT AV,N,A,0,0,0,2,A,-,21,N,H,C,A,H,A,D,N,33.871909,-118.173009
20030904,1210,4,LONG BEACH BL,HILL ST,Y,A,0,0,0,2,A,-,12,N,A,C,A,H,A,A,N,33.797119,-118.189269
20030904,230,4,LEWIS AV,20TH ST,N,A,0,0,0,2,A,-,21,N,C,E,A,H,A,D,N,33.793486,-118.179592
20030904,1554,4,WOODRUFF AV,PALO VERDE,N,A,0,0,0,2,A,-,3,N,C,C,A,H,A,D,N,33.797642,-118.108025
20030904,1941,4,1ST ST,LONG BEACH BL,N,A,4,0,2,1,-,-,- ,N,E,I,A,H,C,A,N,33.768079,-118.189466
20030904,720,4,RT 710,RT 405,N,A,0,0,0,2,A,-,7,N,B,C,A,H,A,D,N,33.770050,-118.193739
20030904,815,4,RT 405,ATHERTON ST,N,A,2,0,1,2,A,-,8,N,B,C,A,H,A,D,N,33.788676,-118.117963
20030904,1030,4,RT 405,LAKEWOOD BL,N,A,4,0,1,3,A,-,3,N,C,C,A,H,A,D,N,33.843075,-118.142426
20030904,1300,4,CLARK AV,HARVEY WY,N,A,0,0,0,2,A,-,3,N,C,C,A,H,A,A,N,33.836122,-118.133837
20030904,5,4,RT 605,SPRING ST,N,A,3,0,2,5,A,-,3,F,C,C,A,D,C,D,N,33.810673,-118.134847
20030904,850,4,OCEAN,TI FRWY,N,A,0,0,0,2,A,-,7,N,B,C,A,H,A,A,N,33.770050,-118.193739
20030904,1030,4,PARAMOUNT,69TH ST,-,-,0,0,0,2,A,-,13,N,C,E,-,-,-,D,N,33.880169,-118.159962
20030905,320,5,RT 710,WILLOW ST,N,A,3,0,1,1,A,-,1,N,A,J,A,H,A,D,Y,33.770050,-118.193739
20030905,2253,5,LONG BEACH BL,CANTON ST,-,A,3,0,1,1,E,-,24,N,E,I,A,H,C,D,Y,33.810783,-118.189346
20030905,1810,5,RT 91,ORANGE AV,N,A,0,0,0,2,A,-,7,N,C,C,A,H,A,D,N,33.850492,-117.875066
20030905,1849,5,7TH ST,ST LOUIS,-,A,0,0,0,2,A,-,7,N,B,C,A,H,A,D,N,33.775343,-118.166619
20030905,1815,5,RT 91,DOWNEY AV,N,A,0,0,0,3,A,-,7,N,C,C,A,H,A,D,N,33.876770,-118.153649
20030905,1545,5,RT 405,BELLFLOWER BL,N,A,0,0,0,3,A,-,3,N,C,C,A,H,A,D,N,33.769086,-118.120973
20030905,1534,5,MAINE ST,6TH ST,N,A,0,0,0,2,A,-,9,N,D,C,A,H,A,A,N,33.774068,-118.200597
20030905,830,5,ANAHEIM ST,MAGNOLIA AV,-,-,0,0,0,3,A,-,9,N,B,C,-,-,-,D,N,33.782601,-118.198034
20030905,1249,5,BELLFLOWER BL,BRITTON DR,Y,A,0,0,0,2,A,-,12,N,D,C,A,H,A,A,N,33.793859,-118.125255
20030905,1223,5,WILLOW ST,BELMONT AV,N,A,3,0,1,1,D,-,0,N,E,I,A,H,A,D,N,33.803277,-118.144357
20030905,1658,5,7TH ST,OBISPO AV,Y,A,4,0,1,2,A,-,9,N,A,C,-,H,A,A,N,33.775340,-118.154575
20030905,1522,5,ALLEY,MAGNOLIA,N,A,4,0,1,2,A,-,21,N,G,B,A,H,A,D,N,33.916922,-118.209431
20030905,1035,5,RT 710,PACIFIC COAST HWY,N,A,0,0,0,2,A,-,3,N,C,C,A,H,A,D,N,33.789863,-118.166885
20030905,1735,5,WILLOW ST,LINDEN AV,Y,A,0,0,0,2,A,-,9,N,D,C,A,H,A,D,N,33.804369,-118.186115
20030905,1115,5,VIKING WY,CARSON,N,A,0,0,0,2,A,-,3,N,C,C,A,H,A,A,N,33.832238,-118.127062
20030906,1815,6,RT 405,RT 710,N,A,3,0,1,2,A,-,8,N,E,I,A,H,A,D,Y,46.462508,-95.646979
20030906,2345,6,LONG BEACH BL,COLUMBIA ST,N,A,0,0,0,2,A,-,1,N,D,C,A,H,C,D,Y,33.809081,-118.189357
20030906,554,6,PACIFIC COAST HWY,SOUTH BANK,-,A,3,0,1,2,A,-,0,F,B,G,A,H,A,D,N,33.847029,-118.387876
20030906,857,6,REDONDO AV,7TH ST,N,A,0,0,0,2,A,-,3,M,C,C,A,H,A,A,N,33.775338,-118.152417
20030906,525,6,RT 91,CHERRY AV,N,A,0,0,0,2,A,-,7,N,B,C,A,H,C,D,N,33.876334,-118.167205
20030906,1230,6,BELLFLOWER AV,GARFORD ST,Y,A,3,0,1,2,-,-,- ,N,B,G,A,H,A,-,N,33.791677,-118.125270
20030906,2330,6,52ND ST,LONG BEACH BL,N,A,0,0,0,3,A,-,- ,N,C,-,A,H,C,D,N,39.626123,-74.193665
20030906,1442,6,SANTA FE AV,PACIFIC COAST HWY,N,A,4,0,1,2,A,-,9,N,D,C,A,H,A,D,N,33.789800,-118.215409
20030906,1835,6,RT 405,WARDLOW RD,N,A,3,0,1,2,A,-,10,N,G,B,A,H,A,-,N,33.818749,-118.130842
20030906,1830,6,RT 710,SUSANA RD,N,A,0,0,0,2,A,-,2,N,C,C,A,H,B,B,N,33.862996,-118.204122
20030906,1035,6,RT 405,LAKEWOOD BL,N,A,0,0,0,2,A,-,3,N,C,C,A,H,A,A,N,33.843075,-118.142426
20030906,847,6,MARTIN LUTHER KING JR BL,19TH ST,Y,A,4,0,1,2,D,-,0,N,A,C,A,H,A,D,N,33.791671,-118.180696
20030906,1718,6,69TH ST,PARAMOUNT,N,A,0,0,0,2,A,-,8,N,B,C,A,H,A,D,N,33.880169,-118.159962
20030906,1315,6,RT 91,ATLANTIC BL,N,A,0,0,0,2,A,-,6,M,B,C,A,H,A,D,N,33.874843,-118.193412
20030906,1909,6,RT 405,CHERRY AV,N,A,0,0,0,3,A,-,3,M,C,C,A,H,A,D,N,33.823170,-118.167726
20030906,1355,6,RT 710,LONG BEACH BL,N,A,3,0,10,4,A,-,3,N,B,C,A,H,A,D,N,33.823693,-118.189369
20030906,741,6,ANAHEIM,JUNIPERO,Y,A,3,0,1,2,A,-,11,N,D,C,A,H,A,A,N,33.782610,-118.163308
20030906,1117,6,CARSON,RT 605,Y,A,4,0,2,3,A,-,12,N,B,D,A,H,A,A,N,33.831761,-118.184845
20030906,1910,6,RT 405,CHERRY AV,N,A,0,0,0,2,A,-,3,N,C,C,A,H,B,D,N,33.823170,-118.167726
20030907,1845,7,3RD ST,BONITO AV,N,A,0,0,0,4,A,-,1,M,C,E,A,H,C,D,Y,33.770605,-118.180108
20030907,210,7,RT 710,PACIFIC COAST HWY,N,A,3,0,1,1,A,-,1,N,E,I,A,H,C,D,Y,33.789863,-118.166885
20030907,1645,7,RT 605,SPRING ST,-,A,0,0,0,2,A,-,3,N,C,C,A,H,A,A,N,33.810673,-118.134847
20030907,200,7,ORANGE,WERNER ST,N,B,0,0,0,2,A,-,3,M,D,C,A,H,C,D,N,33.783509,-118.176327
20030907,1100,7,7TH ST,ALAMITOS AV,N,A,0,0,0,2,A,-,7,N,B,C,A,H,A,A,N,33.775362,-118.180171
20030907,1150,7,RT 405,LAKEWOOD BL,-,A,0,0,0,2,A,-,7,N,H,C,A,H,A,D,N,33.843075,-118.142426
20030907,2145,7,4TH ST,REDONDO AV,Y,A,0,0,0,2,D,-,0,M,B,C,A,H,C,A,N,33.771706,-118.152407
20030907,2250,7,RT 47,PACIFIC COAST HWY,N,A,0,0,0,1,A,-,8,N,E,I,A,H,C,D,N,33.789863,-118.166885
20030907,1020,7,SPRING ST,MAGNOLIA AV,Y,A,0,0,0,2,A,-,12,N,D,C,A,H,A,A,N,33.811631,-118.198084
20030907,1857,7,ROYCROFT AV,BROADWAY ST,Y,A,4,0,2,2,A,-,12,N,D,C,A,H,A,A,N,33.764445,-118.138315
20030907,1440,7,CHERRY AV,TEHACHAPI DR,Y,A,4,0,1,2,A,-,9,N,D,C,A,H,A,A,N,33.836567,-118.167462
20030907,345,7,TRAFFIC CIR,PACIFIC COAST HWY,-,A,0,0,0,1,A,-,3,N,E,I,A,H,C,D,N,33.788902,-118.140964
20030907,1152,7,PACIFIC COAST HWY,OREGON AV,Y,-,3,0,2,2,A,-,9,N,D,C,-,-,-,A,N,33.789865,-118.201008
20030907,750,7,11TH ST,MAGNOLIA AV,N,A,0,0,0,3,D,-,0,M,C,E,A,H,B,D,N,33.780181,-118.198040
20030907,1949,7,ATLANTIC AV,45TH,N,A,0,0,0,2,A,-,21,M,B,E,A,H,C,A,N,33.841729,-118.184896
20030908,258,1,DELTA AV,HEATH ST,N,A,0,0,0,3,A,-,3,N,B,E,A,H,C,D,Y,33.878324,-118.208060
20030908,1726,1,BUTLER AV,ARTESIA BL,N,A,0,0,0,3,A,-,3,F,C,C,A,H,A,A,N,33.874350,-118.196925
20030908,1845,1,6TH ST,STANLEY AV,N,A,3,0,1,2,A,-,11,M,D,B,A,H,A,D,N,,
20030908,1630,1,RT 91,DOWNEY AV,N,A,0,0,0,2,D,-,0,N,C,C,A,H,A,D,N,33.876770,-118.153649
20030908,1053,1,CEDAR AV,15TH ST,N,-,4,0,1,2,A,-,3,N,C,C,-,-,-,A,N,33.786226,-118.195055
20030908,1815,1,WARDLOW RD,CASPIAN AV,Y,-,4,0,1,2,A,-,9,N,D,G,-,-,-,D,N,33.824308,-118.212729
20030908,1702,1,WILLOW ST,ELM AV,Y,-,0,0,0,2,A,-,9,N,D,C,-,-,-,D,N,33.804457,-118.188219
20030908,1716,1,CARSON ST,ATLANTIC AV,N,A,4,0,2,2,A,-,9,N,D,C,A,H,A,D,N,33.831747,-118.185071
20030908,1039,1,ALAMITOS AV,6TH ST,Y,A,0,0,0,2,A,-,9,N,D,C,A,C,A,A,N,33.774050,-118.180614
20030908,1042,1,WARDLOW RD,WOODRUFF AV,Y,A,0,0,0,2,A,-,12,N,D,C,A,H,A,A,N,33.818859,-118.116517