COLLISION_DATE,COLLISION_TIME,DAY_OF_WEEK,PRIMARY_RD,SECONDARY_RD,INTERSECTION,WEATHER_1,COLLISION_SEVERITY,NUMBER_KILLED,NUMBER_INJURED,PARTY_COUNT,PRIMARY_COLL_FACTOR,PCF_CODE_OF_VIOL,PCF_VIOL_CATEGORY,HIT_AND_RUN,TYPE_OF_COLLISION,MVIW,ROAD_SURFACE,ROAD_COND_1,LIGHTING,CONTROL_DEVICE,ALCOHOL_INVOLVED,LATITUDE,LONGITUDE
20031022,1105,3,RT 91,ATLANTIC AV,N,A,4,0,1,2,A,-,8,N,B,C,A,H,A,D,N,33.874843,-118.193412
20031022,1535,3,LONG BEACH BL,SPRING ST,Y,A,3,0,3,2,A,-,8,N,D,C,A,H,A,D,N,33.811573,-118.189350
20031022,1550,3,6TH ST,ELM AV,N,A,0,0,0,2,D,-,0,N,B,A,A,H,A,D,N,33.774145,-118.187666
20031022,1800,3,EASY AV,31ST ST,N,A,0,0,0,3,A,-,8,N,B,C,A,H,B,A,N,33.813466,-118.210034
20031022,905,3,5TH ST,ELM AV,N,A,0,0,0,2,A,-,21,N,D,C,A,H,A,A,N,33.772907,-118.187680
20031022,836,3,WILLOW ST,SAN VICENTE,N,A,3,0,2,2,A,-,3,N,C,C,A,H,A,A,N,33.803327,-118.116869
20031022,2302,3,ATLANTIC,PLEASANT,N,A,0,0,0,2,A,-,4,N,C,C,A,H,C,D,N,33.847141,-118.184867
20031022,1911,3,CEDAR AV,SPRING ST,N,A,2,0,1,2,D,-,0,N,B,E,A,H,C,D,N,33.811639,-118.194812
20031022,1838,3,PACIFIC AV,15TH ST,N,A,0,0,0,2,A,-,3,N,C,C,A,H,B,A,N,46.342612,-124.054510
20031022,1821,3,CEDAR AV,19TH ST,N,A,4,0,1,2,A,-,11,N,G,B,A,H,A,D,N,33.791677,-118.195087
20031022,830,3,ORANGE AV,64TH ST,-,A,0,0,0,2,A,-,3,N,C,C,A,H,A,D,N,33.870975,-118.177350
20031022,1145,3,FACULTY AV,CONANT ST,-,A,0,0,0,2,A,-,8,N,B,C,A,H,A,D,N,33.825081,-118.138232
20031022,1107,3,WOODRUFF,DEBORAH,N,A,3,0,2,2,A,-,4,N,C,C,A,H,A,D,N,33.804446,-118.114510
20031022,1700,3,7TH ST,SANTIAGO,Y,A,0,0,0,2,A,-,9,N,D,C,A,H,A,A,N,33.775336,-118.128515
20031022,905,3,7TH ST,CERRITOS,N,A,0,0,0,2,A,-,8,N,B,C,-,D,A,A,N,33.775369,-118.177945
20031022,1623,3,ARTESIA BL,LONG BEACH BL,Y,A,0,0,0,2,A,-,9,N,D,C,A,H,A,A,N,33.874332,-118.202702
20031022,1704,3,PACIFIC COAST HWY,HARBOR AV,N,A,3,0,1,2,A,-,17,N,H,G,A,H,A,D,N,33.789825,-118.210498
20031022,2129,3,PACIFIC COAST HWY,STUDEBAKER RD,N,A,0,0,0,2,C,-,18,N,C,C,A,H,C,A,N,33.753819,-118.107230
20031022,810,3,ANAHEIM,CHESTNUT,Y,A,4,0,1,2,A,-,6,F,D,B,A,H,A,A,N,33.782606,-118.196366
20031022,2202,3,OCEAN BL,GATE 5,N,A,4,0,1,3,A,-,7,F,B,C,A,H,C,B,N,33.765720,-118.177820
20031022,1500,3,ARTESIA BL,OBISPO ST,Y,A,0,0,0,2,A,-,9,N,D,D,A,H,A,A,N,33.874658,-118.155641
20031022,1110,3,RT 91,ATLANTIC AV,N,A,0,0,0,2,A,-,3,N,C,C,A,H,A,D,N,33.874843,-118.193412
20031022,450,3,RT 91,ATLANTIC AV,N,A,3,0,1,4,A,-,3,N,C,C,A,H,C,D,N,33.874843,-118.193412
20031022,815,3,RT 405,BELLFLOWER BL,N,A,3,0,2,1,A,-,8,N,E,I,A,H,A,D,N,33.769086,-118.120973
20031022,1505,3,RT 710,RT 405,N,A,0,0,0,2,A,-,7,N,B,C,A,H,A,D,N,33.770050,-118.193739
20031022,1450,3,RT 405,BELLFLOWER BL,N,A,4,0,1,2,A,-,7,N,C,C,A,H,A,D,N,33.769086,-118.120973
20031022,1210,3,RT 710,WILLOW ST,N,A,0,0,0,3,A,-,3,M,C,C,A,H,A,D,N,33.770050,-118.193739
20031022,615,3,RT 405,TEMPLE ST,N,A,0,0,0,3,A,-,3,M,C,C,A,H,B,D,N,34.145957,-118.417898
20031022,1705,3,RT 710,WARDLOW RD,N,A,0,0,0,2,A,-,8,N,C,C,A,H,A,D,N,33.818749,-118.130842
20031022,801,3,RT 710,ARTESIA BL,N,A,0,0,0,2,A,-,7,M,C,C,A,H,A,D,N,33.873075,-118.068043
20031022,1221,3,RT 710,WILLOW ST,N,A,0,0,0,2,A,-,21,N,C,C,A,H,A,D,N,33.770050,-118.193739
20031022,1250,3,RT 710,DEL AMO BL,N,A,0,0,0,2,A,-,3,M,C,C,A,H,A,D,N,33.847073,-118.130810
20031022,1423,3,MARKET ST,ROSE AV,Y,A,4,0,1,2,A,-,7,N,C,C,A,H,A,D,N,33.854373,-118.170491
20031023,118,4,HILL ST,PASADENA AV,N,A,0,0,0,3,A,-,8,N,D,C,A,H,C,D,Y,33.797113,-118.187194
20031023,2156,4,WARDLOW RD,W FALCON AV,-,A,4,0,1,2,A,-,12,F,D,C,A,H,A,D,Y,33.818914,-118.173061
20031023,2134,4,CHERRY AV,SPRING ST,N,A,0,0,0,2,A,-,3,N,C,A,A,H,A,A,Y,33.811671,-118.167533
20031023,1540,4,CHERRY AV,CARSON,N,A,4,0,1,2,D,-,0,F,G,B,A,H,A,A,Y,33.832430,-118.167628
20031023,1616,4,SAN ANTONIO DR,FALCON AV,N,A,4,0,1,1,-,-,- ,N,E,I,A,H,A,D,N,33.843759,-118.172236
20031023,640,4,WARDLOW RD,ATLANTIC AV,N,A,4,0,1,3,A,-,3,N,C,C,A,H,A,-,N,33.818910,-118.185015
20031023,955,4,ATLANTIC AV,DEL AMO BL,N,A,0,0,0,2,A,-,3,N,C,C,A,H,A,A,N,33.845292,-118.184880
20031023,743,4,ORANGE AV,DEL AMO BL,N,A,4,0,1,2,A,-,11,N,H,B,A,H,A,D,N,33.846917,-118.176842
20031023,1658,4,ANAHEIM ST,CANAL AV,Y,A,0,0,0,2,A,-,9,N,D,C,A,H,A,A,N,33.782661,-118.213811
20031023,2240,4,PALO VERDE AV,CARSON ST,Y,A,4,0,1,2,A,-,9,N,D,C,A,H,C,A,N,33.832188,-118.107755
20031023,2300,4,PALO VERDE AV,LOS COYOTES DIAGONAL,N,A,3,0,1,2,A,-,3,N,C,C,A,H,C,A,N,33.820462,-118.107814
20031023,915,4,7TH ST,OLIVE AV,Y,A,0,0,0,2,A,-,8,N,B,C,A,-,A,A,N,33.775358,-118.182398
20031023,1215,4,ANAHEIM ST,W OREGON AV,N,A,0,0,0,2,A,-,3,N,C,C,A,H,A,A,N,33.782695,-118.200995
20031023,1425,4,BROADWAY,ATLANTIC,Y,A,0,0,0,2,A,-,7,N,B,C,A,H,A,A,N,33.769275,-118.185044
20031023,730,4,PACIFIC COAST HWY,HENDERSON ST,Y,A,0,0,0,2,A,-,9,N,D,-,A,H,A,D,N,33.789864,-118.197653
20031023,938,4,PACIFIC COAST HWY,TEMPLE,N,A,0,0,0,2,A,-,3,N,C,C,A,H,A,A,N,33.789847,-118.158931
20031023,1851,4,PACIFIC COAST HWY,MOLINO,Y,A,0,0,0,2,A,-,9,N,B,C,A,H,C,A,N,33.789854,-118.161196
20031023,2000,4,ORANGE AV,71ST WY,Y,A,0,0,0,2,A,-,9,N,D,C,A,H,C,A,N,33.884574,-118.177432
20031023,2300,4,SHORELINE VILLAGE DR,SHORELINE DR,-,A,0,0,0,1,A,-,7,N,E,-,A,H,C,B,N,33.761949,-118.189346
20031023,910,4,CARSON ST,STUDEBAKER RD,N,A,0,0,0,2,A,-,7,N,E,I,A,H,A,D,N,33.824753,-118.099159
20031023,720,4,CAMPO DR,2ND,N,A,0,0,0,2,A,-,8,M,B,E,A,H,A,D,N,33.757338,-118.125152
20031023,610,4,RT 91,ORANGE AV,N,A,3,0,1,1,A,-,3,N,A,J,A,H,D,D,N,33.850492,-117.875066
20031023,1230,4,RT 605,CARSON ST,N,A,0,0,0,3,A,-,3,N,C,C,A,H,A,D,N,33.832262,-118.135654
20031023,145,4,SANTA FE AV,HILL ST,N,A,0,0,0,2,A,-,3,N,E,-,A,D,C,A,N,33.797098,-118.215512
20031023,1745,4,RT 710,CARSON ST,N,A,4,0,2,2,A,-,3,N,C,C,-,H,B,D,N,33.832262,-118.135654
20031023,810,4,RT 710,WILLOW ST,N,A,4,0,1,3,A,-,3,N,C,C,A,H,A,D,N,33.770050,-118.193739
20031023,200,4,RT 710,RT 91,N,A,0,0,0,2,A,-,3,M,C,C,A,H,A,D,N,33.770050,-118.193739
20031023,1000,4,RT 405,ATLANTIC AV,N,A,4,0,1,2,A,-,3,F,C,C,A,H,A,A,N,39.576654,-74.226897
20031023,1723,4,PACIFIC COAST HWY,LEWIS AV,Y,A,0,0,0,4,-,-,- ,N,D,C,A,H,A,D,N,33.789867,-118.179607
20031023,2339,4,ROSE WY,ROSE WY ALY,N,-,0,0,0,2,-,-,- ,N,D,E,A,G,D,D,N,33.904171,-117.842161
20031024,1657,5,SOUTH ST,ORIZABA AV,N,A,0,0,0,1,A,-,3,M,E,I,A,H,B,D,Y,33.860196,-118.157697
20031024,1818,5,ARTESIA BL,GAVIOTA AV,Y,A,0,0,0,2,A,-,- ,N,D,C,A,H,C,D,Y,33.874706,-118.171950
20031024,1743,5,GALE AV,CUMMINGS ST,Y,A,2,0,1,2,D,-,0,N,D,G,A,H,A,D,N,33.876010,-118.205596
20031024,1521,5,7TH ST,ORANGE AV,Y,A,0,0,0,2,A,-,9,N,E,I,A,H,A,A,N,33.775366,-118.176353
20031024,1600,5,WOODRUFF AV,WILLOW ST,Y,A,0,0,0,2,A,-,9,N,D,C,A,H,A,A,N,33.803312,-118.114536
20031024,1625,5,2ND ST,NAPLES PLAZA DR,N,A,0,0,0,2,A,-,3,N,C,C,A,H,A,A,N,33.756368,-118.120614
20031024,731,5,WOODRUFF,WARDLOW,Y,E,0,0,0,2,A,-,9,N,B,C,A,H,A,A,N,33.818859,-118.116517
20031024,1528,5,6TH ST,OBISPO,N,A,0,0,0,2,A,-,9,N,A,C,A,H,A,D,N,33.773523,-118.154585
20031024,2329,5,11TH ST,OHIO AV,N,E,0,0,0,4,A,-,7,M,B,C,B,H,C,D,N,33.780783,-118.160045
20031024,750,5,PACIFIC COAST HWY,SAN FRANCISCO AV,Y,B,0,0,0,1,A,-,8,N,E,I,A,H,B,D,N,33.795316,-118.203512
20031024,852,5,RT 710,LIGHT POLE YD1296,N,A,0,0,0,2,-,-,- ,N,C,C,A,H,A,D,N,33.770050,-118.193739
20031024,1552,5,BELLFLOWER,CENTRALIA,Y,A,0,0,0,2,A,-,12,N,D,C,-,A,A,A,N,33.839552,-118.125084
20031024,1200,5,RT 91,ATLANTIC BL,N,A,3,0,2,2,A,-,8,N,D,C,A,H,A,C,N,33.874843,-118.193412
20031024,2010,5,RT 91,CHERRY AV,-,A,0,0,0,3,A,-,3,M,C,C,A,H,D,D,N,33.876334,-118.167205
20031024,1205,5,2ND ST,ARGONNE,N,A,0,0,0,2,A,-,3,N,C,C,A,H,A,A,N,33.761065,-118.136598
20031024,1550,5,RT 91,DOWNEY AV,N,A,0,0,0,2,A,-,3,N,C,C,A,H,A,D,N,33.876770,-118.153649
20031024,820,5,S SPRING ST,RT 605,N,B,0,0,0,2,A,-,21,N,H,C,A,H,A,A,N,33.811704,-118.184887
20031024,1255,5,RT 405,LAKEWOOD BL,N,A,0,0,0,2,A,-,3,N,C,C,A,H,A,D,N,33.843075,-118.142426
20031024,1025,5,RT 710,WILLOW ST,N,A,0,0,0,2,A,-,8,N,C,C,A,H,A,D,N,33.770050,-118.193739
20031024,2305,5,RT 405,CHERRY AV,N,E,0,0,0,2,A,-,3,N,C,C,A,H,C,D,N,33.823170,-118.167726
20031024,1820,5,RT 405,RT 710,N,A,4,0,4,3,A,-,3,N,C,C,A,H,D,D,N,46.462508,-95.646979
20031024,1705,5,RT 405,CHERRY AV,N,A,0,0,0,2,A,-,3,N,C,C,A,H,A,D,N,33.823170,-118.167726
20031024,730,5,RT 710,WARDLOW RD,N,B,0,0,0,2,A,-,3,N,C,C,A,H,A,D,N,33.818749,-118.130842
20031024,1605,5,ORANGE AV,17TH ST,Y,A,0,0,0,2,-,-,- ,N,D,G,A,-,A,A,N,33.788039,-118.176289
20031024,200,5,PACIFIC AV,25TH ST,N,A,0,0,0,1,A,-,21,M,C,I,A,G,C,D,N,46.370236,-124.053418
20031025,335,6,PEPPERWOOD AV,VILLAGE RD,N,F,0,0,0,2,A,-,1,N,C,E,B,H,C,D,Y,33.833835,-118.140942
20031025,302,6,MARGO AV,6TH ST,N,B,0,0,0,3,A,-,8,N,C,E,B,H,C,A,Y,33.772506,-118.111022
20031025,22,6,MARINA DR,1ST ST,N,E,4,0,1,1,A,-,3,N,A,I,B,H,C,D,Y,33.745863,-118.111688
20031025,23,6,MARINA DR,1ST ST,Y,-,4,0,1,2,A,-,21,N,H,C,-,-,-,D,Y,33.745863,-118.111688
20031025,2109,6,RT 22,MARGO AV,Y,A,0,0,0,1,A,-,7,N,E,I,A,H,C,D,N,33.775060,-118.111726
20031025,2316,6,CHERRY,DEL AMO BL,Y,A,0,0,0,2,A,-,12,N,D,C,A,H,E,A,N,33.846859,-118.167613
20031025,1024,6,ATLANTIC AV,45TH WY,N,A,0,0,0,2,A,-,4,N,C,C,A,H,A,D,N,33.841729,-118.184896
20031025,1119,6,LONG BEACH TOWNE CENTER BL D,CARSON BL,N,A,0,0,0,2,A,-,3,N,C,C,A,H,A,D,N,33.828842,-118.089666
20031025,900,6,7TH ST,CORONADO AV,Y,F,4,0,1,2,A,-,- ,N,G,G,A,H,A,D,N,33.775333,-118.153494
20031025,1916,6,2ND ST,PACIFIC COAST HWY,N,A,0,0,0,4,A,-,3,N,C,C,A,H,C,D,N,33.758149,-118.111272
20031025,2110,6,MARKET ST,CEDAR AV,N,A,0,0,0,3,A,-,8,M,B,E,A,H,C,D,N,33.854279,-118.193685
20031025,1,6,ORIZABA AV,COOLIDGE ST,N,E,0,0,0,2,D,-,0,M,B,E,A,H,C,D,N,33.873353,-118.157860
20031025,150,6,11TH ST,PROSPECT AV,Y,E,0,0,0,2,A,-,3,N,D,C,B,H,C,D,N,33.873353,-118.140856
20031025,246,6,RT 710,6TH ST,N,E,0,0,0,1,-,-,- ,N,E,I,A,H,C,D,N,33.773517,-118.149691
20031025,1619,6,CONANT ST,BELLFLOWER BL,N,A,0,0,0,2,A,-,7,M,C,E,A,H,A,D,N,33.825086,-118.125131
20031025,2040,6,CORONADO AV,7TH ST,N,A,0,0,0,2,-,-,- ,M,B,-,A,H,C,D,N,33.775333,-118.153494
20031025,500,6,RT 91,CHERRY AV,N,A,0,0,0,1,A,-,8,N,E,I,C,H,E,D,N,33.876334,-118.167205
20031025,940,6,RT 91,DOWNEY AV,N,A,4,0,1,1,A,-,8,N,E,I,A,H,A,D,N,33.876770,-118.153649
20031025,2010,6,RT 91,CHERRY AV,N,A,0,0,0,2,A,-,7,N,B,C,A,H,D,D,N,33.876334,-118.167205
20031025,2348,6,RT 91,LONG BEACH BL,N,A,0,0,0,2,A,-,3,N,C,C,A,H,C,D,N,33.873156,-118.200648
20031026,630,7,ATLANTIC,ARTESIA,N,A,0,0,0,1,A,-,3,M,E,I,A,H,A,D,Y,33.874312,-118.186089
20031026,1824,7,ANAHEIM ST,ELM AV,N,A,0,0,0,1,A,-,1,M,E,I,A,H,C,A,Y,33.782614,-118.187987
20031026,1530,7,PINE AV,20TH ST,N,A,0,0,0,2,A,-,8,N,B,C,A,H,A,D,N,33.793484,-118.192368
20031026,810,7,7TH ST,WALNUT AV,N,B,4,0,2,2,A,-,12,N,D,C,A,H,A,A,N,33.775358,-118.172008
20031026,1429,7,PACIFIC COAST HWY,ORANGE AV,N,A,0,0,0,2,A,-,4,N,C,C,A,H,A,A,N,33.789854,-118.176289
20031026,1904,7,PLEASANT ST,LOCUST AV,-,A,0,0,0,3,A,-,5,M,B,C,A,H,C,D,N,33.846071,-118.189766
20031026,422,7,CHERRY AV,SAN ANTONIO,-,A,0,0,0,2,-,-,- ,M,B,E,A,H,C,D,N,33.846281,-118.167427
20031026,1305,7,ANAHEIM ST,ORANGE AV,Y,B,4,0,1,2,A,-,12,N,D,C,A,H,A,A,N,33.782603,-118.176335
20031026,2345,7,RT 91,LONG BEACH BL,N,A,0,0,0,3,A,-,8,M,B,C,A,H,D,D,N,33.873156,-118.200648
20031026,2350,7,RT 91,LONG BEACH BL,N,A,0,0,0,2,A,-,3,N,C,C,A,H,D,D,N,33.873156,-118.200648
20031026,130,7,RT 405,RT 710,N,A,0,0,0,2,A,-,3,N,C,C,A,H,C,D,N,46.462508,-95.646979
20031026,1104,7,APPLETON,ALAMITOS,N,B,3,0,1,3,-,-,- ,N,A,I,-,G,A,D,N,33.769738,-118.181894
20031026,1150,7,BROADWAY,GAVIOTA,N,B,0,0,0,2,A,-,21,N,B,E,A,H,A,D,N,33.767757,-118.171484
20031027,1920,1,ARGONNE AV,DIVISION ST,N,A,0,0,0,2,A,-,1,M,B,E,A,H,C,D,Y,33.759156,-118.137839
20031027,1752,1,PACIFIC COAST HWY,N TERRAINE AV,N,A,3,0,1,1,A,-,1,N,F,I,A,H,C,D,Y,33.778798,-118.127412
20031027,1453,1,PACIFIC PL,WARDLOW RD,Y,A,4,0,3,4,A,-,12,N,D,C,A,H,A,A,N,33.819044,-118.195946
20031027,710,1,PARAMOUNT,CADE AV,Y,A,0,0,0,2,A,-,8,N,C,-,A,H,A,D,N,33.871712,-118.159964
20031027,1154,1,OCEAN BL,MAINE AV,N,A,0,0,0,2,A,-,7,N,B,C,A,H,A,A,N,33.767240,-118.200599
20031027,1444,1,LAKEWOOD,SPRING,Y,F,4,0,1,2,A,-,4,N,C,C,A,H,A,A,N,33.812739,-118.139096
20031027,1456,1,LOCUST AV,PACIFIC COAST HWY,N,A,0,0,0,2,A,-,8,M,B,C,A,H,A,D,N,33.789849,-118.191081
20031027,2315,1,7TH ST,MARGO,N,A,0,0,0,1,A,-,3,M,E,I,A,H,C,D,N,33.775060,-118.111726
20031027,1036,1,PACIFIC COAST HWY,WALNUT AV,-,-,0,0,0,2,A,-,9,M,D,C,A,H,-,A,N,33.789858,-118.171987
20031027,22,1,BENNETT ST,11TH ST,N,A,0,0,0,3,A,-,8,F,D,C,A,H,C,D,N,33.780769,-118.142632
20031027,1315,1,7TH ST,OLIVE AV,N,A,0,0,0,2,A,-,3,M,B,C,A,H,A,D,N,33.775358,-118.182398
20031027,1650,1,4TH ST,OBISPO AV,Y,A,0,0,0,2,A,-,9,N,D,C,-,H,A,D,N,33.771717,-118.154602
20031027,850,1,LONG BEACH BL,HOME ST,Y,A,4,0,1,2,A,-,3,N,C,C,A,H,A,D,N,33.847859,-118.194312
20031027,1445,1,CHERRY AV,HARDING ST,Y,A,0,0,0,2,A,-,9,N,A,C,A,H,A,A,N,33.867402,-118.168659
20031027,849,1,FACULTY AV,CENTRALIA ST,Y,A,0,0,0,2,-,-,- ,N,D,C,A,H,A,A,N,33.839596,-118.137151
20031027,749,1,3RD ST,LIME AV,Y,A,0,0,0,2,A,-,8,N,B,C,A,H,A,A,N,33.770508,-118.183698
20031027,1000,1,ANAHEIM ST,SAINT LOUIS AV,Y,A,4,0,1,2,A,-,7,N,B,C,A,H,A,D,N,33.770508,-118.166577
20031027,810,1,RT 405,LAKEWOOD BL,N,A,0,0,0,2,A,-,3,N,C,C,A,H,A,A,N,33.843075,-118.142426
20031027,1710,1,RT 91,RT 710,N,A,0,0,0,2,A,-,3,N,C,C,A,H,D,D,N,32.932282,-80.411644
20031027,1440,1,RT 91,SANTA FE AV,N,A,0,0,0,2,A,-,8,N,C,C,A,H,A,D,N,33.873796,-118.211385
20031027,2015,1,RT 710,PACIFIC COAST HWY,N,B,0,0,0,1,A,-,3,N,E,I,A,H,E,A,N,33.789863,-118.166885
20031028,2307,2,DAISY AV,19TH ST,N,A,2,0,1,2,A,-,1,F,C,C,A,H,C,D,Y,33.791681,-118.199494
20031028,32,2,CEDAR,20TH,N,A,0,0,0,2,A,-,1,M,C,E,A,H,C,D,Y,33.793477,-118.195084
20031028,2124,2,WOODRUFF AV,RT 405,-,A,3,0,1,1,A,-,1,N,E,I,A,H,C,D,Y,34.108890,-118.045870
20031028,1911,2,CHERRY AV,PACIFIC COAST HWY,N,A,0,0,0,2,A,-,1,N,B,C,A,H,C,A,Y,33.789861,-118.167643
20031028,735,2,ANAHEIM ST,ATLANTIC AV,Y,A,3,0,1,2,A,-,11,N,G,B,A,H,A,A,N,33.782609,-118.185034
20031028,845,2,ORIZABA AV,15TH ST,Y,A,0,0,0,2,D,-,0,M,H,C,A,H,A,A,N,33.786224,-118.156750
20031028,1509,2,EUCLID AV,7TH ST,N,A,0,0,0,2,A,-,9,M,D,C,A,H,A,D,N,33.775336,-118.149164
20031028,1958,2,TERMINO AV,TERMINO AV 794,-,A,0,0,0,2,D,-,0,N,B,E,A,H,C,D,N,33.759698,-118.145954
20031028,1750,2,10TH ST,CERRITOS AV,Y,A,0,0,0,2,A,-,12,N,C,C,A,H,B,A,N,33.778960,-118.178023
20031028,1600,2,ARTESIA BL,PARAMOUNT BL,N,A,0,0,0,3,A,-,3,N,C,C,A,H,A,A,N,33.874619,-118.159983
20031028,1745,2,RT 405,CHERRY AV,N,A,4,0,1,2,A,-,3,N,C,C,A,H,A,D,N,33.823170,-118.167726
20031028,725,2,RT 405,SANTA FE AV,N,A,0,0,0,2,A,-,3,M,B,C,A,H,A,D,N,33.807295,-118.215507
20031028,1453,2,RT 405,TEMPLE AV,N,B,3,0,1,2,C,-,18,N,B,C,A,H,A,D,N,34.145957,-118.417898
20031028,1740,2,DEL AMO BL,OREGON AV,N,B,4,0,3,3,A,-,3,N,C,C,A,H,B,D,N,33.846699,-118.200249
20031028,1657,2,ORANGE AV,CARTAGENA DR,N,A,0,0,0,2,A,-,3,N,C,C,A,H,B,D,N,33.834094,-118.176301
20031028,1530,2,NEWPORT,NEWPORT 1115,-,A,0,0,0,2,D,-,0,N,B,E,A,H,A,D,N,39.390839,-81.320989
20031029,1510,3,10TH ST,LOMA AV,Y,A,0,0,0,2,A,-,9,N,D,C,A,H,A,A,Y,33.778962,-118.150233
20031029,1750,3,CLARK AV,ANAHEIM ST,Y,A,0,0,0,2,A,-,8,M,B,C,A,H,A,A,Y,33.782583,-118.134160
20031029,830,3,W PACIFIC COAST HWY,CEDAR AV,N,A,4,0,1,2,A,-,3,N,D,G,A,H,A,D,N,33.789861,-118.195099
20031029,1830,3,RT 91,110TH ST,N,A,0,0,0,5,A,-,3,M,C,C,A,H,D,D,N,46.382072,-124.055721
20031029,830,3,PACIFIC AV,20TH ST,N,A,0,0,0,2,A,-,21,N,C,C,A,H,A,D,N,33.793484,-118.193780
20031029,808,3,2ND ST,BAYSHORE AV,Y,B,0,0,0,2,A,-,5,N,D,G,A,H,A,A,N,33.758221,-118.130221
20031029,2250,3,PALO VERDE AV,ATHERTON ST,Y,A,0,0,0,2,A,-,9,N,-,C,A,H,C,A,N,33.788755,-118.107954
20031029,745,3,PACIFIC COAST HWY,E PACIFIC AV,N,A,0,0,0,2,A,-,3,N,C,C,A,H,A,D,N,33.789847,-118.193724
20031029,357,3,BELLFLOWER AV,HARCO ST,Y,A,4,0,1,1,A,-,3,N,A,I,A,H,D,D,N,33.827678,-118.125250
20031029,915,3,RT 710,ATLANTIC AV,N,A,0,0,0,2,A,-,- ,N,B,C,A,H,A,D,N,39.576654,-74.226897
20031029,1630,3,RT 710,LONG BEACH BL,N,B,0,0,0,2,A,-,3,N,D,C,A,H,A,D,N,33.823693,-118.189369
20031029,810,3,RT 405,WILLOW ST,N,A,0,0,0,2,A,-,3,N,C,C,A,H,A,D,N,33.770050,-118.193739
20031029,1130,3,RT 710,CARSON ST,N,B,0,0,0,2,A,-,7,N,B,C,A,H,A,D,N,33.832262,-118.135654
20031029,740,3,RT 405,CLARK AV,N,B,0,0,0,2,A,-,3,N,C,C,A,H,A,D,N,33.817379,-118.133749
20031029,825,3,RT 710,WILLOW ST,N,B,0,0,0,2,A,-,3,N,C,C,A,H,A,D,N,33.770050,-118.193739
20031029,905,3,RT 91,ATLANTIC AV,N,A,3,0,2,2,A,-,3,N,C,C,A,H,A,D,N,33.874843,-118.193412
20031029,800,3,RT 405,LONG BEACH BL,N,B,0,0,0,2,A,-,7,N,B,C,A,H,A,D,N,33.823693,-118.189369
20031029,2239,3,PACIFIC COAST HWY,CLARK,N,B,0,0,0,2,A,-,3,N,B,C,A,H,C,D,N,33.783826,-118.134163
20031029,1448,3,ORANGE AV,19TH ST,Y,A,3,0,1,2,A,-,10,N,G,B,A,H,A,D,N,33.791251,-118.176312
20031029,1450,3,WARDLOW RD,NORWALK AV,N,A,4,0,2,2,A,-,4,N,C,C,A,H,A,D,N,33.817565,-118.071822
20031030,752,4,ATHERTON,E HACKETT,-,C,0,0,0,2,A,-,3,N,C,C,B,H,A,A,N,33.788641,-118.106888
20031030,1345,4,4TH ST,ROSWELL AV,Y,A,0,0,0,2,A,-,8,N,D,C,A,H,A,D,N,33.771711,-118.143733
20031030,1751,4,XIMENO AV,10TH ST,N,A,0,0,0,3,A,-,4,N,C,C,A,H,C,A,N,33.778959,-118.141544
20031030,1207,4,WOODRUFF AV,DEBORAH ST,N,A,3,0,2,2,A,-,8,N,D,C,A,H,A,D,N,33.804446,-118.114510
20031030,1715,4,MARKET ST,CHERRY AV,N,B,4,0,2,3,A,-,8,N,D,C,A,H,A,A,N,33.854386,-118.167805
20031030,1740,4,PACIFIC COAST HWY,2ND ST,N,A,4,0,1,2,A,-,4,N,C,C,A,H,C,-,N,33.758149,-118.111272
20031030,835,4,RT 710,LONG BEACH BL,N,A,0,0,0,2,A,-,3,N,C,C,A,H,A,D,N,33.823693,-118.189369
20031030,1951,4,OCEAN BL,LINDERO AV,N,A,0,0,0,2,A,-,8,N,B,E,A,H,C,D,N,33.763192,-118.163210
20031030,814,4,3RD ST,RT 710,N,B,0,0,0,1,A,-,3,N,H,I,B,H,A,D,N,,
20031030,1445,4,RT 710,ARTESIA BL,N,A,4,0,2,2,A,-,7,N,C,C,A,H,A,D,N,33.873075,-118.068043
20031030,1415,4,RT 710,DEL AMO BL,N,A,0,0,0,3,A,-,3,N,C,C,A,H,A,D,N,33.847073,-118.130810
20031030,640,4,RT 405,LAKEWOOD BL,N,B,0,0,0,2,A,-,3,N,C,C,A,H,A,D,N,33.843075,-118.142426
20031030,545,4,RT 91,RT 710,N,B,3,0,1,3,A,-,3,N,C,C,A,H,A,D,N,32.932282,-80.411644
20031030,1830,4,RT 710,LONG BEACH BL,N,A,4,0,2,3,A,-,7,F,B,C,A,H,D,D,N,33.823693,-118.189369
20031030,835,4,ARTESIA BL,ORANGE ST,N,B,0,0,0,2,A,-,3,N,B,C,A,H,A,A,N,33.823693,-118.177374
20031030,625,4,RT 405,BELLFLOWER BL,N,B,0,0,0,1,A,-,8,N,E,I,A,H,A,D,N,33.769086,-118.120973
20031030,1205,4,PACIFIC COAST HWY,CANAL AV,Y,A,0,0,0,2,A,-,8,N,D,C,A,H,A,A,N,33.789816,-118.213821
20031030,352,4,PACIFIC COAST HWY,CHESTNUT,N,B,4,0,1,2,A,-,3,N,C,C,A,H,C,D,N,33.789861,-118.196387