COLLISION_DATE,COLLISION_TIME,DAY_OF_WEEK,PRIMARY_RD,SECONDARY_RD,INTERSECTION,WEATHER_1,COLLISION_SEVERITY,NUMBER_KILLED,NUMBER_INJURED,PARTY_COUNT,PRIMARY_COLL_FACTOR,PCF_CODE_OF_VIOL,PCF_VIOL_CATEGORY,HIT_AND_RUN,TYPE_OF_COLLISION,MVIW,ROAD_SURFACE,ROAD_COND_1,LIGHTING,CONTROL_DEVICE,ALCOHOL_INVOLVED,LATITUDE,LONGITUDE
20031123,637,7,RT 91,PARAMOUNT BL,N,A,3,0,2,1,A,-,8,N,E,I,A,H,A,D,N,33.875856,-118.159275
20031123,1405,7,RT 91,LONG BEACH BL,N,A,0,0,0,1,A,-,8,N,E,I,A,H,A,D,N,33.873156,-118.200648
20031123,1746,7,RT 405,PALOS VERDES AV,N,A,0,0,0,2,A,-,3,N,C,C,A,H,C,D,N,33.770050,-118.193739
20031123,1745,7,RT 405,PALO VERDE AV,N,A,0,0,0,2,A,-,7,N,B,C,A,H,C,D,N,33.805010,-118.107912
20031123,1450,7,DAIRY AV,ELLIS ST,Y,A,0,0,0,2,A,-,9,N,D,C,A,H,A,A,N,33.856756,-118.193396
20031123,1457,7,MOLINO AV,14TH ST,N,A,0,0,0,2,A,-,8,N,B,E,A,H,A,D,N,33.784413,-118.161118
20031123,730,7,ANAHEIM ST,TEMPLE AV,Y,A,0,0,0,2,D,-,0,N,D,C,A,H,A,A,N,33.782597,-118.158947
20031123,1348,7,ORANGE AV,10TH ST,N,A,3,0,1,2,A,-,21,N,D,E,A,H,A,D,N,33.778974,-118.176331
20031123,1636,7,REDONDO AV,ANAHEIM ST,Y,A,3,0,2,2,A,-,9,N,A,C,A,H,B,A,N,33.782602,-118.152411
20031123,1013,7,BELLFLOWER BL,CARSON ST,Y,A,4,0,1,2,A,-,12,N,D,C,A,H,A,A,N,33.832358,-118.125209
20031123,1600,7,EAST 7TH ST,CHANNEL DR,N,A,0,0,0,3,A,-,3,N,C,C,A,H,A,A,N,33.775220,-118.119009
20031124,1330,1,4TH ST,LINDEN AV,Y,B,4,0,2,2,A,-,1,N,C,C,A,H,A,A,Y,33.771705,-118.186368
20031124,1733,1,SANTA FE,28TH ST,N,A,0,0,0,1,A,-,8,M,E,I,A,H,C,D,N,33.808011,-118.215508
20031124,1327,1,WESTMINSTER,STUDEBAKER,Y,B,0,0,0,2,A,-,17,M,H,C,A,H,A,D,N,33.759567,-118.103926
20031124,1520,1,RT 91,CHERRY AV,N,A,0,0,0,2,A,-,7,N,B,C,A,H,A,D,N,,
20031124,820,1,RT 91,LONG BEACH BL,N,B,0,0,0,2,A,-,7,N,B,C,A,H,A,D,N,33.873156,-118.200648
20031124,1340,1,RT 710,UNION PACIFIC RR OC,N,B,0,0,0,3,A,-,3,N,C,C,A,H,A,D,N,33.770050,-118.193739
20031124,2345,1,RT 405,SANTA FE AV,N,A,0,0,0,3,A,-,3,N,C,C,A,H,C,D,N,33.807295,-118.215507
20031124,1517,1,RT 405,BIXBY ST,N,B,2,0,1,2,A,-,7,F,D,J,A,H,A,D,N,33.826704,-118.180117
20031124,2350,1,RT 405,SANTA FE AV,N,A,0,0,0,2,A,-,3,N,C,C,A,H,C,D,N,33.807295,-118.215507
20031124,818,1,DELTA,WILLOW,Y,A,0,0,0,2,A,-,6,N,B,C,A,H,A,A,N,33.804424,-118.211099
20031124,902,1,4TH,ELM,Y,A,3,0,1,2,A,-,10,N,G,B,A,H,A,A,N,33.771711,-118.187687
20031124,1527,1,OCEAN BL,LINDEN AV,N,A,4,0,1,2,D,-,0,N,G,B,A,H,A,A,N,33.766599,-118.186376
20031125,735,2,GUNDRY AV,HARDING ST,N,A,0,0,0,2,A,-,3,M,C,C,A,H,A,A,Y,33.867353,-118.175270
20031125,1020,2,RT 710,9TH ST,-,A,0,0,0,1,A,-,3,M,E,I,A,H,A,A,N,,
20031125,1847,2,51ST ST,PACIFIC AV,Y,A,0,0,0,1,D,-,0,M,E,I,A,H,C,D,N,33.848762,-118.198060
20031125,1734,2,LONG BEACH BL,N RT 405,-,A,0,0,0,3,A,-,8,M,C,C,A,H,C,D,N,39.657386,-74.169588
20031125,1340,2,7TH ST,E TEMPLE,N,A,0,0,0,2,A,-,7,M,B,C,A,H,A,D,N,33.775335,-118.158953
20031125,1745,2,7TH,NEBRASKA,-,A,0,0,0,2,A,-,7,M,B,E,A,H,B,A,N,33.775354,-118.173640
20031125,1102,2,PACIFIC COAST HWY,ATLANTIC AV,Y,A,0,0,0,2,A,-,3,M,C,C,A,H,A,A,N,33.789867,-118.185018
20031125,7,2,ANAHEIM ST,MARTIN LUTHER KING JR,N,A,0,0,0,2,A,-,3,M,C,C,A,H,C,A,N,33.782609,-118.180700
20031125,1445,2,20TH ST,CHESTNUT,N,A,0,0,0,2,D,-,0,M,B,E,A,H,A,D,N,33.793485,-118.195894
20031125,740,2,RT 91,ATLANTIC BL,N,A,0,0,0,2,A,-,7,N,C,C,A,H,A,D,N,33.874843,-118.193412
20031125,740,2,RT 91,CHERRY AV,N,A,0,0,0,2,A,-,3,N,C,C,A,H,A,D,N,33.876334,-118.167205
20031125,1130,2,PALO VERDE,BARBANELL,Y,A,3,0,1,2,A,-,8,N,-,I,A,H,A,D,N,33.805252,-118.107910
20031125,1615,2,RT 405,RT 710,N,A,0,0,0,2,A,-,21,N,C,C,A,H,A,D,N,46.462508,-95.646979
20031125,1745,2,RT 405,CHERRY AV,N,A,0,0,0,2,A,-,4,M,C,C,A,H,D,D,N,33.823170,-118.167726
20031125,1130,2,RT 405,RT 710,N,A,0,0,0,3,A,-,7,N,B,C,A,H,A,D,N,46.462508,-95.646979
20031125,1519,2,ATLANTIC AV,36TH ST,Y,A,0,0,0,2,-,-,- ,N,D,C,A,H,A,A,N,33.822148,-118.185018
20031125,1825,2,RT 405,RT 710,N,A,0,0,0,2,A,-,8,N,B,C,A,H,C,D,N,46.462508,-95.646979
20031125,1740,2,SPRING ST,SPRING ST 6345,-,A,0,0,0,1,-,-,- ,N,E,J,A,H,C,D,N,33.811652,-118.191951
20031125,825,2,WILLOW AV,FASHION,Y,A,4,0,1,2,A,-,8,N,B,C,A,H,A,D,N,33.804427,-118.208920
20031125,854,2,ANAHEIM ST,HAYES ST,Y,A,4,0,3,2,A,-,9,N,D,C,A,H,A,D,N,33.782712,-118.218727
20031125,1724,2,ORANGE AV,ROOSEVELT RD,N,A,3,0,1,3,A,-,3,N,C,C,A,H,B,D,N,33.829919,-118.176303
20031125,1552,2,ATLANTIC AV,46TH ST,N,A,0,0,0,2,A,-,3,N,C,C,A,H,A,A,N,33.842656,-118.185027
20031125,905,2,ATLANTIC AV,7TH ST,N,A,0,0,0,2,D,-,0,M,B,E,A,H,C,D,N,33.775355,-118.185042
20031126,2330,3,PACIFIC COAST HWY,DAISY,Y,A,0,0,0,2,A,-,12,M,D,C,A,H,C,D,N,33.789868,-118.199501
20031126,1920,3,ATLANTIC,HILL ST,Y,A,0,0,0,2,A,-,9,M,D,C,A,H,C,A,N,33.797124,-118.185032
20031126,1346,3,CHERRY AV,ROGERS ST,N,A,0,0,0,2,A,-,21,M,C,C,A,H,A,D,N,33.856975,-118.168615
20031126,2220,3,ARTESIA BL,CALIFORNIA AV,Y,A,0,0,0,2,A,-,9,M,A,C,A,H,C,A,N,33.874652,-118.181113
20031126,2106,3,PARAMOUNT,SOUTH,N,A,3,0,1,2,A,-,10,F,G,B,A,H,C,A,N,33.860173,-118.159958
20031126,1940,3,CANAL,CANAL 2075,-,A,0,0,0,3,A,-,7,M,B,E,A,H,C,A,N,33.764466,-118.258939
20031126,1215,3,DAISY,11TH ST,Y,A,0,0,0,2,A,-,8,M,D,C,A,H,A,D,N,33.780182,-118.199379
20031126,1330,3,BELLFLOWER BL,DEL AMO BL,N,A,0,0,0,2,A,-,3,N,C,C,A,H,A,A,N,33.847052,-118.125160
20031126,1327,3,ATLANTIC AV,SOUTH ST,N,A,0,0,0,1,D,-,0,N,E,I,A,H,A,D,N,33.860074,-118.184923
20031126,1515,3,RT 710,LONG BEACH BL,N,A,0,0,0,2,A,-,7,N,C,C,-,H,A,D,N,33.823693,-118.189369
20031126,1805,3,RT 710,LONG BEACH BL,N,A,0,0,0,2,A,-,8,N,B,C,A,H,C,D,N,33.823693,-118.189369
20031126,750,3,FREEMAN AV,11TH ST,Y,A,0,0,0,2,A,-,9,N,D,C,A,H,A,A,N,33.823693,-118.155661
20031126,1630,3,RT 91,ATLANTIC AV,N,A,0,0,0,2,A,-,7,N,C,C,A,H,B,D,N,33.874843,-118.193412
20031126,1830,3,RT 710,WILLOW ST,N,A,0,0,0,2,A,-,3,N,C,C,A,H,C,A,N,33.770050,-118.193739
20031126,1910,3,LAKEWOOD BL,ARBOR RD,N,A,0,0,0,3,A,-,3,F,C,C,A,H,C,A,N,33.843075,-118.142426
20031126,2150,3,WILLOW AV,FASHION AV,Y,-,0,0,0,2,A,-,8,N,H,C,-,-,D,-,N,33.804427,-118.208920
20031126,1435,3,PARAMOUNT BL,SOUTH ST,N,A,0,0,0,2,A,-,3,N,C,C,-,-,-,A,N,33.860173,-118.159958
20031126,830,3,7TH ST,CEDAR AV,N,A,0,0,0,2,A,-,- ,N,C,C,A,H,A,D,N,33.775335,-118.195071
20031126,745,3,PACIFIC AV,27TH ST,Y,A,4,0,3,2,A,-,9,N,A,C,A,H,A,A,N,33.806198,-118.193705
20031126,905,3,6TH ST,ROSEWELL AV,Y,A,0,0,0,2,A,-,9,N,D,C,A,H,A,A,N,33.773529,-118.143731
20031126,1605,3,ARTESIA BL,SARNIA AV,Y,-,3,0,1,2,A,-,6,N,D,C,-,-,-,D,N,33.874601,-118.165634
20031126,1449,3,PINE AV,15TH ST,N,A,4,0,1,3,A,-,7,N,B,C,A,H,A,A,N,33.785316,-118.192395
20031127,215,4,RT 710,WARDLOW RD,N,A,0,0,0,1,A,-,1,N,E,J,A,H,D,D,Y,33.818749,-118.130842
20031127,1845,4,SPRING ST,PALO VERDE AV,N,A,4,0,2,2,A,-,1,N,C,C,A,H,C,A,Y,33.810426,-118.107869
20031127,1300,4,2ND ST,MARINA DR,N,A,3,0,1,2,A,-,17,F,C,G,A,H,A,D,N,33.757647,-118.113255
20031127,1722,4,SPRING ST,W CEDAR AV,N,A,0,0,0,2,A,-,12,N,D,C,A,H,C,D,N,33.811639,-118.194812
20031127,1720,4,TEMPLE AV,SPRING ST,N,A,4,0,1,2,A,-,9,F,D,C,A,H,C,D,N,33.811571,-118.158856
20031127,1100,4,SANTA FE AV,19TH ST,N,A,0,0,0,2,A,-,4,N,C,C,A,H,A,A,N,33.791665,-118.215395
20031127,803,4,ANAHEIM ST,DAISY AV,Y,A,0,0,0,2,A,-,12,N,D,C,A,H,A,A,N,33.782608,-118.199380
20031127,1220,4,PINE AV,PACIFIC COAST HWY,N,A,0,0,0,2,A,-,6,N,B,C,A,H,A,D,N,33.789850,-118.192390
20031127,2035,4,SANTA FE AV,15TH ST,N,A,0,0,0,2,A,-,9,N,D,C,A,H,C,D,N,33.785552,-118.215475
20031128,2142,5,LONG BEACH BL,DEL AMO,Y,A,4,0,1,2,A,-,1,M,-,-,A,H,C,A,Y,33.846735,-118.193744
20031128,426,5,XIMENO AV,ANAHEIM,N,A,0,0,0,2,A,-,1,N,C,E,A,H,C,D,Y,33.782595,-118.141530
20031128,146,5,HARDWICK ST,FALCON AV,N,A,3,0,1,3,A,-,8,N,B,E,A,B,C,D,Y,33.849861,-118.173046
20031128,2500,5,BROADWAY,CHERRY AV,N,A,0,0,0,2,-,-,- ,M,B,C,A,H,A,A,N,33.767286,-118.167896
20031128,1505,5,PACIFIC COAST HWY,ANAHEIM ST,Y,A,0,0,0,2,A,-,9,M,D,C,A,H,A,A,N,33.782723,-118.132815
20031128,1715,5,14TH ST,SAINT LOUIS AV,-,B,0,0,0,2,A,-,5,M,B,C,A,H,C,D,N,33.784423,-118.166576
20031128,2240,5,BROADWAY AV,REDONDO AV,Y,A,0,0,0,2,A,-,4,M,C,C,A,H,C,A,N,33.764438,-118.152414
20031128,2120,5,CARSON,FACULTY,N,A,0,0,0,2,A,-,0,M,E,I,A,H,C,D,N,33.832402,-118.137369
20031128,2141,5,XIMENO AV,10TH ST,-,B,0,0,0,2,D,-,0,M,-,-,A,H,C,D,N,33.778959,-118.141544
20031128,1930,5,ATHERTON,XIMENO,Y,A,0,0,0,2,D,-,0,M,H,E,A,H,C,D,N,33.789847,-118.138903
20031128,605,5,RT 91,PARAMOUNT BL,N,A,0,0,0,2,A,-,3,M,C,C,A,H,D,D,N,33.875856,-118.159275
20031128,1405,5,RT 605,CARSON ST,N,A,0,0,0,2,A,-,3,N,C,C,A,H,A,D,N,33.832262,-118.135654
20031128,1940,5,RT 710,DEL AMO BL,N,A,3,0,4,3,A,-,7,F,B,C,A,H,C,D,N,33.847073,-118.130810
20031128,1933,5,1ST ST,LINDEN AV,-,A,0,0,0,2,A,-,3,N,C,C,A,H,C,A,N,33.768081,-118.186362
20031128,1503,5,BURNETT ST,PINE AV,Y,A,3,0,1,2,D,-,0,N,H,C,A,H,A,D,N,33.800748,-118.192560
20031128,1922,5,LOS ALAMITOS TRAFFIC CIR,PACIFIC COAST HWY,N,A,0,0,0,2,A,-,17,N,D,C,-,-,C,D,N,33.789863,-118.166885
20031128,1640,5,2ND ST,PARK AV,N,A,0,0,0,3,A,-,3,N,C,C,A,H,A,D,N,33.761657,-118.137942
20031128,714,5,BALTIC AV,21ST,N,-,3,0,1,2,A,-,5,N,A,C,-,H,-,D,N,33.795292,-118.212981
20031128,1806,5,CARSON BL,CLARK,Y,A,0,0,0,2,A,-,12,N,D,C,A,H,C,A,N,33.832368,-118.133854
20031128,630,5,3RD ST,MOLINO AV,Y,A,0,0,0,2,A,-,12,N,D,C,A,H,A,A,N,33.768083,-118.160606
20031128,1735,5,TEMPLE,RT 405,Y,A,0,0,0,2,A,-,9,N,D,C,A,H,D,D,N,33.771802,-118.158963
20031128,736,5,MARTIN LUTHER KING JR BL,EAST 7TH ST,Y,A,0,0,0,2,D,-,0,N,D,C,A,H,A,A,N,33.775350,-118.180686
20031128,2313,5,E ANAHEIM,OHIO AV,N,B,3,0,1,2,A,-,11,N,G,B,A,H,C,D,N,33.782614,-118.160056
20031128,1045,5,RT 710,RT 405,N,A,0,0,0,2,A,-,3,M,B,C,A,H,A,D,N,33.770050,-118.193739
20031128,610,5,RT 91,PARAMOUNT BL,N,A,2,0,1,1,A,-,8,N,F,A,A,H,B,D,N,33.875856,-118.159275
20031129,320,6,RT 710,WILLOW ST,N,A,3,0,1,1,A,-,8,N,E,I,A,H,C,D,Y,33.770050,-118.193739
20031129,841,6,NEW YORK,E OLIVE,-,A,0,0,0,2,D,-,0,N,B,E,A,H,C,A,N,33.784869,-118.182851
20031129,1600,6,EUCLID AV,EUCLID AV 215,-,A,0,0,0,2,D,-,0,M,B,C,A,H,A,D,N,33.795102,-118.147053
20031129,1900,6,OUTER TRAFFIC CIR,PACIFIC COAST HWY,N,A,0,0,0,2,A,-,9,M,D,C,A,H,A,D,N,33.788902,-118.140964
20031129,1523,6,DEL AMO,ORANGE,Y,A,0,0,0,2,A,-,7,M,B,C,A,H,A,A,N,33.846917,-118.176842
20031129,2259,6,ATLANTIC,10TH ST,N,-,0,0,0,1,A,-,0,M,H,I,-,-,-,D,N,33.778973,-118.185038
20031129,948,6,WILLOW ST,STUDEBAKER RD,N,A,0,0,0,1,A,-,8,N,E,J,A,H,A,D,N,33.803249,-118.099274
20031129,1000,6,RT 91,CHERRY AV,N,A,0,0,0,2,A,-,17,N,E,J,A,H,A,D,N,33.876334,-118.167205
20031129,800,6,MARKET ST,LINDEN AV,Y,A,4,0,1,2,A,-,10,N,G,B,A,H,C,A,N,33.854316,-118.185940
20031129,1330,6,RT 710,WILLOW ST,N,A,0,0,0,2,A,-,3,N,C,C,A,H,A,D,N,33.770050,-118.193739
20031129,1604,6,7TH ST,BELLFLOWER BL,N,A,4,0,1,2,A,-,3,N,C,C,A,H,A,D,N,33.775248,-118.121193
20031129,1314,6,7TH ST,CHANNEL DR,N,-,4,0,2,2,A,-,3,N,C,C,-,-,-,A,N,33.775220,-118.119009
20031129,910,6,20TH ST,E LBCC ACCESS RD,N,A,0,0,0,2,A,-,6,N,B,C,A,H,A,D,N,33.770050,-118.193739
20031129,2,6,4TH ST,LOS ALTOS AV,N,A,3,0,1,2,A,-,8,N,C,E,A,H,C,D,N,33.771695,-118.125255
20031130,622,7,EAST 2ND ST,LONG BEACH BL,N,A,0,0,0,2,A,-,8,M,B,E,A,H,A,D,Y,39.653623,-74.172616
20031130,120,7,ARTESIA ST,ATLANTIC AV,N,A,2,0,1,1,A,-,1,N,A,I,A,H,C,D,Y,33.874312,-118.186089
20031130,1344,7,10TH ST,CERRITOS,N,A,0,0,0,2,A,-,7,M,D,E,A,H,A,D,N,33.778960,-118.178023
20031130,2243,7,LAKEWOOD,WILLOW,N,A,0,0,0,2,A,-,9,M,D,C,A,H,C,D,N,33.803251,-118.142788
20031130,1045,7,LOMA AV,OCEAN BL,Y,A,0,0,0,2,A,-,21,M,C,C,A,H,A,D,N,33.760886,-118.150834
20031130,1533,7,STUDEBAKER,WILLOW,Y,A,4,0,2,2,A,-,9,N,D,C,A,H,A,A,N,33.803249,-118.099274
20031130,1230,7,LAKEWOOD,SPRING,Y,A,0,0,0,2,A,-,12,N,D,C,A,-,A,A,N,33.812739,-118.139096
20031130,1135,7,ATHERTON ST,XIMENO AV,N,A,0,0,0,2,A,-,9,N,-,C,A,H,A,D,N,33.789847,-118.138903
20031130,1935,7,RT 405,PACIFIC AV,N,A,4,0,1,5,A,-,7,N,B,C,A,C,C,D,N,46.356782,-124.054189
20031201,1945,1,PARAMOUNT BL,56TH ST,N,A,3,0,1,2,A,-,11,N,G,B,A,H,C,D,Y,33.857826,-118.159839
20031201,1750,1,36TH ST,LONG BEACH BL,Y,F,0,0,0,1,A,-,17,M,E,I,-,-,-,-,N,39.633820,-74.188146
20031201,644,1,PACIFIC COAST HWY,CLARK AV,N,A,4,0,2,3,A,-,3,N,C,C,A,H,A,A,N,33.783826,-118.134163
20031201,940,1,CARROLL PARK,3RD ST,N,A,0,0,0,2,A,-,8,N,B,E,-,H,A,D,N,33.768084,-118.162947
20031201,1231,1,PALO VERDE AV,WOODRUFF AV,Y,A,0,0,0,2,A,-,12,N,D,C,A,H,A,A,N,33.797642,-118.108025
20031201,1018,1,ANAHEIM ST,TERMINO AV,N,A,0,0,0,2,D,-,0,N,B,C,A,H,A,D,N,33.782595,-118.145883
20031201,605,1,PACIFIC COAST HWY,MARTIN LUTHER KING JR,Y,A,0,0,0,2,A,-,9,N,A,C,A,H,A,A,N,33.789856,-118.180653
20031201,810,1,7TH ST,ROSE AV,N,A,4,0,1,2,A,-,11,N,G,B,A,D,A,D,N,33.775343,-118.169839
20031201,1030,1,RT 405,CLARK AV,N,A,3,0,4,4,A,-,7,F,B,C,A,H,A,D,N,33.817379,-118.133749
20031201,1620,1,10TH ST,GRAND AV,N,A,0,0,0,2,A,-,4,N,C,C,A,H,A,D,N,33.778960,-118.148630
20031201,1625,1,PACIFIC COAST HWY,MARTIN LUTHER KING JR BL,Y,A,0,0,0,2,A,-,9,N,D,A,A,H,A,A,N,33.789856,-118.180653
20031202,2346,2,PACIFIC AV,7TH ST,Y,-,4,0,1,2,A,-,1,M,D,C,-,-,D,A,Y,33.775346,-118.193781
20031202,23,2,WILLOW,PINE,Y,A,0,0,0,2,A,-,12,M,D,C,A,H,C,A,Y,33.804329,-118.192557
20031202,655,2,BURNETT,MAGNOLIA,Y,A,0,0,0,2,A,-,12,N,D,C,A,H,A,A,N,33.800750,-118.198083
20031202,745,2,ATHERTON ST,FANWOOD AV,N,A,0,0,0,2,A,-,3,N,C,C,A,H,A,D,N,33.788775,-118.116135
20031202,550,2,RT 91,ATLANTIC BL,N,A,0,0,0,1,A,-,3,N,A,J,A,H,C,D,N,33.874843,-118.193412
20031202,1946,2,SANTA ANA,2ND ST,N,A,0,0,0,2,A,-,21,N,D,C,A,H,C,D,N,33.758846,-118.131390
20031202,800,2,PETERSON AV,14TH ST,Y,A,0,0,0,2,A,-,12,M,D,C,A,H,A,D,N,33.784418,-118.173072
20031202,2102,2,LIME AV,53RD ST,N,A,4,0,1,3,D,-,0,N,C,E,A,H,C,D,N,33.852586,-118.183944
20031202,1700,2,SPRING ST,ORANGE AV,N,A,4,0,1,2,D,-,0,F,D,C,A,D,B,D,N,33.811647,-118.176302
20031202,901,2,HILL ST,LIME AV,Y,A,4,0,1,2,A,-,9,N,D,C,A,H,A,D,N,33.797118,-118.183930
20031202,1200,2,HERMOSA AV,4TH,N,A,0,0,0,2,A,-,8,N,B,C,A,H,A,D,N,33.771719,-118.169302
20031202,828,2,BURNETT ST,PACIFIC AV,N,A,0,0,0,3,A,-,5,N,B,E,A,H,A,D,N,33.800751,-118.193777
20031202,2053,2,RT 710,PACIFIC COAST HWY,N,A,0,0,0,1,A,-,8,N,E,I,A,H,D,D,N,33.789863,-118.166885
20031202,1700,2,RT 710,RT 405,N,A,0,0,0,2,A,-,7,N,B,C,A,H,D,D,N,33.770050,-118.193739
20031202,1710,2,OCEANA BL,PINE AV,Y,A,0,0,0,2,A,-,9,N,D,C,A,H,A,A,N,-37.767953,145.176989
20031202,1409,2,BROADWAY,GAVIOTA,Y,A,4,0,1,2,A,-,8,N,D,C,A,H,A,D,N,33.767757,-118.171484
20031202,925,2,7TH ST,PARK AV,Y,A,3,0,1,2,D,-,0,N,D,C,A,-,A,A,N,33.775354,-118.137369
20031202,1354,2,BROADWAY,CHERRY,N,A,0,0,0,2,A,-,3,N,C,C,A,H,A,D,N,33.767286,-118.167896
20031202,646,2,7TH ST,MARTIN LUTHER KING JR BL,Y,A,4,0,1,2,A,-,12,N,D,C,A,H,A,D,N,33.775350,-118.180686
20031202,740,2,FASHION AV,BURNETT ST,N,A,0,0,0,2,A,-,8,N,D,C,A,H,A,D,N,33.800741,-118.208921
20031202,1230,2,RT 91,RT 710,N,A,0,0,0,1,A,-,8,N,-,I,A,H,A,D,N,32.932282,-80.411644
20031202,630,2,RT 405,CHERRY AV,N,A,0,0,0,2,A,-,3,N,C,C,A,H,A,D,N,33.823170,-118.167726
20031202,1305,2,RT 405,SANTA FE AV,N,A,4,0,2,5,A,-,3,N,C,C,A,H,A,D,N,33.807295,-118.215507
20031202,1300,2,RT 710,PACIFIC COAST HWY,N,A,0,0,0,2,A,-,7,N,B,C,A,H,A,D,N,33.789863,-118.166885
20031202,1630,2,6TH ST,RT 710,N,A,0,0,0,1,-,-,- ,N,H,I,A,H,B,D,N,33.773818,-118.183313
20031202,820,2,RT 91,RT 710,N,A,0,0,0,2,A,-,3,N,C,C,A,H,A,D,N,32.932282,-80.411644
20031203,2134,3,E OCEAN AV,ATLANTIC AV,N,A,0,0,0,2,A,-,8,M,B,E,A,H,C,D,N,33.766430,-118.185049
20031203,2235,3,CORONADO,11TH,-,A,0,0,0,2,A,-,0,M,C,E,A,H,C,D,N,33.780780,-118.153498
20031203,1545,3,ATLANTA AV,10TH ST,Y,A,0,0,0,2,A,-,3,N,C,C,A,H,A,A,N,,
20031203,1426,3,ORANGE AV,7TH ST,N,A,0,0,0,3,D,-,0,M,B,C,A,H,A,D,N,33.775366,-118.176353
20031203,1130,3,CHATWIN,WARDLOW,N,A,0,0,0,2,A,-,21,N,B,C,A,H,A,D,N,33.818865,-118.123354
20031203,810,3,RT 91,PARAMOUNT BL,N,A,0,0,0,5,A,-,3,N,C,C,A,H,A,D,N,33.875856,-118.159275
20031203,724,3,STUDEBAKER RD,WILLOW,N,E,0,0,0,2,A,-,9,N,D,C,A,H,A,A,N,33.803249,-118.099274
20031203,646,3,REDONDO AV,4TH ST,Y,A,4,0,1,2,D,-,0,N,G,B,A,H,A,A,N,33.771706,-118.152407
20031203,2300,3,WARDLOW RD,CASPIAN AV,N,A,0,0,0,1,-,-,- ,N,E,I,A,H,C,D,N,33.824308,-118.212729
20031203,737,3,WILTON ST,GRAND AV,Y,A,0,0,0,2,A,-,9,N,D,C,A,H,A,A,N,33.787587,-118.148066
20031203,1605,3,ESPERANZA,2ND ST,Y,A,3,0,1,2,A,-,11,N,G,B,A,H,A,D,N,33.767614,-118.175182
20031203,1822,3,OCEAN BL,ORANGE AV,Y,A,0,0,0,2,A,-,9,N,D,C,A,H,C,A,N,33.765666,-118.177364
20031203,855,3,19TH ST,LIME AV,N,A,4,0,1,2,A,-,9,N,D,G,A,H,A,D,N,33.791670,-118.183955
20031203,745,3,56TH ST,WALNUT AV,N,A,0,0,0,2,A,-,8,N,A,C,A,H,A,A,N,33.857648,-118.173474
20031203,1819,3,ATLANTIC,ROOSEVELT,N,A,0,0,0,2,A,-,17,N,B,C,A,H,C,D,N,33.828930,-118.184954
20031203,2001,3,STUDEBAKER RD,WARDLOW RD,Y,A,0,0,0,2,A,-,12,N,D,C,A,H,C,A,N,33.818891,-118.099082
20031203,225,3,RT 710,WILLOW ST,N,A,0,0,0,2,A,-,7,N,B,C,A,D,C,D,N,33.770050,-118.193739
20031203,1845,3,RT 710,PACIFIC COAST HWY,N,A,0,0,0,2,A,-,7,N,B,C,A,H,C,D,N,33.789863,-118.166885
20031203,1305,3,RT 405,RT 710,N,A,0,0,0,3,A,-,3,N,C,C,A,H,A,D,N,46.462508,-95.646979
20031203,1641,3,GRAND AV,PUBLIC ALLEY,Y,A,4,0,2,3,A,-,9,N,D,C,A,H,B,D,N,41.917846,-87.760854
20031204,2350,4,2ND ST,MIRA MAR,Y,E,0,0,0,3,A,-,1,N,A,E,B,H,C,A,Y,33.762369,-118.147004
20031204,1843,4,ADAIR ST,ELM AV,N,-,0,0,0,3,A,-,3,N,C,E,-,-,-,D,N,33.864178,-118.188432
20031204,1755,4,ATLANTIC AV,E 67TH ST,N,A,3,0,4,4,A,-,1,M,C,C,A,H,C,A,N,33.875730,-118.186029
20031204,155,4,APPIAN WY,2ND ST,Y,E,0,0,0,1,A,-,3,M,A,I,B,H,C,D,N,33.755697,-118.117559
20031204,335,4,TRAFFIC CIR,PACIFIC COAST HWY,-,E,0,0,0,1,A,-,9,N,E,I,B,H,C,D,N,33.788902,-118.140964
20031204,128,4,ORIZABA AV,ANAHEIM ST,Y,E,0,0,0,2,A,-,7,N,A,I,B,H,C,A,N,33.782602,-118.156761
20031204,1428,4,OCEAN BL,TERMINO AV,N,A,0,0,0,3,-,-,- ,N,C,C,A,H,A,D,N,33.759830,-118.145919
20031204,626,4,LONG BEACH BL,ROOSEVELT RD,Y,A,3,0,2,2,A,-,12,N,B,C,B,H,B,A,N,33.828937,-118.189345
20031204,1407,4,OBISPO AV,67TH ST,N,A,3,0,1,3,A,-,6,N,B,C,A,H,A,D,N,33.876522,-118.155643
20031204,1100,4,BELLFLOWER BL,LOS COYOTES DIAGONAL,N,A,0,0,0,2,A,-,12,N,D,C,A,H,A,A,N,33.802141,-118.125195
20031204,1546,4,HARVEY WY,MONTAIR AV,Y,A,0,0,0,2,A,-,9,N,D,C,A,H,A,A,N,33.836094,-118.126276
20031204,1850,4,CLARK,CARSON,N,A,0,0,0,2,A,-,9,N,D,C,A,H,C,D,N,33.832368,-118.133854
20031204,446,4,CLARK AV,MONLACO RD,N,E,0,0,0,2,A,-,9,N,H,C,D,H,C,D,N,33.822287,-118.133928
20031204,836,4,36TH ST,LONG BEACH BL,N,A,0,0,0,2,A,-,3,N,B,C,B,H,A,D,N,39.633820,-74.188146
20031204,643,4,STERNS ST,EUCLID AV,Y,-,0,0,0,2,A,-,9,N,D,C,-,-,-,A,N,33.796081,-118.148291