COLLISION_DATE,COLLISION_TIME,DAY_OF_WEEK,PRIMARY_RD,SECONDARY_RD,INTERSECTION,WEATHER_1,COLLISION_SEVERITY,NUMBER_KILLED,NUMBER_INJURED,PARTY_COUNT,PRIMARY_COLL_FACTOR,PCF_CODE_OF_VIOL,PCF_VIOL_CATEGORY,HIT_AND_RUN,TYPE_OF_COLLISION,MVIW,ROAD_SURFACE,ROAD_COND_1,LIGHTING,CONTROL_DEVICE,ALCOHOL_INVOLVED,LATITUDE,LONGITUDE
20031230,1550,2,ANAHEIM ST,ATLANTIC AV,N,A,3,0,1,2,D,-,0,N,D,B,A,H,A,A,N,33.782609,-118.185034
20031230,1702,2,WILLOW ST,EASY AV,-,A,4,0,1,3,A,-,3,N,C,C,A,H,A,A,N,33.804427,-118.210009
20031230,1430,2,LAKEWOOD BL,CARSON ST,N,-,0,0,0,3,A,-,3,N,C,C,A,-,A,A,N,33.832274,-118.142464
20031230,1218,2,RT 405,BELLFLOWER BL,N,A,0,0,0,2,A,-,3,N,C,C,A,H,A,D,N,33.769086,-118.120973
20031231,2325,3,SOUTH ST,ACKERFIELD AV,Y,A,3,0,1,3,A,-,1,M,C,C,A,H,C,D,Y,33.860171,-118.163115
20031231,36,3,DEL AMO BL,49TH ST,Y,A,0,0,0,2,A,-,1,M,D,C,A,H,D,A,Y,33.845491,-118.186843
20031231,636,3,HARDING,JANICE,N,A,0,0,0,5,A,-,1,M,B,E,A,H,B,D,Y,33.867451,-118.186518
20031231,127,3,SHORELINE DR,QUEENS HWY,N,A,4,0,1,3,A,-,1,N,C,C,A,H,C,A,Y,33.753763,-118.195429
20031231,37,3,DEL AMO BL,ATLANTIC AV,Y,A,4,0,1,3,A,-,1,N,D,C,A,H,C,A,Y,33.845292,-118.184880
20031231,1620,3,PACIFIC COAST HWY,MARINA PAC MALL,N,A,4,0,1,2,A,-,4,N,C,C,A,H,A,D,N,33.770050,-118.193739
20031231,1010,3,COWLES ST,FASHION AV,N,A,0,0,0,1,A,-,8,M,E,I,A,H,A,A,N,33.784668,-118.208808
20031231,210,3,RT 710,DEL AMO,N,A,0,0,0,1,A,-,3,N,B,I,A,H,C,A,N,33.770050,-118.193739
20031231,1625,3,LOYNES DR,BIXBY VILLAGE DR,N,A,0,0,0,1,A,-,3,N,E,I,A,H,A,D,N,33.768208,-118.113756
20031231,1619,3,SOUTH ST,CHERRY AV,N,A,0,0,0,2,-,-,- ,N,B,C,A,H,A,-,N,33.860106,-118.168614
20031231,1255,3,7TH ST,CHANNEL,N,A,4,0,1,2,A,-,3,N,C,C,A,H,A,A,N,33.775220,-118.119009
20031231,1905,3,MARTIN LUTHER KING,7TH ST,Y,A,0,0,0,2,A,-,9,N,D,C,A,H,C,A,N,33.775350,-118.180686
20031231,1600,3,ORANGE,CERRITOS,Y,A,0,0,0,2,A,-,3,M,C,C,A,H,A,D,N,33.843090,-118.176455
20031231,1645,3,29TH ST,SANTA FE,N,-,0,0,0,2,A,-,21,N,B,E,-,-,-,D,N,33.810397,-118.215509
20031231,1945,3,RT 710,DEL AMO BL,N,A,0,0,0,2,A,-,3,M,C,C,A,H,C,A,N,33.847073,-118.130810
20031231,810,3,RT 91,LONG BEACH BL,N,A,0,0,0,2,A,-,3,N,C,C,A,H,A,D,N,33.873156,-118.200648
20031231,1425,3,RT 710,RT 91,N,A,0,0,0,1,A,-,8,M,E,I,A,H,A,D,N,33.770050,-118.193739
20031231,745,3,RT 91,LONG BEACH BL,N,A,4,0,1,1,A,-,3,N,E,I,A,H,A,D,N,33.873156,-118.200648
20031231,1630,3,XIMENO AV,LIVINGSTON DR,Y,A,0,0,0,2,A,-,3,N,C,C,A,H,C,D,N,33.761808,-118.141569
20040101,210,4,LAKEWOOD BL,CARSON ST,Y,A,0,0,0,2,A,-,1,N,D,C,A,H,C,A,Y,33.832274,-118.142464
20040101,220,4,MAGNOLIA AV,HILL ST,N,A,0,0,0,5,A,-,1,N,B,E,A,H,C,D,Y,33.797131,-118.198097
20040101,224,4,ANAHEIM ST,PROSPECT,Y,A,0,0,0,2,A,-,1,N,D,C,A,H,C,A,Y,33.782599,-118.140509
20040101,745,4,RT 405,LOS ANGELES RIVER,N,A,0,0,0,1,B,-,22,N,E,I,A,H,A,D,Y,33.770050,-118.193739
20040101,2240,4,23RD ST,LONG BEACH BL,N,A,0,0,0,3,A,-,3,M,C,E,A,H,C,D,N,33.798927,-118.189272
20040101,1548,4,CERRITOS AV,3RD,N,A,0,0,0,2,A,-,- ,M,C,C,A,H,A,D,N,33.770376,-118.178321
20040101,2135,4,LOMA AV,ANAHEIM ST,N,A,0,0,0,1,A,-,8,N,E,I,A,A,C,D,N,33.782598,-118.150236
20040101,137,4,REDONDO AV,KILROY AIRPORT WY,Y,A,4,0,1,2,A,-,21,N,H,C,A,H,C,A,N,33.807660,-118.151358
20040101,650,4,SHORELINE DR,OCEAN BL,N,A,3,0,1,1,A,-,- ,N,E,I,A,H,A,D,N,33.766221,-118.183133
20040101,435,4,7TH ST,W CAMPUS DR,N,A,3,0,1,2,A,-,3,N,C,C,A,H,C,A,N,33.775231,-118.115290
20040101,820,4,ANAHEIM ST,CHERRY AV,Y,A,4,0,2,3,A,-,10,N,H,G,A,H,A,A,N,33.782604,-118.167652
20040102,300,5,CHESTNUT AV,COWLES ST,N,A,4,0,1,2,A,-,7,N,D,E,A,H,C,A,Y,33.784851,-118.196362
20040102,700,5,RT 91,CHERRY AV,N,C,3,0,1,2,A,-,1,N,C,C,B,H,A,D,Y,33.876334,-118.167205
20040102,2340,5,RT 91,CHERRY AV,N,A,3,0,1,1,A,-,1,N,E,I,A,H,C,D,Y,33.876334,-118.167205
20040102,1730,5,7TH ST,ROSE,Y,A,4,0,1,2,A,-,9,N,B,G,A,H,A,A,Y,33.775343,-118.169839
20040102,745,5,BROADWAY,DAISY AV,Y,C,0,0,0,2,A,-,8,M,B,C,B,H,-,D,N,33.793493,-118.199265
20040102,1408,5,7TH ST,PACIFIC,Y,C,0,0,0,2,A,-,12,M,D,C,B,H,A,A,N,33.775346,-118.193781
20040102,900,5,10TH,ORANGE,Y,B,0,0,0,2,A,-,3,M,C,C,B,H,A,D,N,33.778974,-118.176331
20040102,1128,5,SANTA FE ALY W,32ND WY,-,C,0,0,0,1,A,-,21,N,E,I,B,H,A,A,N,33.816137,-118.215383
20040102,1153,5,LINDEN AV,BIXBY ST,Y,B,0,0,0,2,A,-,9,M,D,C,B,H,D,A,N,33.826705,-118.186461
20040102,1735,5,ANAHEIM ST,EUCLID AV,N,B,0,0,0,2,A,-,4,M,C,C,B,H,C,D,N,33.782596,-118.149218
20040102,1239,5,SOUTH ST,DOWNEY AV,Y,A,3,0,2,2,A,-,9,N,A,C,A,H,A,A,N,33.860199,-118.151179
20040102,1709,5,OCEAN BL,ELM AV,N,-,0,0,0,3,A,-,7,N,B,E,B,H,C,A,N,33.766747,-118.187685
20040102,801,5,RT 710,BROADWAY,-,C,0,0,0,1,A,-,3,N,D,I,A,H,A,D,N,33.770050,-118.193739
20040102,2115,5,SANTA FE,BURNET,Y,A,4,0,1,2,-,-,- ,N,D,-,B,H,C,A,N,33.800749,-118.215375
20040102,2026,5,HILL ST,LIME AV,Y,C,0,0,0,2,A,-,3,N,D,C,B,H,C,A,N,33.797118,-118.183930
20040102,1357,5,HILL ST,ELM AV,-,C,0,0,0,2,-,-,- ,N,D,C,B,H,A,D,N,33.797113,-118.193667
20040102,1244,5,ATLANTIC AV,SPRING ST,N,C,0,0,0,3,A,-,3,N,C,C,B,D,A,D,N,33.811590,-118.185067
20040102,1221,5,PACIFIC COAST HWY,TRAFFIC CIRCLE,Y,B,0,0,0,2,-,-,- ,N,B,C,B,H,A,D,N,33.788902,-118.140964
20040102,1018,5,REDONDO AV,BURNETT ST,Y,C,0,0,0,2,A,-,3,N,D,C,B,H,A,A,N,33.801446,-118.151367
20040102,1725,5,RT 91,ORANGE AV,N,B,4,0,1,2,A,-,3,N,C,C,A,H,D,D,N,33.850492,-117.875066
20040102,1710,5,RT 91,CHERRY AV,N,B,0,0,0,2,A,-,3,M,C,C,B,H,C,A,N,33.876334,-118.167205
20040102,1245,5,RT 710,DOMINGUEZ ST,N,C,0,0,0,1,A,-,3,N,E,I,B,H,A,D,N,33.838921,-118.207681
20040102,1609,5,RT 710,LONG BEACH BL,N,B,0,0,0,2,A,-,7,M,B,C,B,H,A,D,N,33.823693,-118.189369
20040102,1410,5,RT 405,ATLANTIC AV,N,C,4,0,1,1,A,-,8,N,E,I,B,H,A,D,N,39.576654,-74.226897
20040102,930,5,RT 91,RT 710,N,C,4,0,1,1,A,-,8,N,E,I,B,H,A,D,N,32.932282,-80.411644
20040102,1100,5,RT 710,RT 91,N,B,0,0,0,2,A,-,3,N,B,C,B,H,A,D,N,33.770050,-118.193739
20040102,1440,5,RT 47,OCEAN BL,N,C,0,0,0,1,A,-,3,N,E,I,B,H,A,D,N,39.627783,-74.190228
20040102,2017,5,MARKET,ORANGE,Y,C,3,0,1,2,A,-,9,M,D,I,B,-,C,A,N,33.854348,-118.177250
20040102,1105,5,RT 91,BUTLER AV,N,C,0,0,0,2,A,-,3,N,C,C,B,H,A,D,N,33.874761,-118.196935
20040102,1106,5,RT 91,BUTLER AV,N,C,3,0,1,4,A,-,7,F,G,B,B,H,A,D,N,33.874761,-118.196935
20040102,820,5,RT 710,RT 91,N,B,0,0,0,1,A,-,3,N,E,J,B,H,A,D,N,33.770050,-118.193739
20040102,1441,5,NORWALK BL,TORIN ST,N,C,0,0,0,1,A,-,3,N,A,I,B,H,A,D,N,33.820726,-118.071799
20040102,1030,5,ATLANTIC AV,53RD ST,Y,B,0,0,0,3,A,-,3,N,C,C,B,H,A,D,N,33.852435,-118.184880
20040102,1515,5,E 51TH,301 E 51 ST,N,C,0,0,0,1,A,-,3,N,E,I,B,H,A,A,N,33.770050,-118.193739
20040103,1924,6,WOODRUFF,HARCO,Y,A,0,0,0,2,D,-,0,N,D,C,A,-,C,A,Y,33.826987,-118.116567
20040103,715,6,RT 91,RT 710,N,A,0,0,0,2,A,-,4,N,B,C,A,H,A,D,N,32.932282,-80.411644
20040103,1913,6,EAST 15TH ST,STANTON PL,N,A,0,0,0,2,A,-,5,M,B,C,A,H,C,-,N,33.786234,-118.164772
20040103,1215,6,ANAHEIM,ROSE,N,A,0,0,0,2,A,-,3,N,C,C,A,H,A,A,N,33.782602,-118.169830
20040103,2030,6,WARDLOW RD,RT 405,Y,A,0,0,0,1,-,-,- ,N,A,I,A,H,C,A,N,33.818930,-118.187760
20040103,254,6,PACIFIC COAST HWY,DAISY AV,Y,A,0,0,0,2,A,-,9,N,D,C,A,H,C,D,N,33.789868,-118.199501
20040103,2033,6,ATLANTIC AV,52ND ST,Y,A,4,0,1,2,A,-,8,N,A,C,A,H,C,A,N,33.850511,-118.184950
20040103,1055,6,ATLANTIC AV,SAN ANTONIO BL,Y,A,0,0,0,2,A,-,12,N,D,C,A,H,A,A,N,33.837516,-118.184919
20040103,1940,6,RT 710,PACIFIC AV,N,A,0,0,0,2,A,-,3,N,C,C,A,H,C,D,N,46.356782,-124.054189
20040103,1600,6,ANAHEIM ST,CEDAR AV,Y,A,4,0,1,2,D,-,0,N,H,G,A,H,A,A,N,33.782596,-118.195060
20040103,2116,6,EAST 2ND ST,NAPLES PLZ,N,A,4,0,1,2,A,-,3,N,C,C,A,H,C,A,N,33.756368,-118.120614
20040104,1935,7,RT 91,DOWNEY AV,N,A,0,0,0,1,A,-,1,N,E,I,A,H,D,D,Y,33.876770,-118.153649
20040104,26,7,BEACH BL,14TH ST,N,A,2,0,1,2,A,-,1,N,A,I,-,H,C,D,Y,33.876770,-118.153649
20040104,512,7,HILL ST,LEMON AV,N,A,0,0,0,1,A,-,7,N,E,I,A,H,C,D,N,33.797128,-118.178502
20040104,10,7,ROXANNE AV,MEZZANINE WY,N,A,0,0,0,1,A,-,8,M,E,I,A,H,C,D,N,33.814555,-118.096411
20040104,1430,7,ATLANTIC AV,VERNON ST,Y,A,0,0,0,2,A,-,3,M,C,C,A,H,A,D,N,33.803515,-118.185024
20040104,1656,7,TERMINO AV,11TH ST,Y,A,0,0,0,2,A,-,12,M,D,C,A,H,A,D,N,33.780766,-118.145882
20040104,1848,7,WILLOW,PACIFIC,Y,A,0,0,0,2,D,-,0,N,D,C,A,H,C,A,N,33.804440,-118.193717
20040104,224,7,PARKCREST ST,STEARNLEE ST,Y,A,0,0,0,1,-,-,- ,N,E,I,A,H,C,D,N,33.830312,-118.127390
20040104,1218,7,WILLOW ST,CLARK AV,Y,A,4,0,1,3,A,-,12,N,B,C,A,H,A,A,N,33.803229,-118.133871
20040104,7,7,WHITEWOOD AV,HARVEY WY,N,A,0,0,0,5,-,-,- ,N,A,E,A,H,C,D,N,33.836126,-118.136073
20040104,1134,7,MARINA DR,2ND ST,N,A,4,0,1,2,A,-,9,N,D,C,A,H,A,D,N,33.757647,-118.113255
20040104,2200,7,EAST 10TH ST,E 10TH ST 911,-,A,0,0,0,2,D,-,0,N,B,E,A,H,C,D,N,33.778968,-118.192391
20040104,1220,7,ALAMITOS AV,BROADWAY,N,A,4,0,1,2,A,-,10,N,G,B,A,H,A,A,N,33.769144,-118.182082
20040104,137,7,7TH ST,PINE AV,Y,A,4,0,1,2,A,-,12,N,D,C,A,H,C,A,N,33.775344,-118.192398
20040104,1320,7,RT 405,CHERRY AV,N,A,3,0,1,1,B,-,22,N,F,A,A,H,A,D,N,33.823170,-118.167726
20040104,101,7,PACIFIC COAST HWY,RONAN AV,N,A,0,0,0,2,A,-,12,M,B,C,A,H,D,A,N,33.790666,-118.272892
20040104,2245,7,LOCUST AV,PLATT ST,N,A,0,0,0,1,A,-,3,M,E,I,A,H,C,D,N,33.851150,-118.189802
20040104,1839,7,ATLANTIC AV,CARTAGENA ST,Y,A,0,0,0,2,A,-,9,N,D,C,A,H,C,A,N,33.832703,-118.185072
20040104,1645,7,RT 710,DEL AMO BL,N,A,0,0,0,2,A,-,8,N,E,I,A,H,A,D,N,,
20040104,1540,7,RT 710,DEL AMO BL,N,A,0,0,0,1,A,-,8,N,E,I,A,H,A,D,N,33.847073,-118.130810
20040105,1228,1,PACIFIC COAST HWY,PINE AV,N,A,3,0,1,2,A,-,3,F,G,G,A,H,A,A,N,33.789850,-118.192390
20040105,1348,1,SAN FRANCISCO,16TH ST,N,A,0,0,0,1,-,-,- ,N,E,I,A,H,A,A,N,33.786889,-118.203150
20040105,2048,1,EAST PACIFIC COAST HWY,E PACIFIC COAST HWY 5199,N,A,0,0,0,2,-,-,- ,M,B,E,A,H,C,D,N,33.789850,-118.192390
20040105,919,1,56TH ST,DAIRY ST,N,-,0,0,0,3,A,-,21,M,C,-,A,H,A,-,N,33.857561,-118.192911
20040105,1642,1,CHERRY AV,PACIFIC COAST HWY,Y,A,0,0,0,2,A,-,8,M,B,C,A,H,A,A,N,33.789861,-118.167643
20040105,1031,1,16TH ST,DAISY AV,Y,A,0,0,0,2,A,-,12,N,D,C,A,H,A,A,N,33.786858,-118.199358
20040105,1923,1,WILLOW ST,EARL AV,Y,A,3,0,1,2,A,-,9,N,D,C,A,H,A,A,N,40.622881,-76.181566
20040105,1330,1,RT 710,WILLOW ST,N,A,0,0,0,2,A,-,7,N,B,C,A,H,A,D,N,33.770050,-118.193739
20040105,1430,1,RT 405,LAKEWOOD BL,N,A,4,0,1,2,A,-,3,N,C,C,A,H,A,D,N,33.843075,-118.142426
20040105,810,1,RT 91,LONG BEACH BL,N,A,0,0,0,2,A,-,3,N,C,C,A,H,A,D,N,33.873156,-118.200648
20040105,1615,1,RT 710,RT 405,N,A,4,0,2,2,A,-,3,N,C,C,A,H,A,D,N,33.770050,-118.193739
20040105,1900,1,RT 405,CARSON ST,N,A,0,0,0,2,A,-,3,N,C,C,A,H,C,D,N,33.832262,-118.135654
20040105,1340,1,SEASIDE WY,GOLDEN SHORE,N,A,0,0,0,2,A,-,21,N,C,C,A,H,A,D,N,33.766027,-118.201858
20040105,1210,1,ARTESIA BL,RT 710,-,A,0,0,0,2,A,-,7,N,B,C,A,H,A,A,N,33.874505,-118.183160
20040105,1710,1,PACIFIC COAST HWY,TEMPLE AV,N,A,0,0,0,2,A,-,7,N,B,C,A,H,C,D,N,33.789847,-118.158931
20040105,1222,1,7TH ST,NEWPORT AV,Y,A,0,0,0,2,A,-,9,N,D,C,A,H,A,A,N,33.775341,-118.151324
20040105,1615,1,CLARK,28TH ST,Y,A,4,0,2,2,A,-,8,N,D,C,A,H,A,D,N,33.806747,-118.133998
20040105,1540,1,PALO VERDE AV,SPRUCE ST,N,A,0,0,0,2,A,-,7,N,B,E,A,H,A,D,N,46.380303,-124.021981
20040105,1630,1,RT 710,DAISY AV,N,A,4,0,2,2,A,-,5,N,A,C,A,H,A,D,N,33.793493,-118.199265
20040105,1600,1,CHERRY AV,15TH ST,Y,A,4,0,1,2,A,-,10,N,G,B,A,H,A,D,N,33.786228,-118.167654
20040105,1704,1,TRAFFIC CIR,PACIFIC COAST HWY,-,A,0,0,0,2,-,-,- ,N,B,C,A,H,B,D,N,33.788902,-118.140964
20040105,1430,1,LONG BEACH BL,BROADWAY,Y,A,4,0,2,2,-,-,- ,N,C,C,A,H,A,A,N,33.769277,-118.189493
20040106,2325,2,8TH,PACIFIC,N,A,0,0,0,2,A,-,1,M,B,C,A,H,C,A,Y,46.347236,-124.054712
20040106,635,2,RT 710,WILLOW ST,N,A,0,0,0,2,A,-,7,M,B,C,A,H,A,D,Y,33.770050,-118.193739
20040106,2200,2,RT 710,WILLOW ST,N,A,0,0,0,1,A,-,1,N,E,I,A,H,C,D,Y,33.770050,-118.193739
20040106,446,2,ANAHEIM ST,HAYES AV,N,A,0,0,0,1,A,-,8,M,E,I,A,H,C,A,N,33.782712,-118.218727
20040106,1314,2,OCEAN BL,56TH ST,N,A,0,0,0,3,A,-,7,M,C,E,A,H,A,D,N,33.750375,-118.126228
20040106,209,2,4TH ST,TEMPLE AV,N,A,0,0,0,2,A,-,7,M,B,E,A,H,C,A,N,33.771711,-118.158945
20040106,736,2,WARDLOW RD,JOSIE AV,N,A,0,0,0,2,A,-,6,M,B,C,A,H,A,D,N,33.818740,-118.105207
20040106,809,2,PACIFIC COAST HWY,HAYES,Y,A,0,0,0,2,A,-,7,M,B,C,A,H,A,A,N,33.789906,-118.218718
20040106,1332,2,CERRITOS AV,37TH ST,N,A,0,0,0,2,A,-,21,M,D,C,A,H,D,D,N,33.824199,-118.177417
20040106,1055,2,RT 710,WILLOW AV,N,A,0,0,0,3,A,-,3,N,C,C,A,H,A,D,N,40.623157,-73.723150
20040106,1500,2,RT 405,PALO VERDE AV,N,A,0,0,0,2,A,-,3,N,C,C,A,H,A,D,N,33.805010,-118.107912
20040106,745,2,RT 605,WARDLOW RD,N,A,0,0,0,2,A,-,3,N,B,C,A,H,A,D,N,33.818749,-118.130842
20040106,1835,2,JUNIPERO AV,7TH ST,Y,A,0,0,0,2,A,-,8,M,B,C,A,H,C,A,N,33.775345,-118.163313
20040106,1510,2,XIMENO AV,11TH AV,Y,B,0,0,0,2,A,-,9,N,D,C,A,H,A,A,N,33.775345,-118.163313
20040106,1450,2,WALNUT AV,S FLORIDA ST,N,A,0,0,0,2,A,-,9,N,D,C,A,H,A,A,N,33.770810,-118.172015
20040106,1630,2,W 3RD ST,CRYSTAL CT,Y,A,0,0,0,2,A,-,9,N,D,C,A,H,B,A,N,33.770510,-118.198766
20040106,1703,2,LONG BEACH BL,PLEASANT ST,Y,-,4,0,1,2,A,-,10,N,G,B,A,H,C,D,N,33.846067,-118.193574
20040106,1554,2,ATLANTIC AV,N NEW YORK,-,A,3,0,1,3,A,-,11,N,G,B,A,H,A,A,N,33.784865,-118.185035
20040106,1525,2,LONG BEACH BL,MARKET ST,Y,A,0,0,0,2,A,-,9,N,D,C,-,H,A,A,N,33.854284,-118.196533
20040106,1746,2,ATLANTIC AV,RT 91,Y,A,4,0,2,2,D,-,0,N,B,C,A,H,C,A,N,33.874843,-118.193412
20040107,1034,3,PARAMOUNT BL,ARTESIA BL,N,A,0,0,0,2,A,-,3,N,C,C,A,H,A,A,Y,33.874619,-118.159983
20040107,856,3,RT 710,HARBOR PLZ,-,A,1,1,1,1,A,-,1,N,E,I,A,H,A,D,Y,33.874619,-118.159983
20040107,611,3,BELLFLOWER BL,ARBOR RD,N,B,0,0,0,3,A,-,7,M,B,E,A,H,B,A,N,33.843024,-118.125180
20040107,1030,3,LONG BEACH BL,10TH ST,Y,A,0,0,0,2,A,-,3,M,C,C,A,H,A,A,N,33.778969,-118.189273
20040107,1045,3,49TH ST,PACIFIC AV,N,A,0,0,0,2,D,-,0,M,-,-,A,H,A,D,N,33.778969,-118.189273
20040107,1245,3,SPRING ST,CLARK AV,-,A,0,0,0,2,A,-,3,N,C,C,A,H,A,A,N,33.810505,-118.133992
20040107,1130,3,3RD ST,BONITA AV,N,A,0,0,0,2,A,-,9,N,D,C,A,H,A,A,N,34.105630,-117.785419
20040107,930,3,WILLOW AV,LIME,Y,A,0,0,0,2,-,-,- ,M,D,C,A,H,A,D,N,33.804434,-118.183940
20040107,1530,3,RT 605,SPRING ST,N,A,0,0,0,2,A,-,3,N,C,C,A,H,A,D,N,33.810673,-118.134847
20040107,1225,3,CARSON ST,WOODRUFF AV,N,A,0,0,0,2,C,-,18,N,C,C,A,H,A,D,N,33.832203,-118.116545
20040107,840,3,RT 710,CARSON ST,N,A,0,0,0,2,A,-,3,N,C,C,A,H,A,D,N,33.832262,-118.135654
20040107,1445,3,ATLANTIC AV,ANAHEIM ST,N,A,0,0,0,3,A,-,11,N,G,B,A,H,A,A,N,33.782609,-118.185034
20040107,1345,3,ESPERANZA,3RD ST,N,B,0,0,0,2,A,-,9,N,D,C,A,H,A,D,N,33.769925,-118.174754
20040107,757,3,WILLOW ST,BALTIC AV,Y,A,3,0,1,2,A,-,9,N,D,C,A,H,A,A,N,33.804425,-118.213275
20040107,740,3,10TH ST,OBISPO AV,Y,A,0,0,0,2,A,-,12,N,D,C,A,H,A,A,N,33.778969,-118.154588
20040107,1640,3,BURNETT ST,LINDEN AV,N,A,0,0,0,2,A,-,8,N,D,C,A,H,A,D,N,33.800748,-118.186107
20040107,1400,3,NEW YORK,ALAMITOS AV,Y,A,3,0,1,2,-,-,- ,N,H,G,A,H,A,D,N,33.784870,-118.177253
20040107,1941,3,PACIFIC COAST HWY,ULIMO,-,C,0,0,0,2,A,-,5,N,-,C,B,H,B,D,N,33.776405,-118.124174
20040108,25,4,REDONDO AV,ANAHEIM ST,-,A,4,0,1,2,A,-,1,N,C,C,A,H,C,A,Y,33.782602,-118.152411
20040108,1151,4,PACIFIC AV,21ST ST,Y,A,3,0,1,2,A,-,21,F,G,B,A,H,A,A,N,33.795297,-118.193777
20040108,1147,4,LONG BEACH BL,PACIFIC COAST HWY,N,A,0,0,0,2,A,-,7,N,B,C,A,H,A,A,N,33.789852,-118.189507
20040108,1600,4,SPAULDING ST,SPAULDING ST 2835 BLK,Y,A,0,0,0,2,D,-,0,M,B,E,A,H,A,D,N,34.088624,-118.357635
20040108,59,4,SOUTH ST,ELM AV,Y,B,0,0,0,2,A,-,9,N,D,C,A,H,C,A,N,33.860052,-118.188408
20040108,1345,4,RT 710,DEL AMO BL,N,A,0,0,0,2,A,-,3,N,B,C,A,H,A,D,N,33.847073,-118.130810
20040108,945,4,RT 405,BELLFLOWER BL,N,A,0,0,0,2,A,-,3,N,C,C,A,H,A,D,N,33.769086,-118.120973
20040108,716,4,PINE AV,16TH ST,N,F,0,0,0,2,A,-,8,N,B,E,A,H,C,D,N,33.787131,-118.192392
20040108,920,4,PACIFIC COAST HWY,TEMPLE AV,Y,A,0,0,0,1,A,-,8,N,E,I,A,H,A,A,N,,-118.158931
20040108,2038,4,ROSE AV,4TH,N,A,0,0,0,2,A,-,21,N,B,E,A,H,C,D,N,33.771715,-118.169840
20040108,1630,4,LONG BEACH BL,SCOTT ST,Y,A,3,0,1,2,A,-,10,N,G,B,A,H,A,D,N,33.868922,-118.201095
20040108,220,4,2ND ST,ESPERANZA AV,-,A,0,0,0,3,A,-,8,N,B,E,A,H,C,D,N,33.767614,-118.175182
20040108,2325,4,ROSWELL AV,THERESA ST,N,A,0,0,0,3,A,-,7,N,C,C,A,H,C,A,N,33.767614,-118.175182
20040108,900,4,7TH ST,ROYCROFT AV,N,A,0,0,0,2,D,-,0,N,A,E,A,H,A,D,N,33.775350,-118.138278
20040108,1812,4,PALO VERDE AV,PAGEANTRY,N,A,4,0,1,4,A,-,5,N,B,E,A,H,C,D,N,33.812110,-118.107862
20040108,1500,4,STEARNS,LOMINA,Y,A,0,0,0,2,A,-,9,N,D,C,A,H,A,D,N,33.795998,-118.119632
20040108,1150,4,LAKEWOOD BL,WILLOW ST,N,A,0,0,0,2,A,-,3,N,B,C,A,H,A,D,N,33.803251,-118.142788
20040108,1005,4,TRAFFIC CIR,LAKEWOOD,Y,A,3,0,1,2,A,-,7,N,D,C,A,H,A,D,N,33.791542,-118.142661
20040108,455,4,RT 91,ATLANTIC AV,N,A,1,1,0,1,A,-,3,N,E,I,A,H,C,D,N,33.874843,-118.193412
20040109,1857,5,MAGNOLIA AV,19TH DR,N,A,2,0,1,2,A,-,11,N,G,B,A,H,C,D,Y,33.791683,-118.198083
20040109,257,5,DEL AMO BL,LONG BEACH BL,N,A,0,0,0,3,A,-,7,F,B,C,A,H,C,A,N,33.846735,-118.193744
20040109,2250,5,SANTA FE AV,34TH ST,N,A,0,0,0,2,A,-,8,M,C,E,A,H,C,A,N,33.818897,-118.215527
20040109,1141,5,ATLANTIC AV,21ST ST,N,A,0,0,0,2,D,-,0,M,C,C,A,H,A,D,N,33.795305,-118.185025
20040109,1520,5,LOMA AV,ANAHEIM ST,N,A,0,0,0,2,D,-,0,M,C,E,A,H,A,A,N,33.782598,-118.150236
20040109,1755,5,ARTESIA BL,RT 710,Y,A,0,0,0,2,A,-,8,N,D,C,A,H,A,D,N,33.874505,-118.183160
20040109,1906,5,72ND ST,MYRTLE AV,N,A,0,0,0,2,A,-,3,M,C,E,A,H,C,D,N,33.885346,-118.181856
20040109,744,5,OCEAN BL,8TH PL,Y,A,4,0,1,2,A,-,3,M,C,C,A,H,A,A,N,33.765381,-118.175167
20040109,1125,5,RT 710,DEL AMO BL,N,A,0,0,0,1,C,-,18,N,E,J,A,H,A,A,N,33.847073,-118.130810
20040109,745,5,RT 405,SPRING ST,N,B,0,0,0,1,A,-,8,N,E,I,A,H,A,D,N,33.810673,-118.134847
20040109,1130,5,RT 710,DEL AMO BL,N,A,0,0,0,2,A,-,3,N,C,C,A,H,A,A,N,33.847073,-118.130810
20040109,1200,5,RT 710,ATLANTIC AV,N,A,3,0,1,2,A,-,8,N,B,C,A,H,A,D,N,39.576654,-74.226897
20040109,1715,5,RT 710,RT 405,N,A,0,0,0,2,A,-,3,M,C,C,A,H,B,D,N,33.770050,-118.193739
20040109,1850,5,CARSON AV,BELLFLOWER BL,Y,A,0,0,0,2,A,-,21,M,H,C,A,H,C,A,N,33.832358,-118.125209
20040109,1523,5,PARAMOUNT BL,SOUTH ST,Y,A,0,0,0,2,A,-,- ,N,D,C,A,H,A,D,N,33.860173,-118.159958
20040109,2301,5,NORWALK BL,WARDLOW RD,Y,A,0,0,0,2,A,-,4,N,C,C,A,H,C,A,N,33.817565,-118.071822
20040109,1600,5,WILLOW,CEDAR,-,A,4,0,1,2,A,-,8,N,D,C,A,H,A,D,N,33.804310,-118.194791
20040109,5,5,ANAHEIM ST,SEABRIGHT,N,A,0,0,0,1,A,-,8,N,E,I,A,H,C,A,N,33.782687,-118.217654