COLLISION_DATE,COLLISION_TIME,DAY_OF_WEEK,PRIMARY_RD,SECONDARY_RD,INTERSECTION,WEATHER_1,COLLISION_SEVERITY,NUMBER_KILLED,NUMBER_INJURED,PARTY_COUNT,PRIMARY_COLL_FACTOR,PCF_CODE_OF_VIOL,PCF_VIOL_CATEGORY,HIT_AND_RUN,TYPE_OF_COLLISION,MVIW,ROAD_SURFACE,ROAD_COND_1,LIGHTING,CONTROL_DEVICE,ALCOHOL_INVOLVED,LATITUDE,LONGITUDE
20040317,1935,3,LOCUST AV,20TH ST,N,A,0,0,0,3,A,-,0,M,D,E,A,H,C,D,N,33.793482,-118.191085
20040317,649,3,PLYMOUTH,CEDAR,N,A,3,0,1,2,A,-,9,N,D,C,A,H,A,D,N,33.853291,-118.193678
20040317,1856,3,PARK AV,6TH ST,N,A,0,0,0,2,A,-,21,N,D,C,A,H,C,A,N,33.773524,-118.137198
20040317,833,3,LONG BEACH BL,ARTESIA BL,N,A,0,0,0,2,A,-,3,N,C,C,A,H,A,A,N,33.874332,-118.202702
20040317,1510,3,RT 710,WILLOW ST,N,A,4,0,4,2,A,-,3,N,C,C,A,H,A,A,N,33.770050,-118.193739
20040317,1530,3,RT 405,ATHERTON ST,N,A,3,0,2,2,A,-,7,N,C,C,A,H,A,D,N,33.788676,-118.117963
20040317,1300,3,RT 405,STUDEBAKER RD,-,A,0,0,0,1,C,-,18,N,E,I,A,H,A,D,N,33.791446,-118.099621
20040317,800,3,RT 91,LONG BEACH BL,N,A,4,0,1,2,A,-,3,N,C,C,A,H,A,D,N,33.873156,-118.200648
20040317,900,3,RT 710,WARDLOW RD,N,A,0,0,0,2,A,-,3,N,C,C,A,H,A,D,N,33.818749,-118.130842
20040317,945,3,RT 710,WILLOW AV,N,A,0,0,0,1,A,-,8,N,E,I,A,H,A,D,N,40.623157,-73.723150
20040317,1709,3,11TH ST,NEWPORT AV,Y,A,0,0,0,2,A,-,9,N,D,C,A,H,A,A,N,33.780783,-118.151320
20040317,105,3,61ST ST,LINDEN AV,N,-,2,0,1,3,A,-,21,N,C,B,-,-,-,D,N,33.865487,-118.186015
20040317,358,3,HUGHES WY,VIA ORO,N,E,0,0,0,1,A,-,3,N,E,J,A,H,C,D,N,33.828628,-118.212559
20040317,1838,3,DEL AMO BL,ORANGE AV,Y,A,0,0,0,2,D,-,0,N,D,C,A,D,C,A,N,33.846917,-118.176842
20040317,1715,3,DELAMO,SANTA FE,N,A,0,0,0,2,A,-,7,N,B,C,A,H,A,A,N,33.846690,-118.211695
20040317,845,3,WARDLOW RD,BRAYTON AV,Y,A,0,0,0,2,A,-,9,N,D,C,A,H,A,D,N,33.818911,-118.175249
20040318,1330,4,BELLFLOWER BL,ATHERTON ST,N,A,0,0,0,2,A,-,8,M,B,C,A,H,A,D,Y,33.788526,-118.124399
20040318,212,4,REDONDO AV,7TH ST,Y,-,3,0,1,2,-,-,- ,N,B,G,A,H,-,A,Y,,
20040318,1150,4,THOMPSON ST,PARAMOUNT BL,N,A,0,0,0,2,D,-,0,F,B,C,A,D,A,A,N,33.881030,-118.160084
20040318,1711,4,LOCUST AV,LOCUST AV 1538,-,A,0,0,0,1,C,-,18,M,E,I,-,-,-,D,N,33.881030,-118.160084
20040318,1650,4,LONG BEACH BL,ALLINGTON ST,N,A,4,0,1,2,A,-,4,N,C,C,A,H,A,D,N,33.775344,-118.191080
20040318,200,4,3RD ST,PACIFIC,-,-,0,0,0,1,D,-,0,M,A,I,-,-,-,-,N,46.350080,-124.054569
20040318,1330,4,WALNUT AV,WALNUT AV 3267,-,A,0,0,0,2,A,-,8,N,B,E,A,H,A,D,N,33.782597,-118.171990
20040318,1730,4,CHERRY AV,CARSON ST,N,A,0,0,0,2,A,-,3,M,C,C,A,H,C,A,N,33.832430,-118.167628
20040318,745,4,TERMINO AV,11TH ST,Y,A,0,0,0,2,A,-,9,N,D,D,A,H,A,A,N,33.780766,-118.145882
20040318,825,4,E P C H,LOCUST AV,N,A,0,0,0,2,A,-,17,N,C,C,A,H,A,D,N,33.819494,-118.190751
20040318,1814,4,SANTA FE,25TH ST,Y,A,0,0,0,2,A,-,3,N,C,C,A,H,A,A,N,33.802344,-118.215378
20040318,1406,4,LOS COYOTES DR,FERRO ST,Y,A,0,0,0,2,A,-,- ,N,D,C,A,H,A,D,N,33.794824,-118.135756
20040318,1615,4,RT 405,PACIFIC AV,N,A,0,0,0,2,A,-,3,N,C,C,A,H,A,D,N,46.356782,-124.054189
20040318,1820,4,RT 405,SPRING ST,N,A,0,0,0,3,A,-,3,N,C,C,A,H,C,D,N,33.810673,-118.134847
20040318,1758,4,2ND ST,STUDEBAKER RD,N,A,0,0,0,3,D,-,0,N,B,C,A,H,C,A,N,33.759693,-118.103806
20040318,841,4,STEARNS ST,SAN ANSELINE AV,Y,A,0,0,0,3,A,-,9,N,D,A,A,H,A,A,N,33.796003,-118.121453
20040318,1100,4,7TH ST,LOCUST AV,N,A,0,0,0,2,A,-,7,N,D,C,A,H,A,D,N,33.775344,-118.191080
20040318,745,4,LONG BEACH BL,47TH ST,N,A,0,0,0,3,A,-,3,N,C,C,A,H,A,A,N,39.628519,-74.191946
20040318,200,4,ARTESIA BL,GAVIOTA,N,A,0,0,0,2,A,-,0,N,C,E,A,H,C,D,N,33.874706,-118.171950
20040318,901,4,WALNUT AV,P C H,N,A,3,0,1,2,A,-,5,N,A,C,A,H,A,D,N,33.811666,-118.171975
20040318,950,4,BELLFLOWER BL,ATHERTON ST,Y,A,3,0,1,2,A,-,21,N,G,B,A,H,A,D,N,33.788526,-118.124399
20040318,420,4,ALAMITOS,1ST,Y,A,0,0,0,2,A,-,8,N,D,C,A,H,A,D,N,,
20040318,1035,4,RT 405,ATLANTIC AV,N,A,3,0,2,2,A,-,3,N,C,C,A,H,A,A,N,39.576654,-74.226897
20040318,1120,4,RT 405,PALO VERDE,N,A,0,0,0,5,A,-,7,N,C,C,A,H,A,D,N,33.770050,-118.193739
20040319,740,5,7TH ST,REDONDO AV,Y,A,0,0,0,2,-,-,- ,M,B,C,A,H,A,-,Y,33.775338,-118.152417
20040319,340,5,HAZELBROOK AV,CENTRALIA ST,Y,A,3,0,1,2,A,-,1,N,E,I,A,A,C,A,Y,33.839600,-118.139251
20040319,645,5,RT 710,WILLOW ST,N,B,4,0,1,2,A,-,1,N,B,C,A,H,A,D,Y,33.770050,-118.193739
20040319,2124,5,CARSON ST,WOODRUFF AV,N,A,0,0,0,2,A,-,1,N,C,C,A,H,C,A,Y,33.832203,-118.116545
20040319,2352,5,PACIFIC COAST HWY,OREGON AV,N,A,4,0,1,1,A,-,1,N,A,I,A,H,C,D,Y,33.789865,-118.201008
20040319,2338,5,PACIFIC COAST HWY,ANAHEIM ST,Y,A,4,0,2,3,A,-,3,N,A,C,A,H,-,-,Y,33.782723,-118.132815
20040319,1830,5,7TH ST,MAGNOLIA,Y,A,0,0,0,2,A,-,8,N,D,C,-,-,B,-,N,33.775332,-118.198040
20040319,1959,5,MARKET ST,WALNUT AV,N,-,0,0,0,3,A,-,3,M,B,E,-,-,-,D,N,,
20040319,1745,5,ESTHER ST,LINDEN AV,N,A,0,0,0,2,A,-,5,N,B,C,A,H,B,D,N,33.788945,-118.186692
20040319,2030,5,PACIFIC COAST HWY,LONG BEACH BL,Y,-,0,0,0,2,A,-,3,M,C,C,-,-,-,A,N,33.789852,-118.189507
20040319,2500,5,RT 405,REDONDO AV,N,B,0,0,0,1,A,-,8,M,E,I,A,H,-,D,N,33.785760,-118.152415
20040319,1707,5,PACIFIC AV,HILL ST,N,A,0,0,0,2,A,-,21,N,C,C,A,H,A,D,N,33.797113,-118.193667
20040319,1248,5,CHERRY AV,ROOSEVELT RD,N,A,4,0,1,2,A,-,21,N,G,B,A,H,A,D,N,33.828931,-118.167723
20040319,751,5,CLARK AV,ATHERTON ST,Y,A,4,0,1,2,A,-,9,N,D,C,A,-,A,A,N,33.789799,-118.134039
20040319,826,5,DOWNEY AV,64TH ST,N,B,0,0,0,2,A,-,7,M,B,C,A,H,A,D,N,33.871105,-118.151259
20040319,726,5,ORANGE AV,WARDLOW RD,N,A,0,0,0,2,A,-,7,N,B,C,A,H,A,A,N,33.818916,-118.176327
20040319,1910,5,7TH ST,E CAMPUS DR,N,-,0,0,0,1,C,-,18,N,E,J,-,-,-,D,N,33.775231,-118.115290
20040319,1610,5,RT 91,PARAMOUNT BL,N,A,0,0,0,3,A,-,3,N,C,C,A,H,A,D,N,33.875856,-118.159275
20040319,640,5,RT 405,ALAMEDA ST,N,A,0,0,0,2,A,-,3,M,C,C,A,H,A,D,N,46.462508,-95.646979
20040319,623,5,RT 405,PACIFIC AV,-,A,0,0,0,2,A,-,3,N,C,C,A,H,A,D,N,46.356782,-124.054189
20040319,1630,5,7TH ST,TERMINO AV,Y,A,0,0,0,2,A,-,9,N,D,C,A,H,A,A,N,33.775331,-118.145888
20040319,1717,5,10TH ST,WALNUT AV,Y,A,0,0,0,2,A,-,12,N,D,C,A,H,A,A,N,33.778973,-118.171990
20040319,1025,5,PACIFIC COAST HWY,ANAHEIM ST,N,A,4,0,1,3,A,-,4,N,C,C,A,H,A,A,N,33.782723,-118.132815
20040319,822,5,7TH ST,NEBRASKA,N,A,0,0,0,2,A,-,- ,N,C,C,A,H,A,A,N,33.775354,-118.173640
20040320,25,6,LONG BEACH BL,ROOSEVELT RD,N,A,0,0,0,1,A,-,1,M,A,I,A,H,C,A,Y,33.828937,-118.189345
20040320,1530,6,PACIFIC COAST HWY,NEWPORT AV,N,A,0,0,0,2,A,-,21,M,H,E,A,H,A,D,N,33.789844,-118.151299
20040320,1143,6,E SPRING ST,W LOS COYOTES DIAG,N,A,0,0,0,2,A,-,21,M,H,C,A,H,A,A,N,33.810454,-118.117540
20040320,300,6,GUNDRY AV,LIGHT POLE GB1358,N,A,0,0,0,3,A,-,8,M,B,E,A,H,C,D,N,33.770050,-118.193739
20040320,2234,6,LEMON AV,21ST ST,N,A,0,0,0,2,A,-,7,M,B,E,A,H,C,D,N,33.795302,-118.178500
20040320,505,6,BELLFLOWER BL,STEARNS ST,N,B,0,0,0,1,D,-,0,M,A,I,A,H,C,A,N,33.796022,-118.125239
20040320,1430,6,4TH ST EAST,ZONA CT,Y,A,4,0,1,2,A,-,9,N,D,C,A,H,A,A,N,33.771722,-118.180603
20040320,1145,6,3RD ST,KENNEBEC AV,Y,A,3,0,1,2,A,-,9,N,A,C,A,H,A,A,N,33.768081,-118.163844
20040320,902,6,7TH ST,ALAMITOS,N,A,0,0,0,2,A,-,- ,N,B,C,A,H,A,D,N,33.775362,-118.180171
20040320,1042,6,10TH ST,CHERRY,Y,A,0,0,0,2,A,-,3,N,C,C,A,H,A,A,N,33.778975,-118.167665
20040320,2000,6,WILLOW,GOLDEN,Y,A,0,0,0,2,A,-,3,N,C,C,A,H,C,D,N,33.804332,-118.202405
20040320,946,6,CHERRY AV,DEL AMO BL,N,-,0,0,0,2,A,-,3,M,C,C,-,-,-,A,N,33.846859,-118.167613
20040320,1850,6,LONG BEACH BL,68TH WY,N,A,0,0,0,4,A,-,3,N,C,E,-,-,-,D,N,33.878496,-118.203954
20040320,1247,6,DAISY AV,48TH ST,N,A,0,0,0,2,A,-,8,N,A,E,A,H,A,D,N,,
20040320,646,6,ATLANTIC AV,55TH ST,N,A,0,0,0,4,A,-,8,N,D,E,A,H,B,A,N,33.856240,-118.184892
20040321,243,7,LOS CERRITOS PARK PL,COUNTRY CLUB DR,N,A,0,0,0,2,-,-,- ,N,C,E,A,H,D,D,Y,33.856240,-118.184892
20040321,2052,7,SAN ANTONIO,GOLDFIELD AV,N,A,0,0,0,2,A,-,1,N,B,E,A,H,A,D,Y,33.825394,-118.198087
20040321,2254,7,PACIFIC COAST HWY,LONG BEACH BL,N,A,0,0,0,2,A,-,1,M,C,C,A,H,C,A,Y,33.789852,-118.189507
20040321,19,7,SOUTH ST,PARAMOUNT BL,N,A,2,0,3,2,A,-,1,N,D,C,A,H,C,-,Y,33.789852,-118.189507
20040321,201,7,RT 710,6TH ST,N,A,1,2,3,2,A,-,5,N,A,C,A,H,C,D,Y,33.860173,-118.159958
20040321,1403,7,4TH ST,OHIO AV,N,A,0,0,0,2,A,-,8,M,B,E,A,H,A,D,N,33.860173,-118.159958
20040321,1823,7,E 52ND ST,E 52ND ST 1963,N,A,4,0,1,2,A,-,3,M,C,C,A,H,C,D,N,33.850470,-118.195138
20040321,720,7,RT 710,WILLOW ST,N,A,0,0,0,2,A,-,7,M,E,J,A,H,A,D,N,33.770050,-118.193739
20040321,2040,7,RT 605,SPRING ST,N,A,0,0,0,1,A,-,8,N,E,C,A,H,C,D,N,,
20040321,1700,7,6TH ST,VIRGINIA CT,N,A,2,0,1,2,A,-,9,N,D,G,A,H,A,D,N,33.774130,-118.197204
20040321,854,7,4TH ST,CHESTNUT AV,Y,B,0,0,0,2,A,-,9,N,D,C,A,H,A,A,N,33.771709,-118.196372
20040321,1733,7,PENFOLD ST,LEWIS AV,-,A,3,0,1,2,A,-,9,N,G,G,A,H,A,D,N,33.877300,-118.180181
20040321,925,7,RT 605,WARDLOW RD,N,A,4,0,1,1,A,-,8,N,E,I,A,H,A,D,N,33.818749,-118.130842
20040321,2030,7,LONG BEACH BL,WILLOW,Y,A,0,0,0,2,A,-,3,N,C,C,A,H,C,A,N,33.804424,-118.189443
20040321,421,7,REDONDO AV,14TH ST,N,A,3,0,1,4,A,-,8,N,B,C,A,H,C,D,N,33.784364,-118.152401
20040321,1509,7,GRAND AV,N 10TH ST,N,A,0,0,0,2,A,-,9,N,A,C,A,G,A,D,N,33.784364,-118.152401
20040321,852,7,ORIZABA AV,ARTESIA BL,N,A,0,0,0,2,A,-,21,M,C,C,A,H,C,D,N,33.874754,-118.157833
20040321,1630,7,PACIFIC COAST HWY,STUDEBAKER RD,Y,A,4,0,1,2,A,-,- ,N,D,G,A,H,A,A,N,33.753819,-118.107230
20040321,1320,7,ATLANTIC AV,WARDLOW RD,Y,A,4,0,1,2,A,-,3,N,C,C,A,H,A,A,N,33.818910,-118.185015
20040321,420,7,RT 710,DEL AMO BL,N,A,4,0,1,2,A,-,8,N,E,I,A,H,D,D,N,33.847073,-118.130810
20040322,929,1,PACIFIC COAST HWY,STUDEBAKER RD,N,A,4,0,1,2,A,-,3,N,C,C,A,-,A,D,Y,33.753819,-118.107230
20040322,600,1,RT 710,PACIFIC COAST HWY,N,B,0,0,0,1,A,-,1,N,E,I,A,H,A,D,Y,33.789863,-118.166885
20040322,2056,1,OBISPO AV,POPPY,N,A,0,0,0,2,A,-,7,N,C,E,A,D,C,D,Y,33.868626,-118.155590
20040322,1752,1,PACIFIC COAST HWY,PARK AV,N,A,0,0,0,4,A,-,7,M,B,E,A,H,C,D,N,33.786033,-118.137053
20040322,825,1,7TH ST,FEDERATION DR,N,A,0,0,0,2,A,-,17,M,D,G,A,H,A,D,N,33.775326,-118.134723
20040322,1600,1,PALO VERDE AV,S WARDLOW RD,N,A,0,0,0,2,A,-,7,N,B,C,A,H,A,A,N,33.818859,-118.107822
20040322,1906,1,LONG BEACH BL,PACIFIC COAST HWY,N,A,4,0,1,2,A,-,15,M,G,B,A,H,C,A,N,33.789852,-118.189507
20040322,815,1,SAINT LOUIS AV,4TH ST,N,B,0,0,0,2,A,-,6,N,B,C,A,H,A,D,N,33.789852,-118.189507
20040322,255,1,SANTA FE,WARDLOW RD,Y,A,4,0,1,1,A,-,8,N,A,I,A,H,C,A,N,,
20040322,1840,1,6TH ST,LIME,N,A,0,0,0,2,A,-,7,N,C,E,A,H,A,D,N,33.774144,-118.183694
20040322,1505,1,WARDLOW RD,ORANGE AV,Y,A,0,0,0,3,A,-,4,N,C,C,A,H,A,A,N,33.818916,-118.176327
20040322,1334,1,PACIFIC COAST HWY,LOCUST AV,N,A,3,0,1,2,A,-,11,N,G,B,A,H,A,A,N,33.789849,-118.191081
20040322,1732,1,PACIFIC COAST HWY,LEWIS AV,N,A,0,0,0,2,A,-,9,N,D,C,A,H,A,D,N,33.789867,-118.179607
20040323,700,2,WARDLOW RD,OLIVE,Y,B,0,0,0,1,D,-,0,M,-,J,A,H,A,D,Y,33.818912,-118.182680
20040323,1854,2,LONG BEACH BL,COLUMBIA ST,-,A,0,0,0,2,A,-,3,M,C,C,A,H,C,A,N,33.809081,-118.189357
20040323,1610,2,FREEMAN AV,17TH ST,N,A,0,0,0,2,A,-,8,N,A,E,A,H,A,D,N,33.788040,-118.155674
20040323,1749,2,2ND ST,E ORANGE AV,N,A,0,0,0,3,A,-,8,M,A,E,A,H,A,D,N,33.767841,-118.176970
20040323,1245,2,ANAHEIM ST,SANTA FE AV,Y,B,0,0,0,2,A,-,4,N,-,C,A,H,A,A,N,33.782806,-118.215490
20040323,1740,2,LONG BEACH BL,36TH ST,Y,A,0,0,0,2,A,-,12,N,D,C,A,H,C,A,N,39.633820,-74.188146
20040323,1638,2,PINE AV,BROADWAY,Y,A,0,0,0,2,A,-,3,N,C,C,A,H,A,D,N,40.626710,-73.714487
20040323,1145,2,STUDEBAKER RD,WARDLOW RD,Y,B,4,0,1,2,A,-,8,N,D,C,A,H,A,A,N,33.818891,-118.099082
20040323,1655,2,BROADWAY,OBISPO AV,N,A,3,0,1,2,A,-,17,N,H,G,A,H,A,D,N,33.764584,-118.154608
20040323,1209,2,DEL AMO BL,RT 710,N,A,4,0,1,3,A,-,3,N,C,C,A,H,A,D,N,33.845418,-118.183855
20040323,800,2,ANAHEIM ST,PACIFIC AV,N,A,4,0,1,2,A,-,12,N,G,B,A,H,A,A,N,33.782594,-118.193733
20040323,1005,2,'PINE AV,3RD ST,N,B,3,0,1,2,A,-,17,N,H,E,A,H,A,D,N,33.782594,-118.193733
20040323,620,2,RT 405,TEMPLE AV,N,B,0,0,0,3,A,-,4,N,C,C,A,H,A,D,N,34.145957,-118.417898
20040323,1816,2,15TH ST,ORANGE AV,Y,A,4,0,1,2,-,-,- ,N,D,-,A,H,A,A,N,33.786233,-118.176339
20040323,1845,2,SPRING ST,WOODRUFF AV,Y,A,0,0,0,2,A,-,9,N,D,C,A,H,C,A,N,33.810576,-118.114478
20040323,1541,2,MAGNOLIA AV,9TH ST,Y,A,3,0,2,2,-,-,- ,N,D,C,A,H,A,A,N,33.777747,-118.198037
20040323,1140,2,RT 405,RT 710,N,B,3,0,2,1,A,-,8,N,E,I,A,H,A,D,N,46.462508,-95.646979
20040323,1420,2,MONLACO ST,VOLK AV,N,B,0,0,0,3,A,-,21,N,C,C,A,H,A,D,N,33.822076,-118.094682
20040323,1723,2,GERARD DESMOND BR,RT 47,N,A,4,0,1,2,A,-,4,N,C,C,A,H,A,D,N,33.764360,-118.221503
20040323,1655,2,PCH,CHESTNUT,Y,A,4,0,1,2,A,-,9,N,D,C,A,H,A,A,N,33.789861,-118.196387
20040323,1333,2,MARTIN LUTHER KING,15TH ST,Y,A,0,0,0,2,A,-,9,N,D,C,A,H,A,A,N,33.789861,-118.196387
20040323,1531,2,DEL AMO BL,LONG BEACH BL,N,A,0,0,0,3,A,-,4,N,C,C,A,H,A,D,N,33.846735,-118.193744
20040324,738,3,RT 710,ARTESIA BL,N,B,0,0,0,2,A,-,1,M,B,C,A,H,A,D,Y,33.873075,-118.068043
20040324,1555,3,CEDAR AV,15TH ST,N,A,0,0,0,2,A,-,1,M,A,D,-,-,-,A,Y,33.786226,-118.195055
20040324,740,3,RT 710,LONG BEACH BL,N,A,0,0,0,2,A,-,1,M,B,C,A,H,A,D,Y,33.823693,-118.189369
20040324,137,3,4TH ST,OHIO AV,N,A,4,0,1,2,A,-,7,N,C,E,A,H,C,D,Y,,
20040324,1545,3,RT 710,WILLOW ST,N,A,0,0,0,1,C,-,18,N,E,J,A,H,A,D,N,33.770050,-118.193739
20040324,1355,3,RT 91,ATLANTIC BL,N,A,2,0,1,2,A,-,7,N,B,C,A,H,A,D,N,33.874843,-118.193412
20040324,845,3,RT 91,ATLANTIC BL,N,A,0,0,0,2,A,-,3,N,C,C,A,H,A,D,N,33.874843,-118.193412
20040324,13,3,RT 405,BELLFLOWER BL,N,A,0,0,0,2,A,-,7,M,B,C,A,H,C,D,N,33.769086,-118.120973
20040324,1920,3,BELLFLOWER BL,23RD ST,N,-,0,0,0,2,A,-,4,M,C,C,-,-,-,D,N,33.799024,-118.125198
20040324,1353,3,ORANGE AV,SAN ANTONIO DR,Y,A,4,0,1,3,A,-,9,F,D,C,A,H,A,A,N,33.841566,-118.176305
20040324,1327,3,DEL AMO BL,ATLANTIC AV,Y,A,0,0,0,2,A,-,7,N,B,C,A,H,A,A,N,33.845292,-118.184880
20040324,1624,3,68TH ST,LONG BEACH BL,N,A,0,0,0,2,A,-,17,N,B,C,A,H,A,D,N,33.877681,-118.203712
20040324,1219,3,PALO VERDE BL,BAYARD ST,Y,A,0,0,0,2,A,-,9,N,D,C,A,H,A,A,N,33.793759,-118.107936
20040324,736,3,ORANGE,BANNER DR,Y,A,3,0,2,2,A,-,3,N,C,C,A,H,A,D,N,,
20040324,835,3,RT 605,WARDLOW ST,N,B,0,0,0,2,A,-,7,M,B,C,A,H,A,D,N,33.818749,-118.130842
20040324,945,3,BROADWAY,TEMPLE AV,N,A,0,0,0,2,A,-,17,N,B,E,A,H,A,D,N,33.765505,-118.158946
20040324,639,3,SOLONO CT,CYPRESS WY,Y,A,0,0,0,2,A,-,9,N,D,C,A,H,A,D,N,33.777076,-118.195071
20040324,2044,3,6TH ST,PINE AV,Y,A,0,0,0,2,A,-,8,N,B,C,A,H,C,A,N,33.774121,-118.192392
20040324,710,3,TERMINO AV,11TH ST,Y,A,4,0,1,2,A,-,12,N,D,D,A,H,A,A,N,33.780766,-118.145882
20040324,1235,3,E ANAHEIM,ST LOUIS,N,A,0,0,0,2,A,-,3,N,C,C,A,H,A,D,N,33.780766,-118.145882
20040324,1600,3,RT 405,REDONDO AV,N,A,0,0,0,3,A,-,3,N,C,C,A,H,A,D,N,33.785760,-118.152415
20040325,2337,4,XIMENO AV,ANAHEIM ST,N,A,0,0,0,3,A,-,1,N,C,E,A,H,C,D,Y,33.782595,-118.141530
20040325,1317,4,BELLFLOWER,27TH ST,Y,A,3,0,1,4,A,-,3,F,C,C,A,H,A,A,Y,33.805059,-118.125192
20040325,27,4,PINE AV,PLATT ST,N,A,0,0,0,2,A,-,5,N,A,C,A,H,C,D,Y,33.851144,-118.191723
20040325,330,4,ATHERTON ST,ELMFIELD AV,N,A,0,0,0,2,A,-,7,N,B,C,A,H,C,D,Y,33.788488,-118.129683
20040325,1620,4,RT 405,BELLFLOWER BL,N,A,0,0,0,2,A,-,3,N,C,C,A,H,A,D,N,33.769086,-118.120973
20040325,1135,4,RT 405,PACIFIC AV,N,A,0,0,0,2,A,-,3,N,C,C,A,H,A,D,N,46.356782,-124.054189
20040325,1245,4,RT 405,BELLFLOWER BL,N,A,0,0,0,3,A,-,3,N,C,C,A,H,A,D,N,33.769086,-118.120973
20040325,710,4,20TH ST,FASHION,N,A,0,0,0,2,A,-,8,F,B,C,A,H,A,A,N,33.793488,-118.208941
20040325,740,4,4TH ST,ORANGE AV,N,A,0,0,0,2,A,-,8,F,C,E,A,H,A,D,N,33.771718,-118.176357
20040325,710,4,7TH ST,CEDAR AV,Y,A,0,0,0,3,A,-,7,M,B,E,A,H,A,A,N,33.775335,-118.195071
20040325,523,4,LIME AV,7TH ST,N,A,0,0,0,1,D,-,0,M,A,I,A,H,B,A,N,33.775361,-118.183695
20040325,2329,4,6TH ST,CEDAR AV,Y,B,4,0,1,3,A,-,12,M,D,C,A,H,C,A,N,33.774122,-118.195066
20040325,1442,4,GAVIOTA AV,10TH ST,N,A,4,0,1,3,A,-,3,N,A,E,A,H,A,D,N,33.778972,-118.170906
20040325,1658,4,DEL AMO BL,DAISY AV,Y,A,0,0,0,3,A,-,3,N,C,C,A,H,A,A,N,33.846577,-118.198653
20040325,1920,4,CHERRY AV,DELAMO,N,A,0,0,0,2,A,-,4,N,C,C,A,H,C,A,N,33.846859,-118.167613
20040325,1530,4,ANAHEIM ST,CLARK AV,Y,A,3,0,1,2,A,-,9,N,D,G,A,H,A,D,N,33.782583,-118.134160
20040325,2010,4,XIMENO AV,EAST 10TH ST,N,A,2,0,1,2,A,-,11,N,G,B,A,H,C,A,N,33.778959,-118.141544
20040325,1540,4,STUDEBAKER RD,ATHERTON ST,Y,A,0,0,0,2,A,-,9,N,D,C,A,H,A,A,N,33.788723,-118.099362
20040325,1415,4,SPRING ST,PALO VERDE AV,Y,A,0,0,0,3,A,-,12,N,D,C,A,H,A,A,N,33.810426,-118.107869
20040325,1810,4,REDONDO,WILLOW,N,A,0,0,0,2,A,-,12,N,B,C,A,H,C,A,N,33.804499,-118.151349
20040325,1717,4,CLARK,DEL AMO AV,N,A,0,0,0,2,A,-,7,N,B,C,A,E,A,D,N,33.847152,-118.133777
20040325,743,4,ANAHEIM ST,CHESTNUT AV,N,A,0,0,0,2,A,-,8,N,B,C,A,H,A,D,N,33.782606,-118.196366
20040325,1440,4,ATLANTIC AV,RT 91,Y,A,0,0,0,2,A,-,7,M,C,C,A,H,A,A,N,33.874843,-118.193412
20040325,1635,4,ORANGE AV,52ND ST,N,A,4,0,1,2,A,-,3,N,C,C,A,H,A,D,N,33.850061,-118.177157
20040325,1639,4,DEL AMO,ATLANTIC AV,Y,A,0,0,0,2,A,-,3,N,C,C,A,H,A,A,N,33.845292,-118.184880
20040325,800,4,CHERRY AV,32ND ST,N,A,0,0,0,2,A,-,3,N,C,D,A,H,A,D,N,33.815220,-118.167686
20040325,1454,4,ARTESIA BL,OLIVE AV,N,A,0,0,0,2,A,-,21,N,B,C,A,H,A,D,N,33.874521,-118.182803
20040325,2254,4,ARTESIA BL,GARDENIA AV,Y,A,2,0,1,2,A,-,10,N,G,B,A,H,C,A,N,33.874721,-118.169765
20040325,752,4,RT 1,RESERVOIR AV,N,A,0,0,0,2,A,-,3,N,C,C,A,H,A,D,N,33.874721,-118.169765
20040325,2313,4,DELTA AV,HILL,N,A,0,0,0,1,A,-,13,M,E,J,A,H,C,D,N,33.797111,-118.211084
20040325,1331,4,GUNDRY AV,ANAHEIM ST,-,A,0,0,0,2,A,-,21,N,D,C,A,H,A,D,N,33.782598,-118.174165
20040325,1715,4,ARTESIA BL,BUTLER,N,A,0,0,0,2,A,-,3,N,C,C,A,H,C,A,N,33.874350,-118.196925
20040325,1630,4,CHERRY AV,4TH,N,A,0,0,0,2,-,-,- ,M,C,A,A,H,A,D,N,33.771715,-118.167682
20040325,1131,4,RT 405,PACIFIC AV,N,A,2,0,3,12,A,-,5,N,A,C,A,H,A,A,N,46.356782,-124.054189
20040325,1813,4,OCEAN BL,PACIFIC AV,Y,A,0,0,0,2,A,-,9,N,D,C,A,H,C,A,N,33.767163,-118.193727
20040326,2015,5,PCH,LONG BEACH BL,N,A,4,0,1,3,A,-,3,M,C,C,A,H,C,A,Y,33.789852,-118.189507
20040326,2336,5,OCEAN BL,71ST PL,N,A,0,0,0,1,A,-,1,N,E,I,A,H,C,D,Y,33.745735,-118.117634
20040326,1955,5,RT 710,RT 91,N,A,3,0,1,3,A,-,8,N,D,C,D,H,A,D,N,33.770050,-118.193739
20040326,1615,5,RT 405,SPRING ST,N,A,0,0,0,2,A,-,3,N,C,C,A,H,A,A,N,33.810673,-118.134847
20040326,125,5,3RD ST,PACIFIC AV,Y,A,0,0,0,2,A,-,7,N,B,C,A,H,C,A,N,46.350080,-124.054569
20040326,300,5,16TH ST,ORIZABA,N,B,0,0,0,3,A,-,13,F,B,E,A,H,C,D,N,33.787126,-118.156749
20040326,716,5,LONG BEACH BL,69TH WY,-,A,0,0,0,2,A,-,12,M,A,C,A,H,A,A,N,33.880115,-118.204435