COLLISION_DATE,COLLISION_TIME,DAY_OF_WEEK,PRIMARY_RD,SECONDARY_RD,INTERSECTION,WEATHER_1,COLLISION_SEVERITY,NUMBER_KILLED,NUMBER_INJURED,PARTY_COUNT,PRIMARY_COLL_FACTOR,PCF_CODE_OF_VIOL,PCF_VIOL_CATEGORY,HIT_AND_RUN,TYPE_OF_COLLISION,MVIW,ROAD_SURFACE,ROAD_COND_1,LIGHTING,CONTROL_DEVICE,ALCOHOL_INVOLVED,LATITUDE,LONGITUDE
20040528,1800,5,7TH ST,ALAMITOS AV,Y,A,0,0,0,3,A,-,9,N,D,C,A,H,A,A,N,33.775362,-118.180171
20040528,2210,5,OCEAN BL,CHERRY AV,Y,A,0,0,0,2,A,-,9,N,D,C,A,H,C,A,N,33.764487,-118.168426
20040528,1605,5,HARBOR AV,ANAHEIM ST,Y,A,0,0,0,2,D,-,0,N,B,C,A,H,A,A,N,33.782770,-118.210487
20040528,1728,5,4TH ST,NEWPORT,N,A,4,0,2,2,A,-,12,N,D,C,A,H,A,A,N,33.771704,-118.151328
20040528,1315,5,ATLANTIC AV,20TH ST,Y,A,3,0,1,2,D,-,0,N,D,C,A,H,A,A,N,33.793484,-118.185020
20040528,1910,5,10TH ST,REDONDO AV,-,A,4,0,1,2,-,-,- ,N,G,B,A,H,A,A,N,33.778965,-118.152415
20040528,1742,5,67TH ST,WALNUT AV,N,B,0,0,0,2,A,-,6,N,D,C,A,H,A,D,N,33.876449,-118.173048
20040528,1657,5,REDONDO,STEARNS,Y,A,0,0,0,2,A,-,9,N,D,C,A,H,A,A,N,33.796109,-118.151429
20040528,2044,5,BROADWAY,PACIFIC AV,Y,A,4,0,2,2,A,-,7,N,D,C,A,H,C,A,N,33.769264,-118.193812
20040528,1413,5,PACIFIC COAST HWY,CASPIAN AV,N,A,0,0,0,2,D,-,0,N,C,-,A,H,A,D,N,33.789918,-118.212178
20040528,1333,5,NORSE WY,LAKEWOOD BL,Y,A,0,0,0,2,A,-,4,N,C,C,A,H,A,D,N,,
20040528,1730,5,EAST PACIFIC COAST HWY,LOS ALTOS AV,Y,A,3,0,2,2,A,-,3,N,C,C,A,H,A,D,N,33.777181,-118.125222
20040529,2204,6,PARAMOUNT BL,57TH ST,N,A,1,1,0,3,A,-,11,N,G,B,A,H,C,D,Y,33.859330,-118.159850
20040529,40,6,PACIFIC COAST HWY,ATLANTIC AV,N,B,0,0,0,2,A,-,4,N,C,C,A,H,C,D,N,33.859330,-118.159850
20040529,1533,6,REDONDO AV,AIRPORT WY,Y,A,0,0,0,2,A,-,7,M,B,I,A,H,A,D,N,33.808478,-118.151353
20040529,1125,6,LONG BEACH BL,PACIFIC COAST HWY,N,A,0,0,0,4,A,-,3,M,B,E,A,H,A,D,N,33.789852,-118.189507
20040529,2035,6,WILLOW ST,PACIFIC AV,N,A,0,0,0,2,A,-,9,M,D,C,A,H,C,A,N,33.804440,-118.193717
20040529,1845,6,SUNSET ST,SUNSET ST 485,-,A,0,0,0,2,A,-,21,M,D,E,A,H,A,D,N,33.997826,-118.470010
20040529,1405,6,HUNGERFORD,FALCON,Y,A,0,0,0,2,-,-,- ,M,D,C,A,H,A,D,N,33.862844,-118.174437
20040529,1040,6,RT 405,CHERRY AV,N,A,0,0,0,2,A,-,3,N,C,A,A,H,A,A,N,33.823170,-118.167726
20040529,2251,6,TERMINO AV,BROADWAY AV,Y,A,0,0,0,2,A,-,0,M,B,C,A,H,C,D,N,33.764453,-118.145906
20040529,1722,6,HAMMOND AV,67TH WY,N,A,0,0,0,2,-,-,- ,M,A,C,A,H,A,D,N,33.877321,-118.156785
20040529,1900,6,49TH,OREGON,Y,A,0,0,0,2,D,-,0,M,B,C,-,H,B,D,N,33.844809,-118.200205
20040529,1341,6,LOS COYOTES DIAGONAL,CARSON ST,N,B,0,0,0,2,A,-,3,N,C,C,A,H,A,D,N,33.832134,-118.098846
20040529,1830,6,DELTA AV,29TH ST,N,A,3,0,1,2,A,-,8,N,A,C,A,H,A,D,N,33.809839,-118.211096
20040529,1304,6,APPLETON ST,GAVIOTA AV,Y,A,4,0,1,2,A,-,17,N,A,C,A,H,A,A,N,33.768361,-118.171375
20040529,1335,6,7TH ST,REDONDO AV,Y,A,0,0,0,2,A,-,9,N,D,C,A,H,A,A,N,33.775338,-118.152417
20040529,1657,6,6TH ST,LIME AV,Y,A,0,0,0,2,A,-,7,N,B,C,A,H,A,A,N,33.774144,-118.183694
20040529,1814,6,PACIFIC AV,6TH ST,N,A,3,0,1,2,A,-,9,N,D,G,A,H,A,D,N,33.774115,-118.193806
20040529,250,6,RT 710,PACIFIC COAST HWY,N,A,0,0,0,2,A,-,3,N,C,C,A,H,C,D,N,33.789863,-118.166885
20040530,232,7,ANAHEIM ST,ALAMITOS AV,Y,A,0,0,0,2,A,-,4,N,C,C,A,H,C,A,Y,,
20040530,1630,7,LONG BEACH BL,52ND ST,Y,A,0,0,0,2,A,-,3,M,C,C,A,H,A,D,N,39.626123,-74.193665
20040530,1900,7,ORANGE AV,GOLDFIELD AV,N,A,0,0,0,1,-,-,- ,N,E,I,A,H,A,D,N,39.626123,-74.193665
20040530,1244,7,TEMPLE AV,6TH ST,Y,A,0,0,0,2,A,-,9,N,D,C,A,H,A,A,N,33.773520,-118.158939
20040530,1802,7,BAY SHORE AV,LIGHT POLE SC1446,N,A,3,0,1,2,A,-,11,N,G,B,A,H,A,A,N,33.773520,-118.158939
20040530,2100,7,7TH ST,E CAMPUS DR,Y,A,4,0,1,3,A,-,- ,N,C,C,A,H,A,A,N,33.775231,-118.115290
20040530,2110,7,RT 605,SPRING ST,N,A,0,0,0,4,A,-,7,M,B,C,A,H,D,D,N,33.810673,-118.134847
20040531,1602,1,E 2ND,E 2ND 2525,-,A,0,0,0,2,A,-,5,M,B,C,A,H,A,D,Y,41.721683,-86.899528
20040531,2100,1,CHERRY AV,7TH ST,Y,A,0,0,0,2,A,-,1,N,A,C,A,H,C,A,Y,33.775344,-118.167669
20040531,1243,1,LONG BEACH BL,5TH ST,N,A,4,0,2,2,A,-,3,N,C,C,A,H,A,A,N,33.772640,-118.189467
20040531,1211,1,LONG BEACH BL,CARSON,N,A,0,0,0,2,A,-,16,M,H,I,A,H,A,-,N,,
20040531,2056,1,3RD ST,LINDEN AV,N,A,0,0,0,3,A,-,7,M,B,E,A,H,C,A,N,33.770499,-118.186365
20040531,1845,1,ARBOR RD,FACULTY AV,N,A,0,0,0,2,A,-,6,M,B,C,A,H,A,D,N,33.770499,-118.186365
20040531,2155,1,SANTA FE AV,PACIFIC COAST HWY,Y,A,0,0,0,2,-,-,- ,N,D,C,A,H,C,A,N,33.843059,-118.137124
20040531,1838,1,21ST ST,PASADENA,Y,A,0,0,0,2,-,-,- ,N,H,C,A,H,A,D,N,33.843059,-118.137124
20040531,1136,1,8TH ST,CHERRY,N,A,4,0,2,3,A,-,8,N,D,C,A,H,A,D,N,33.795304,-118.187198
20040531,1430,1,STUDEBAKER RD,LOYNES DR,N,A,4,0,6,3,A,-,3,N,C,C,A,H,A,D,N,33.795304,-118.187198
20040531,152,1,MEZZANINE WY,W MARWICK AV,N,A,3,0,2,1,A,-,3,N,A,I,A,H,C,D,N,33.815287,-118.122404
20040531,2012,1,INDIANA,67TH,N,A,3,0,1,2,A,-,9,N,H,G,A,H,A,D,N,33.877435,-118.153468
20040601,945,2,LONG BEACH BL,MEMORIAL MEDICAL CTR,N,A,0,0,0,4,A,-,8,N,C,-,-,H,-,D,N,33.877435,-118.153468
20040601,1654,2,WILLOW ST,CLARK AV,N,A,0,0,0,2,A,-,12,N,D,C,A,H,A,A,N,,
20040601,1600,2,WARDLOW RD,CALIFORNIA AV,Y,A,4,0,4,2,A,-,9,N,D,C,A,H,A,A,N,,
20040601,1725,2,ALAMITOS AV,ARCADIA CT,Y,A,4,0,1,2,A,-,7,N,D,C,A,H,A,D,N,,
20040601,1650,2,RT 710,PACIFIC COAST HWY,N,A,0,0,0,2,A,-,3,N,C,C,A,H,A,D,N,33.789863,-118.166885
20040601,1420,2,ATLANTIC AV,HILL ST,N,A,0,0,0,2,A,-,3,M,C,C,A,H,A,A,N,33.789863,-118.166885
20040601,1255,2,JUNIPERO ST,ANAHEIM ST,N,A,0,0,0,2,A,-,8,M,B,C,A,H,A,A,N,33.797124,-118.185032
20040601,1140,2,LOS COYOTES DIAGONAL,PARK AV,N,A,4,0,1,2,A,-,8,N,E,C,A,H,A,D,N,33.793117,-118.138230
20040601,1216,2,LONG BEACH BL,ROSEVELT,N,A,4,0,3,2,A,-,3,N,C,C,A,H,A,D,N,33.793117,-118.138230
20040601,530,2,RT 91,ATLANTIC BL,N,A,0,0,0,2,A,-,7,N,B,C,A,H,B,D,N,33.874843,-118.193412
20040601,1347,2,PARAMOUNT BL,RT 91,-,A,0,0,0,2,A,-,3,N,C,-,A,H,A,A,N,33.874843,-118.193412
20040601,1939,2,CHERRY AV,RT 91,Y,A,0,0,0,2,D,-,0,N,D,C,A,H,A,A,N,,
20040601,1446,2,PACIFIC COAST HWY,HAYES AV,Y,A,0,0,0,2,A,-,7,N,D,C,A,H,A,D,N,33.876334,-118.167205
20040601,2147,2,10TH ST,GAVIOTA AV,N,A,0,0,0,2,A,-,4,N,C,C,A,H,C,D,N,33.876334,-118.167205
20040601,1024,2,ANAHEIM RD,CHERRY AV,N,A,0,0,0,3,A,-,3,N,-,C,A,H,A,A,N,33.876334,-118.167205
20040601,1045,2,ESTHER ST,E GRAND AV,N,A,0,0,0,2,A,-,7,N,B,E,A,E,A,D,N,33.778972,-118.170906
20040601,1513,2,RT 710,RT 405,N,A,4,0,1,2,A,-,17,N,D,J,A,H,A,D,N,33.770050,-118.193739
20040601,135,2,RT 605,CARSON ST,N,A,0,0,0,2,A,-,6,M,B,C,A,H,C,D,N,33.832262,-118.135654
20040601,750,2,RT 710,WILLOW ST,N,A,4,0,1,5,A,-,3,F,C,C,A,H,A,D,N,33.770050,-118.193739
20040602,2310,3,RT 405,CALIFORNIA AV,N,A,0,0,0,1,A,-,1,N,E,I,A,H,C,D,Y,34.168501,-118.605754
20040602,1235,3,BELLFLOWER,WARDLOW RD,Y,A,0,0,0,2,A,-,8,N,D,C,A,H,A,A,N,34.168501,-118.605754
20040602,1344,3,7TH ST,W CAMPUS DR,N,A,0,0,0,2,A,-,3,N,C,C,-,H,A,A,N,,
20040602,828,3,LONG BEACH BL,31ST ST,N,A,0,0,0,2,A,-,8,N,B,C,A,H,A,D,N,39.582662,-74.226500
20040602,1910,3,7TH ST,REDONDA,N,A,4,0,1,2,A,-,9,N,D,C,A,H,A,A,N,33.775338,-118.152417
20040602,825,3,RT 710,PACIFIC COAST HWY,N,A,0,0,0,2,A,-,3,M,C,C,A,H,A,D,N,33.789863,-118.166885
20040602,1645,3,RT 710,CARSON ST,N,A,0,0,0,3,A,-,3,N,C,C,A,H,A,D,N,33.832262,-118.135654
20040602,855,3,RT 770,WARDLOW RD,N,A,0,0,0,2,A,-,- ,N,B,C,A,H,A,D,N,33.818749,-118.130842
20040602,1815,3,WILLOW ST,REDONDO BL,N,A,0,0,0,2,A,-,4,M,B,C,A,H,A,A,N,33.804499,-118.151349
20040602,1905,3,17TH ST,JUNIPERO AV,N,A,0,0,0,1,A,-,3,M,E,I,A,H,A,D,N,33.804499,-118.151349
20040602,1400,3,MAGNOLIA AV,25TH ST,Y,A,0,0,0,2,A,-,9,M,D,C,A,H,A,A,N,33.802566,-118.198088
20040602,1217,3,BELLFLOWER,BELLFLOWER 2080,-,A,0,0,0,2,B,-,22,M,B,C,A,H,A,D,N,33.847052,-118.125160
20040602,1717,3,NORSE WY,VILLAGE,N,A,0,0,0,2,A,-,6,N,B,C,A,H,A,D,N,33.833272,-118.141659
20040602,850,3,ANAHEIM,OBISPO AV,Y,A,0,0,0,2,A,-,12,N,D,C,A,H,A,A,N,33.782605,-118.154580
20040602,1155,3,LEMON AV,NEW YORK ST,N,A,0,0,0,1,A,-,21,N,E,I,A,H,A,D,N,33.784869,-118.179028
20040602,1739,3,LOS COYOTES DIAGONAL,LOS COYOTES DIAGONAL 3320,-,A,0,0,0,1,A,-,7,N,A,I,A,H,A,D,N,33.829263,-118.100024
20040602,1950,3,PACIFIC COAST HWY,7TH ST,N,A,0,0,0,2,A,-,0,N,D,E,A,H,B,D,N,33.775387,-118.122914
20040602,1728,3,PACIFIC COAST HWY,CORONADO,N,A,3,0,2,2,A,-,- ,N,D,C,A,H,A,D,N,33.789864,-118.152981
20040602,1031,3,SOUTH ST,PARAMOUNT BL,Y,A,0,0,0,2,A,-,9,N,D,C,A,H,A,A,N,33.860173,-118.159958
20040602,2500,3,4TH ST,ROSWELL,N,A,0,0,0,3,A,-,- ,N,B,E,A,H,A,D,N,33.771711,-118.143733
20040602,1910,3,RT 91,PARAMOUNT BL,N,A,0,0,0,2,A,-,3,N,C,C,A,H,A,D,N,33.875856,-118.159275
20040602,1220,3,RT 105,MERKEL AV,N,A,0,0,0,2,A,-,3,N,C,C,A,H,A,D,N,33.770050,-118.193739
20040602,1023,3,RT 710,DEL AMO BL,N,A,0,0,0,3,A,-,3,N,C,C,A,H,A,D,N,33.847073,-118.130810
20040602,827,3,MARTIN LUTHER KING JR BL,NEW YORK ST,Y,A,0,0,0,2,D,-,0,N,B,C,A,H,A,A,N,33.784879,-118.180687
20040602,1220,3,PACIFIC COAST HWY,LEMON AV,Y,A,3,0,1,2,A,-,9,N,D,G,A,H,A,D,N,33.789858,-118.178418
20040602,1530,3,RT 710,RT 91,N,A,0,0,0,3,A,-,3,N,C,C,A,H,A,D,N,33.770050,-118.193739
20040603,250,4,RT 710,ARTESIA BL,N,A,0,0,0,2,A,-,- ,M,B,C,A,H,D,D,Y,33.873075,-118.068043
20040603,1745,4,RT 710,ARTESIA BL,N,A,4,0,1,2,A,-,3,F,C,C,A,H,A,D,Y,33.873075,-118.068043
20040603,1500,4,SPRING ST,SNOWDEN AV,Y,A,0,0,0,2,A,-,9,N,D,C,A,H,A,A,N,33.873075,-118.068043
20040603,1114,4,BELLFLOWER BL,CENTRALIA,Y,A,4,0,3,2,A,-,8,N,A,C,A,H,A,A,N,33.839552,-118.125084
20040603,1305,4,OCEAN BL,CURB GOLDEN,N,A,0,0,0,2,A,-,9,N,B,C,A,H,A,A,N,33.839552,-118.193739
20040603,1630,4,9TH ST,CASPIAN AV,N,A,0,0,0,2,A,-,7,N,B,-,A,H,A,-,N,33.779863,-118.212164
20040603,1041,4,OCEAN BL,REDONDO AV,Y,A,0,0,0,2,A,-,9,N,A,C,A,H,A,A,N,33.760988,-118.152656
20040603,830,4,STUDEBAKER,ATHERTON,Y,A,4,0,1,2,A,-,12,N,G,B,A,H,A,A,N,33.788723,-118.099362
20040603,1018,4,CHERRY AV,BEVERLY WY,N,A,0,0,0,2,D,-,0,N,B,C,A,H,A,A,N,33.773571,-118.167664
20040603,1611,4,XIMENO,LIVINGSTON,Y,A,4,0,1,2,A,-,- ,N,G,B,A,H,A,D,N,33.761808,-118.141569
20040603,835,4,RT 710,UNION PACIFIC RR,N,B,0,0,0,2,A,-,3,N,C,C,A,H,A,D,N,33.770050,-118.193739
20040603,1820,4,RT 405,TEMPLE AV,N,A,0,0,0,2,A,-,3,N,C,C,A,H,A,D,N,34.145957,-118.417898
20040603,2000,4,RT 405,BELLFLOWER BL,N,A,0,0,0,2,A,-,3,N,C,C,A,H,B,D,N,33.769086,-118.120973
20040603,220,4,RT 405,WARNOCK WY,N,A,0,0,0,1,A,-,3,M,E,I,A,H,C,D,N,33.769086,-118.120973
20040603,1315,4,ALY E 4TH ST,4TH ST,N,A,0,0,0,1,A,-,8,M,E,I,A,H,A,D,N,33.827387,-118.214479
20040603,120,4,7TH ST,MAGNOLIA AV,Y,A,4,0,1,2,A,-,12,N,D,C,A,H,C,A,N,34.059804,-118.286208
20040603,556,4,WARDLOW RD,MYRTLE,N,A,4,0,1,4,A,-,8,F,C,E,A,H,A,D,N,,
20040603,845,4,PCH,ORANGE AV,-,A,0,0,0,2,A,-,21,N,B,C,A,H,A,D,N,33.789854,-118.176289
20040603,1715,4,RT 22,STUDEBAKER,-,A,0,0,0,3,A,-,3,N,C,C,A,H,A,D,N,33.773982,-118.102352
20040603,1733,4,ATLANTIC AV,BURNETT ST,N,A,0,0,0,2,A,-,7,N,B,C,A,H,A,D,N,33.800746,-118.185019
20040603,1445,4,DAISY AV,DAISY AV 2181,N,A,0,0,0,2,-,-,- ,N,H,J,A,H,A,D,N,33.797123,-118.199235
20040603,1710,4,RT 22,STUDEBAKER,Y,A,0,0,0,2,A,-,7,N,C,C,A,H,A,D,N,33.773982,-118.102352
20040603,1545,4,ATLANTIC,ARTESIA,N,A,4,0,1,2,-,-,- ,N,D,J,A,H,A,D,N,33.773982,-118.102352
20040603,1635,4,PACIFIC COAST HWY,ATLANTIC AV,Y,A,0,0,0,2,A,-,9,N,H,C,A,H,A,A,N,33.789867,-118.185018
20040604,1750,5,VUELTA GRANDE,VUELTA GRANDE 1727,N,A,0,0,0,2,A,-,7,M,B,C,A,H,A,D,Y,33.791655,-118.102509
20040604,1940,5,EAST 2ND ST,SORRENTO DR,Y,A,0,0,0,2,A,-,3,M,C,C,A,H,A,D,Y,33.757870,-118.128424
20040604,439,5,ATLANTIC,53RD ST,-,A,0,0,0,2,-,-,- ,M,C,E,A,H,C,D,Y,,
20040604,825,5,10TH ST,PACIFIC AV,Y,A,4,0,1,2,A,-,3,N,C,C,A,H,A,A,N,46.345933,-124.054755
20040604,1727,5,LONG BEACH BL,MARKET ST,Y,A,0,0,0,2,A,-,12,N,A,C,A,H,A,A,N,33.854284,-118.196533
20040604,1503,5,WILLOW ST,CEDAR,Y,A,0,0,0,2,A,-,9,N,D,C,A,H,A,A,N,33.804310,-118.194791
20040604,1440,5,ATLANTIC,WILLOW,N,A,3,0,1,2,A,-,11,N,G,B,A,H,A,D,N,33.804328,-118.185023
20040604,1945,5,TERMINO AV,7TH ST,-,A,0,0,0,2,A,-,8,N,B,C,A,H,C,A,N,33.775331,-118.145888
20040604,730,5,PINE AV,P C D,N,A,0,0,0,2,A,-,8,N,B,E,A,H,A,D,N,33.775331,-118.192562
20040604,110,5,PACIFIC COAST HWY,PINE AV,Y,A,0,0,0,2,A,-,3,M,C,C,A,H,C,A,N,33.789850,-118.192390
20040604,1044,5,7TH ST,HAVANA AV,Y,A,0,0,0,3,A,-,2,N,C,C,A,H,A,A,N,33.775338,-118.126346
20040604,1516,5,WARDLOW,PALO VERDE,N,A,0,0,0,2,A,-,3,N,C,C,A,H,A,A,N,33.818859,-118.107822
20040604,1519,5,OCEAN BL,14TH PL,N,A,0,0,0,2,A,-,3,N,C,C,A,H,A,D,N,33.764672,-118.169759
20040604,1515,5,RT 405,CHERRY AV,N,A,4,0,1,2,A,-,7,N,B,C,A,H,A,D,N,33.823170,-118.167726
20040604,1030,5,LAKEWOOD BL,OUTER TRAFFIC CIR,Y,A,0,0,0,2,A,-,9,M,D,C,A,H,A,D,N,33.791542,-118.142661
20040604,1030,5,VIKING WY,BELLFLOWER,N,A,0,0,0,2,D,-,0,N,C,C,-,H,A,D,N,33.833932,-118.125150
20040604,1630,5,RT 405,RT 710,N,A,0,0,0,2,A,-,3,M,C,C,A,H,A,D,N,46.462508,-95.646979
20040604,954,5,PALO VERDE,FAIRBROOK LOS SANTOS,N,A,0,0,0,2,-,-,- ,N,H,G,A,H,A,A,N,33.770050,-118.193739
20040604,1000,5,RT 710,WARDLOW RD,N,A,4,0,1,2,A,-,3,N,C,C,A,H,A,D,N,33.818749,-118.130842
20040604,2045,5,RT 710,PACIFIC COAST HWY,N,A,0,0,0,1,A,-,8,N,H,I,A,H,D,D,N,33.789863,-118.166885
20040604,959,5,PALO VERDE,FAIRBROOK,N,A,0,0,0,2,-,-,- ,N,H,G,A,H,A,A,N,33.791526,-118.107945
20040604,1815,5,ORANGE AV,52ND ST,Y,A,0,0,0,2,A,-,3,N,C,C,A,H,A,A,N,33.850061,-118.177157
20040604,1450,5,RT 91,RT 710,N,A,0,0,0,2,A,-,7,N,B,C,A,H,A,D,N,32.932282,-80.411644
20040605,2105,6,ANAHEIM ST,TERMINO AV,Y,A,2,0,1,2,A,-,9,N,D,C,A,H,C,A,Y,33.782595,-118.145883
20040605,1240,6,9TH ST,ANAHEIM ST,N,A,0,0,0,1,A,-,8,N,A,I,A,H,A,A,Y,33.777762,-118.189287
20040605,325,6,7TH ST,XIMENO AV,Y,A,0,0,0,2,A,-,12,N,D,C,A,H,C,A,N,33.775330,-118.141552
20040605,2042,6,E 60TH ST,ATLANTIC AV,Y,A,4,0,1,2,A,-,9,F,D,C,A,H,C,A,N,33.775330,-118.141552
20040605,413,6,DOWNEY,65TH ST,-,A,0,0,0,3,A,-,3,N,C,C,A,H,C,D,N,33.872914,-118.151279
20040605,20,6,PARK AV,3RD ST,N,B,0,0,0,2,A,-,7,M,B,E,A,H,C,D,N,33.872914,-118.151279
20040605,849,6,REDONDO AV,RANSOM ST,Y,A,3,0,3,2,A,-,9,N,D,C,A,H,A,D,N,33.786679,-118.152409
20040605,1635,6,ATLANTIC AV,PLEASANT AV,N,A,4,0,3,2,A,-,3,N,C,C,A,H,A,D,N,33.847141,-118.184867
20040605,1148,6,BROADWAY ST,PALOMA AV,Y,A,0,0,0,6,A,-,9,N,D,-,A,H,A,A,N,33.847141,-118.184867
20040605,2336,6,ANAHEIM,MAGNOLIA,Y,A,0,0,0,2,A,-,- ,N,D,C,A,H,C,A,N,33.782601,-118.198034
20040605,1059,6,REDONDO,INDUSTRY DR,-,A,0,0,0,2,A,-,9,N,A,C,A,H,A,A,N,33.798333,-118.151386
20040605,1958,6,PARAMOUNT BL,57TH ST,N,A,0,0,0,2,A,-,9,N,D,C,A,H,B,D,N,33.859330,-118.159850
20040605,1446,6,XIMENO AV,ATHERTON ST,N,A,0,0,0,2,A,-,9,N,D,C,A,H,A,D,N,33.789847,-118.138903
20040605,1924,6,INDIANA AV,ARTESIA BL,-,A,0,0,0,2,A,-,7,N,A,C,A,H,A,D,N,33.874783,-118.153497
20040605,1130,6,REDONDO,ANAHEIM,N,A,0,0,0,2,A,-,9,N,D,C,A,H,A,D,N,33.874783,-118.153497
20040605,1750,6,LEE AV,LEES AV 1849,N,-,3,0,1,2,-,-,- ,N,G,-,-,-,-,D,N,33.776217,-118.101259
20040605,2055,6,CARSON ST,RT 605,N,A,4,0,3,3,A,-,3,F,C,C,A,H,C,A,N,33.831761,-118.184845
20040605,1500,6,CORONA,EAST 2ND ST,N,A,0,0,0,2,A,-,21,N,H,C,A,H,A,D,N,33.760176,-118.134501
20040606,1440,7,ORANGE,8TH,N,A,0,0,0,1,A,-,1,N,E,I,A,H,A,D,Y,33.777220,-118.176335
20040606,730,7,RAMILLO,ELMFIELD AV,N,B,0,0,0,1,A,-,7,M,E,I,A,H,A,D,N,,
20040606,1805,7,RT 710,7TH ST,Y,A,2,0,2,3,A,-,7,F,B,C,A,H,A,D,N,30.376173,-89.141395
20040606,1155,7,WILLOW ST,STUDEBAKER RD,N,A,0,0,0,2,A,-,3,N,C,H,A,H,A,D,N,30.376173,-89.141395
20040606,1340,7,LONG BEACH BL,BURNETT,Y,A,0,0,0,2,A,-,9,N,A,C,A,D,A,A,N,33.803249,-118.099274
20040606,1104,7,BROADWAY AV,CHERRY AV,Y,A,4,0,1,2,A,-,9,N,D,C,A,H,A,A,N,33.767286,-118.167896
20040606,735,7,SOUTH ST,PARAMOUNT AV,Y,A,4,0,1,2,A,-,11,N,G,B,A,H,A,A,N,33.860173,-118.159958
20040606,1620,7,OCEAN BL,KENNEBEC,Y,A,0,0,0,1,A,-,8,N,E,J,A,H,A,A,N,33.763823,-118.164873
20040606,1341,7,CHERRY AV,10TH ST,Y,A,0,0,0,3,A,-,- ,N,D,C,A,H,A,A,N,33.763823,-118.164873
20040606,1900,7,VIRGINIA RD,VIRGINIA RD4600,N,A,3,0,1,1,A,-,3,N,A,J,A,H,A,D,N,33.839415,-118.195764
20040606,1600,7,7TH ST,TEMPLE ST,Y,A,3,0,4,2,D,-,0,N,D,C,A,H,A,A,N,33.839415,-118.195764
20040606,150,7,ANAHEIM ST,TEMPLE ST,Y,A,4,0,1,2,A,-,12,F,D,C,A,H,C,A,N,33.782597,-118.158947
20040606,1950,7,RT 91,PARAMOUNT BL,N,A,4,0,2,2,A,-,7,F,B,C,A,H,B,D,N,33.875856,-118.159275
20040606,2140,7,PACIFIC COAST HWY,LONG BEACH BL,Y,A,0,0,0,2,-,-,- ,N,B,C,A,H,C,A,N,33.789852,-118.189507
20040606,1620,7,RT 405,WARDLOW RD,N,A,4,0,3,3,A,-,7,F,B,C,A,H,A,D,N,33.818749,-118.130842
20040607,1517,1,PCH,RT 710,Y,A,3,0,1,2,D,-,0,N,G,B,-,H,A,D,N,33.789850,-118.201113
20040607,2040,1,LONG BEACH BL,RT 91,Y,A,0,0,0,2,A,-,- ,N,D,C,A,H,C,A,N,33.789850,-118.201113
20040607,1914,1,FALCON AV,TEHACHAPI DR,N,A,0,0,0,1,A,-,21,F,E,I,A,H,A,D,N,39.726252,-74.123919
20040607,1119,1,CHERRY AV,SPRING ST,N,A,0,0,0,3,A,-,4,N,C,C,A,H,A,D,N,33.811671,-118.167533
20040607,630,1,MARTIN LUTHER KING,8TH ST,N,A,0,0,0,2,C,-,18,N,D,C,A,H,A,D,N,33.776548,-118.180676
20040607,1600,1,4TH ST,MAGNOLIA AV,Y,A,0,0,0,2,A,-,9,N,A,C,A,H,A,A,N,33.771699,-118.198044
20040607,0,1,E ANAHEIM AV,OBISPO AV,Y,A,0,0,0,2,A,-,9,N,A,C,A,H,A,A,N,,
20040607,1602,1,ATLANTIC AV,4TH ST,Y,A,4,0,2,2,A,-,9,N,A,C,A,H,A,A,N,33.771710,-118.185050
20040607,1400,1,4TH ST,MOLINO AV,N,A,0,0,0,2,A,-,21,N,C,E,A,H,A,D,N,33.771712,-118.160612
20040607,900,1,RT 91,CHERRY AV,N,A,0,0,0,1,A,-,3,N,E,J,A,H,A,D,N,33.876334,-118.167205
20040607,1733,1,CHERRY AV,SOUTH ST,Y,A,3,0,1,2,A,-,11,N,B,B,A,H,A,D,N,33.876334,-118.167205
20040607,20,1,RT 405,LONG BEACH BL,N,A,0,0,0,2,A,-,8,N,C,C,A,H,D,D,N,33.823693,-118.189369
20040607,549,1,PACIFIC COAST HWY,14TH ST,N,B,4,0,1,2,-,-,- ,N,D,C,A,H,B,D,N,33.784414,-118.134829
20040607,1503,1,LIME AV,55TH ST,Y,A,0,0,0,2,D,-,0,N,B,E,A,H,A,D,N,33.856246,-118.183965
20040607,615,1,LAKEWOOD BL,DEL AMO,N,A,3,0,1,2,A,-,3,N,A,C,A,H,A,A,N,33.847052,-118.142585
20040607,1130,1,RT 710,ARTESIA BL,N,B,3,0,2,1,A,-,7,N,E,I,A,H,A,D,N,33.873075,-118.068043
20040607,1545,1,RT 405,BIXBY O H,N,A,4,0,1,3,A,-,- ,N,C,C,A,H,A,D,N,33.770050,-118.193739
20040607,1615,1,RT 710,WILLOW ST,N,B,0,0,0,3,A,-,3,N,C,C,A,H,A,D,N,33.770050,-118.193739
20040608,805,2,DEL AMO BL,LONG BEACH BL,N,A,0,0,0,2,A,-,3,M,C,C,A,H,A,A,Y,33.846735,-118.193744
20040608,636,2,DEL AMO,CLAIR DEL AV,Y,A,4,0,2,4,A,-,9,N,D,C,A,H,A,D,N,33.846972,-118.165387
20040608,1900,2,LOCUST AV,PACIFIC AV,N,A,0,0,0,1,D,-,0,M,E,I,A,H,A,D,N,33.789849,-118.191081
20040608,0,2,OCEAN AV,TERMINO,Y,A,4,0,3,2,A,-,12,N,D,C,A,H,C,A,N,33.789849,-118.191081
20040608,2500,2,OCEAN AV,TERMINO,Y,A,4,0,3,2,A,-,12,N,D,C,A,H,C,A,N,33.759830,-118.145919