COLLISION_DATE,COLLISION_TIME,DAY_OF_WEEK,PRIMARY_RD,SECONDARY_RD,INTERSECTION,WEATHER_1,COLLISION_SEVERITY,NUMBER_KILLED,NUMBER_INJURED,PARTY_COUNT,PRIMARY_COLL_FACTOR,PCF_CODE_OF_VIOL,PCF_VIOL_CATEGORY,HIT_AND_RUN,TYPE_OF_COLLISION,MVIW,ROAD_SURFACE,ROAD_COND_1,LIGHTING,CONTROL_DEVICE,ALCOHOL_INVOLVED,LATITUDE,LONGITUDE
20040608,812,2,BROADWAY,N TEMPLE,N,A,4,0,1,3,A,-,12,N,D,C,A,H,A,A,N,33.765505,-118.158946
20040608,805,2,WILLOW ST,GRAND AV,N,A,0,0,0,1,-,-,- ,N,B,I,A,H,A,D,N,33.804032,-118.147929
20040608,1620,2,7TH AV,TEMPLE AV,Y,A,4,0,1,2,A,-,- ,N,D,C,A,H,A,A,N,33.775335,-118.158953
20040608,1908,2,STUDEBAKER RD,RT 22,Y,A,4,0,3,3,A,-,12,N,A,C,A,H,A,A,N,33.773982,-118.102352
20040608,1820,2,ARTESIA BL,PARAMOUNT BL,-,A,4,0,1,3,A,-,3,N,C,C,A,H,A,A,N,33.874619,-118.159983
20040608,1139,2,PCH,7TH ST,Y,A,4,0,2,3,D,-,0,N,A,C,A,H,A,A,N,33.775387,-118.122914
20040608,1820,2,STUDEBAKER RD,RT 22,Y,A,0,0,0,2,A,-,12,N,A,C,A,H,A,A,N,33.773982,-118.102352
20040608,1330,2,2ND ST,MARINA DR,N,A,0,0,0,2,A,-,11,N,G,B,A,H,A,D,N,33.757647,-118.113255
20040608,1245,2,ATLANTIC AV,20TH ST,Y,A,4,0,1,2,C,-,18,N,G,-,A,H,A,A,N,33.793484,-118.185020
20040608,1826,2,PENFOLD ST,LEWIS AV,N,A,3,0,1,2,A,-,9,N,D,G,A,H,A,D,N,33.877300,-118.180181
20040608,1800,2,SUNSET AV,PINE,N,A,0,0,0,2,A,-,6,N,D,J,A,H,A,D,N,33.877300,-118.180181
20040608,2140,2,DEL AMO BL,DAISY AV,Y,A,0,0,0,2,A,-,12,M,D,D,A,H,C,A,N,33.846577,-118.198653
20040608,800,2,ATLANTIC,BURNETT,N,A,0,0,0,2,A,-,9,M,D,C,A,H,A,D,N,33.800746,-118.185019
20040608,2322,2,LOCUST AV,10TH ST,N,A,0,0,0,3,A,-,8,M,B,C,A,H,C,D,N,,
20040608,1745,2,PACIFIC COAST HWY,SANTA FE AV,N,A,4,0,1,2,A,-,17,N,D,C,A,H,A,D,N,33.789800,-118.215409
20040608,1110,2,SPRING ST,LAKEWOOD BL,-,A,0,0,0,3,A,-,3,N,C,C,A,H,A,D,N,33.812739,-118.139096
20040608,1509,2,OCEAN,55TH,Y,A,3,0,1,2,D,-,0,N,G,B,A,H,A,A,N,33.751485,-118.128615
20040608,800,2,SPRING ST,E REDONDO AV,N,A,4,0,1,4,A,-,8,M,A,C,A,H,A,A,N,33.810562,-118.151326
20040608,1725,2,RT 91,LONG BEACH BL,N,A,0,0,0,2,A,-,21,N,C,C,A,H,A,A,N,33.873156,-118.200648
20040608,1500,2,TEMPLE,10TH ST,Y,A,0,0,0,2,A,-,12,M,D,C,A,H,A,A,N,33.778972,-118.158936
20040608,805,2,CARSON ST,RT 605,Y,A,0,0,0,2,A,-,12,N,D,C,A,H,A,A,N,33.831761,-118.184845
20040608,900,2,RT 710,RT 405,N,A,0,0,0,2,A,-,3,N,C,C,A,H,A,D,N,33.770050,-118.193739
20040608,800,2,RT 710,ANAHEIM ST,N,A,0,0,0,2,A,-,3,N,B,C,A,H,A,D,N,33.782618,-118.162432
20040608,1430,2,RT 405,PACIFIC AV,N,A,0,0,0,4,A,-,6,N,C,C,A,H,A,D,N,46.356782,-124.054189
20040609,1025,3,63RD ST,ATLANTIC AV,-,A,0,0,0,2,A,-,12,M,D,C,A,H,A,A,Y,33.868889,-118.185525
20040609,1555,3,CLAREMONT,OCEAN,N,A,0,0,0,2,D,-,0,M,H,C,A,H,C,D,Y,33.754198,-118.133533
20040609,24,3,RT 405,PACIFIC AV,N,A,0,0,0,1,A,-,1,N,E,I,A,A,C,D,Y,46.356782,-124.054189
20040609,1914,3,RT 710,DEL AMO BL,N,A,2,0,4,2,A,-,1,N,C,C,A,H,A,D,Y,33.847073,-118.130810
20040609,1750,3,OCEAN,ALAMITOS,Y,A,0,0,0,2,D,-,0,N,D,C,A,H,A,A,N,33.847073,-118.130810
20040609,2255,3,LOCUST AV,N LIGHT ST,N,A,0,0,0,2,D,-,0,N,B,C,A,H,C,D,N,33.766221,-118.183133
20040609,2128,3,CHERRY AV,36TH ST,N,A,4,0,1,2,A,-,9,N,D,C,A,H,C,D,N,33.770050,-118.193739
20040609,805,3,MARKET ST,CHERRY AV,Y,A,4,0,1,2,A,-,9,N,D,C,A,H,A,A,N,33.854386,-118.167805
20040609,1845,3,SPRING ST,BELLFLOWER BL,Y,A,0,0,0,2,A,-,4,N,C,C,A,H,A,A,N,33.810596,-118.125360
20040609,1340,3,3RD ST,LIME,Y,A,0,0,0,2,A,-,8,N,D,C,A,H,A,A,N,,
20040609,830,3,PCH,WALNUT,N,A,0,0,0,2,A,-,7,N,-,C,A,H,A,D,N,33.789858,-118.171987
20040609,1125,3,6TH ST,PACIFIC AV,N,B,0,0,0,2,A,-,7,N,B,C,A,H,A,D,N,33.789858,-118.171987
20040609,1313,3,W OCEAN BLVD,OCEAN BL 444,N,A,0,0,0,2,-,-,- ,M,B,C,A,H,A,D,N,33.767096,-118.192407
20040609,1310,3,MAGNOLIA AV,3RD ST,Y,A,0,0,0,2,A,-,12,N,D,C,A,H,A,A,N,33.770505,-118.198046
20040609,1533,3,ANAHEIM ST,ORANGE,N,A,0,0,0,2,A,-,8,M,B,E,A,H,A,D,N,33.782603,-118.176335
20040609,1330,3,LONG BEACH BL,20TH ST,Y,A,3,0,1,2,-,-,- ,M,D,G,A,H,A,A,N,33.793480,-118.189263
20040609,1715,3,BURNETT ST,OLIVE AV,Y,A,0,0,0,2,A,-,21,N,D,C,A,H,A,A,N,33.800742,-118.182854
20040609,1745,3,ARTESIA BL,BUTLER AV,N,A,0,0,0,2,A,-,3,N,C,C,A,H,A,A,N,33.874350,-118.196925
20040609,1745,3,RT 405,CALIFORNIA AV,N,A,4,0,1,2,C,-,18,N,C,C,A,H,A,D,N,34.168501,-118.605754
20040609,1636,3,ATLANTIC AV,67TH ST,-,A,3,0,2,2,A,-,9,N,D,C,A,H,A,A,N,,
20040609,1105,3,PALO VERDE AV,STEARNS,Y,A,4,0,1,2,A,-,9,N,A,C,A,H,A,A,N,33.795428,-118.107917
20040609,1515,3,CARSON ST,JOSIE AV,Y,A,4,0,1,2,A,-,9,N,D,C,A,H,A,A,N,33.832174,-118.105130
20040609,650,3,RT 91,ATLANTIC BL,N,B,0,0,0,2,A,-,3,N,C,C,A,H,A,D,N,33.874843,-118.193412
20040609,1200,3,RT 91,LONG BEACH BL,N,A,0,0,0,2,A,-,8,N,B,C,A,H,A,D,N,33.873156,-118.200648
20040609,2010,3,MYRTLE,S 71ST WY,N,A,0,0,0,2,A,-,8,N,B,C,B,H,B,D,N,33.873156,-118.200648
20040609,715,3,RT 91,ATLANTIC BL,N,A,0,0,0,3,A,-,3,M,C,C,A,C,A,D,N,33.874843,-118.193412
20040609,725,3,RT 405,STEARNS ST,-,B,0,0,0,3,A,-,3,N,C,C,A,H,A,D,N,33.796003,-118.121453
20040609,1055,3,RT 710,WARDLOW RD,-,A,0,0,0,2,A,-,8,N,D,C,A,H,A,D,N,33.818749,-118.130842
20040609,1035,3,RT 405,TEMPLE AV,N,A,0,0,0,4,A,-,3,N,C,C,A,H,A,D,N,34.145957,-118.417898
20040609,343,3,ORANGE AV,56TH ST,N,A,0,0,0,2,A,-,8,M,D,C,A,H,C,A,N,33.857626,-118.177277
20040610,2018,4,OCEAN BL,LINDEN AV,N,A,0,0,0,3,A,-,7,N,C,E,A,H,C,D,Y,33.766599,-118.186376
20040610,1819,4,LIME AV,19TH ST,-,A,3,0,1,2,C,-,18,N,G,B,A,C,A,D,N,33.791670,-118.183955
20040610,740,4,XIMENO,11TH ST,Y,A,4,0,1,2,A,-,9,N,D,C,A,H,A,A,N,33.791670,-118.183955
20040610,1733,4,TERRACE DR,LEMON,N,A,0,0,0,3,-,-,- ,N,B,E,A,H,A,D,N,33.845450,-118.179487
20040610,1059,4,WARLOW,JOSIE,Y,A,4,0,2,2,A,-,9,N,D,I,A,H,A,D,N,33.818740,-118.105207
20040610,1455,4,HILL ST,ATLANTIC AV,N,A,0,0,0,2,C,-,18,N,C,E,A,H,A,A,N,33.797124,-118.185032
20040610,1210,4,LINDEN AV,61ST ST,Y,A,4,0,1,2,A,-,9,N,A,C,A,H,A,D,N,33.797124,-118.185032
20040610,730,4,STERNS,PALO VERDE,-,A,3,0,1,3,A,-,- ,N,D,E,-,H,A,D,N,33.795428,-118.107917
20040610,1850,4,72ND ST,LIME AV,Y,A,4,0,1,2,A,-,9,N,D,C,A,H,B,D,N,33.885452,-118.183777
20040610,1145,4,CHERRY AV,55TH ST,N,A,0,0,0,2,-,-,- ,N,C,C,A,H,A,D,N,33.856068,-118.168542
20040610,1634,4,7TH ST,TEMPLE AV,Y,A,4,0,1,2,A,-,9,N,A,C,A,H,A,A,N,33.775335,-118.158953
20040610,1905,4,HILL ST,ATLANTIC AV,Y,A,4,0,1,2,A,-,8,N,D,G,A,H,A,A,N,33.797124,-118.185032
20040610,1406,4,LONG BEACH BL,WARDLOW RD,Y,A,4,0,2,2,D,-,0,N,D,C,A,H,A,A,N,33.818979,-118.189257
20040610,20,4,OCEAN BL,PINE AV,-,A,0,0,0,2,A,-,8,N,D,C,A,H,C,A,N,33.767096,-118.192407
20040610,1910,4,52ND ST,CEDAR AV,Y,A,3,0,1,2,A,-,12,N,D,C,A,H,A,A,N,33.850474,-118.193655
20040610,1458,4,DEL AMO BL,OREGON AV,N,A,4,0,1,3,A,-,4,F,C,C,A,H,A,D,N,33.846699,-118.200249
20040610,1010,4,GUNDRY AV,WARDLOW RD,N,B,0,0,0,2,-,-,- ,M,D,E,A,H,A,D,N,33.818916,-118.174144
20040610,947,4,ANAHEIM ST,REDONDO AV,Y,A,0,0,0,2,A,-,3,M,C,C,A,H,A,A,N,33.782602,-118.152411
20040610,2005,4,645 PROSPECT AV,PROSPECT AV 645,-,A,0,0,0,1,B,-,22,M,A,I,A,H,A,D,N,33.872808,-118.392942
20040610,1550,4,PALO VERDE,ANAHEIM RD,N,A,0,0,0,2,D,-,0,M,C,E,A,H,A,D,N,,
20040610,1636,4,ALY 1042 ST LOUIS AV,10TH ST,-,A,0,0,0,2,A,-,8,M,-,C,A,H,A,D,N,33.778972,-118.160054
20040610,1110,4,PACIFIC COAST HWY,CHERRY AV,Y,A,0,0,0,2,A,-,9,N,D,C,A,H,A,A,N,33.778972,-118.160054
20040610,813,4,W ARTIZSA,W LONG BEACH BL,-,A,0,0,0,2,A,-,3,N,C,E,A,H,A,D,N,33.823693,-118.189369
20040610,930,4,PACIFIC COAST HWY,CORONADO,-,A,4,0,1,2,A,-,4,N,C,C,A,H,A,D,N,33.823693,-118.189369
20040610,745,4,7TH ST,PACIFIC COAST HWY,Y,A,0,0,0,2,A,-,7,N,B,C,A,H,A,D,N,33.789864,-118.152981
20040610,945,4,ANAHEIM AV,TEMPLE AV,Y,A,4,0,2,5,A,-,3,F,C,C,A,H,A,A,N,33.782597,-118.158947
20040610,1704,4,ANAHEIM ST,CEDAR AV,N,-,4,0,1,3,A,-,3,M,C,C,-,-,-,A,N,33.782596,-118.195060
20040610,1634,4,BELLFLOWER BL,WARDLOW RD,N,A,4,0,1,3,A,-,3,N,C,C,A,H,A,D,N,33.818750,-118.125154
20040610,1245,4,PIER J AV,PIER J WY,-,A,3,0,1,2,D,-,0,N,A,B,A,H,A,D,N,33.758739,-118.221787
20040610,1445,4,RT 710,WARALOW RD,N,A,4,0,1,2,A,-,3,N,C,C,A,H,A,D,N,,
20040610,1338,4,STEARNS,PALO VERDE,Y,A,0,0,0,2,A,-,8,N,B,C,-,H,A,A,N,33.795428,-118.107917
20040610,200,4,EAST 7TH ST,SANTIAGO AV,Y,A,0,0,0,2,A,-,8,N,B,C,A,H,C,A,N,33.775336,-118.128515
20040610,1706,4,SAN ANTONIO,VIRGINIA RD,Y,A,0,0,0,3,A,-,3,N,C,C,A,H,A,A,N,33.775336,-118.128515
20040610,945,4,RT 405,CHERRY AV,N,A,0,0,0,3,A,-,3,N,C,C,A,H,A,D,N,33.833303,-118.191641
20040610,1300,4,RT 710,RT 405,N,A,3,0,1,2,A,-,3,N,C,C,A,H,A,D,N,33.770050,-118.193739
20040610,2245,4,RT 710,WILLOW ST,N,A,0,0,0,1,A,-,8,N,E,I,A,H,C,D,N,33.770050,-118.193739
20040610,1521,4,LOCUST AV,PLEASANT,Y,A,0,0,0,2,A,-,7,N,B,C,A,H,A,A,N,33.846071,-118.189766
20040610,1650,4,LIMA AV,37TH ST,Y,A,1,1,0,2,A,-,12,N,D,C,A,H,A,D,N,39.633533,-74.188929
20040611,203,5,CARSON,LOS COYOTES DIAGONAL,N,A,0,0,0,1,A,-,8,N,A,I,A,H,C,A,Y,33.832134,-118.098846
20040611,1630,5,ATLANTIC AV,ATLANTIC AV 6475,-,A,0,0,0,2,A,-,0,M,D,C,A,H,A,-,Y,,
20040611,2320,5,RT 91,RT 710,-,A,0,0,0,1,A,-,1,N,E,I,A,H,C,D,Y,33.883066,-118.188022
20040611,1324,5,RT 710,HARBOUR SCENIC,Y,A,0,0,0,2,-,-,- ,N,B,C,A,H,A,A,N,33.756015,-118.199937
20040611,1358,5,E ANAHEIM ST,XIMENO AV,Y,A,4,0,1,2,A,-,12,N,D,C,A,H,A,A,N,33.782595,-118.141530
20040611,1523,5,BROADWAY,GAVIOTA AV,Y,A,0,0,0,2,A,-,9,N,D,C,A,H,A,D,N,33.782595,-118.171484
20040611,1618,5,DEL AMO BL,LONG BEACH BL,Y,A,4,0,4,3,A,-,8,N,G,B,A,H,A,A,N,33.846735,-118.193744
20040611,1127,5,ATHERTON ST,BRITTAIN AV,N,-,4,0,1,3,A,-,- ,N,C,C,A,H,A,A,N,33.846735,-118.193744
20040611,2033,5,PACIFIC AV,8TH ST,N,A,0,0,0,4,A,-,7,N,B,E,A,H,C,D,N,46.347236,-124.054712
20040611,1919,5,7TH ST,ROSWELL ST,Y,A,0,0,0,3,D,-,0,M,B,C,A,H,A,D,N,33.775334,-118.143708
20040611,1115,5,REDONDO AV,ANAHEIM,N,A,0,0,0,2,A,-,7,M,B,C,A,D,A,D,N,33.782602,-118.152411
20040611,223,5,10TH ST,GAVIOTA,N,A,0,0,0,4,A,-,7,M,B,E,A,H,C,D,N,33.778972,-118.170906
20040611,1643,5,ATLANTIC AV,PACIFIC COAST HWY,Y,A,0,0,0,2,A,-,8,N,A,C,A,-,A,A,N,33.789867,-118.185018
20040611,1430,5,RT 710,ANAHEIM RD,N,A,0,0,0,2,A,-,3,N,C,C,A,H,A,D,N,33.780638,-118.125480
20040611,1557,5,RT 405,LAKEWOOD BL,N,A,0,0,0,2,A,-,7,M,B,C,A,H,A,D,N,33.843075,-118.142426
20040611,232,5,21ST ST,ORANGE AV,Y,A,0,0,0,1,A,-,7,N,A,I,A,H,C,D,N,33.795312,-118.176333
20040611,1920,5,ORANGE AV,ARTESIA,N,A,0,0,0,2,A,-,3,N,C,C,A,H,A,A,N,33.795312,-118.176333
20040611,605,5,RT 710,RT 91,N,A,0,0,0,2,A,-,3,M,C,C,A,H,B,D,N,33.770050,-118.193739
20040611,1610,5,RT 91,CHERRY AV,N,A,0,0,0,2,A,-,3,N,C,C,A,H,A,D,N,33.876334,-118.167205
20040611,1750,5,RT 710,CARSON ST,N,A,4,0,1,3,A,-,4,N,C,C,A,H,A,D,N,33.832262,-118.135654
20040611,701,5,RT 405,WOODRUFF AV,N,B,0,0,0,4,A,-,- ,M,C,C,A,H,A,D,N,33.813146,-118.115196
20040611,520,5,RT 1,RT 710,N,A,0,0,0,1,A,-,- ,N,F,F,A,H,A,D,N,,
20040611,1110,5,RT 710,RT 405,N,A,0,0,0,2,A,-,3,N,C,C,A,H,A,D,N,33.770050,-118.193739
20040611,1000,5,RT 405,STUDEBAKER RD,N,A,0,0,0,1,C,-,18,N,E,J,A,H,A,D,N,33.791446,-118.099621
20040611,1807,5,ANAHEIM ST,PACIFIC AV,N,A,0,0,0,3,A,-,12,N,B,C,A,H,A,A,N,33.791446,-118.099621
20040612,909,6,JULIAN AV,LOWE ST,N,A,3,0,1,2,A,-,21,N,D,G,A,H,A,D,N,33.814731,-118.077188
20040612,1013,6,OCEAN BL,ESPERANZA,Y,A,0,0,0,2,A,-,3,N,C,C,A,H,A,A,N,33.814731,-118.077188
20040612,1450,6,LOS COYOTES DIAGONAL,OUTER TRAFFIC CIR,Y,A,3,0,2,3,A,-,12,N,D,C,A,H,A,A,N,33.790991,-118.141022
20040612,331,6,OCEAN BL,TERMINAL ISLAND FWY,Y,A,0,0,0,2,A,-,12,N,D,C,A,H,C,A,N,33.762353,-118.239435
20040612,2054,6,ELIOT ST,BELLFLOWER BL,N,A,0,0,0,2,A,-,4,N,C,C,A,H,C,D,N,33.762353,-118.239435
20040612,1252,6,ROOSEVELT RD,ATLANTIC AV,N,A,0,0,0,2,A,-,8,N,B,C,A,H,A,D,N,33.828930,-118.184954
20040612,2040,6,PACIFIC COAST HWY,ANAHEIM ST,N,A,0,0,0,2,A,-,21,M,H,C,A,H,C,A,N,,
20040612,1838,6,LAKEWOOD BL,WARDLOW RD,N,A,0,0,0,2,A,-,3,N,C,C,A,H,A,A,N,,
20040612,1956,6,PARAMOUNT BL,ARTESIA BL,N,A,0,0,0,2,A,-,8,N,A,D,A,H,B,D,N,33.874619,-118.159983
20040612,844,6,EAST 4TH ST,ALAMITOS AV,Y,A,4,0,2,3,A,-,12,N,D,C,A,H,A,A,N,33.771717,-118.181305
20040612,1247,6,LOMA VISTA AV,11TH ST,N,A,0,0,0,2,A,-,21,N,C,E,A,H,A,D,N,33.771717,-118.181305
20040612,1204,6,GALE AV,31ST ST,Y,A,0,0,0,2,A,-,12,N,D,C,A,H,A,A,N,33.780167,-118.200606
20040612,2115,6,RT 710,ANAHEIM ST,N,B,2,0,1,2,A,-,8,N,F,A,A,H,E,D,N,33.782618,-118.162432
20040612,1710,6,RT 405,BELLFLOWER BL,N,A,0,0,0,3,A,-,7,N,B,C,A,H,A,D,N,33.769086,-118.120973
20040612,941,6,ANAHEIM,LONG BEACH,N,A,4,0,1,2,A,-,5,N,D,C,A,H,A,D,N,33.782605,-118.189258
20040612,2040,6,CADIZ LN,COSTA DEL REY,Y,A,0,0,0,2,D,-,0,M,C,C,A,H,C,D,N,33.765888,-118.118460
20040612,1045,6,REDONDO AV,4TH ST,N,A,0,0,0,2,A,-,8,N,A,C,A,H,A,A,N,33.771706,-118.152407
20040612,1255,6,ELDRIDGE ST,LONG BEACH BL,N,A,0,0,0,2,A,-,8,N,D,E,A,H,A,D,N,33.812497,-118.189343
20040612,932,6,PACIFIC COAST HWY,CHANNEL DR,N,A,0,0,0,2,D,-,0,N,B,C,A,H,A,D,N,33.812497,-118.189343
20040612,1330,6,PACIFIC COAST HWY,MARTIN LUTHER KING JR BL,Y,A,0,0,0,2,A,-,9,N,D,C,A,H,A,A,N,33.789856,-118.180653
20040612,2116,6,RT 710,ANAHEIM ST,N,A,0,0,0,1,C,-,18,N,E,J,A,H,D,D,N,33.782618,-118.162432
20040613,230,7,LONG BEACH BL,ROOSEVELT,-,A,0,0,0,2,A,-,5,N,B,C,A,H,C,A,Y,33.828937,-118.189345
20040613,1840,7,RT 91,LONG BEACH BL,N,A,2,0,1,2,A,-,1,F,C,C,A,H,A,D,Y,33.873156,-118.200648
20040613,2134,7,OCEAN BL,7TH PL,N,A,3,0,1,2,D,-,0,M,B,G,A,H,C,D,Y,33.765494,-118.176045
20040613,115,7,6180 PARMOUNT BL,HARDING ST,N,A,3,0,1,2,A,-,1,N,C,E,A,H,C,D,Y,33.913882,-118.159288
20040613,2210,7,LOCUST AV,LOUISE ST,N,A,0,0,0,2,A,-,8,M,B,E,A,H,C,D,Y,33.855137,-118.189834
20040613,840,7,ALAMITOS AV,ALHAMBRA CT,Y,A,0,0,0,1,A,-,8,M,A,I,A,H,A,D,N,,
20040613,1010,7,7TH ST,WALNUT AV,Y,A,0,0,0,3,A,-,12,M,C,C,A,H,A,A,N,33.775358,-118.172008
20040613,1551,7,REDONDO AV,WILLOW ST,N,A,0,0,0,2,-,-,- ,N,C,C,A,H,A,A,N,33.804499,-118.151349
20040613,1715,7,LIMA AV,53RD,Y,A,4,0,1,2,A,-,5,N,A,C,A,H,A,D,N,33.770050,-118.193739
20040613,1313,7,5TH ST,ALAMITOS AV,N,A,4,0,1,2,A,-,9,N,D,C,A,H,A,D,N,33.772925,-118.180933
20040613,1502,7,MARKET ST,LONG BEACH BL,Y,A,3,0,1,2,A,-,9,N,D,C,A,H,A,A,N,33.854284,-118.196533
20040613,1640,7,LOS ALAMITOS CIR,PACIFIC COAST HWY,N,A,0,0,0,2,A,-,8,N,B,C,A,H,A,D,N,33.758346,-118.111457
20040613,1737,7,ATLANTIC AV,20TH ST,Y,A,3,0,1,2,A,-,5,N,D,C,A,H,A,A,N,33.793484,-118.185020
20040613,1145,7,WARDLOW RD,CHATWIN AV,N,A,3,0,3,2,A,-,4,N,C,C,A,H,A,D,N,33.818865,-118.123354
20040613,1530,7,TERMINO,BROADWAY,Y,A,4,0,1,2,D,-,0,N,D,G,A,H,A,A,N,33.764453,-118.145906
20040613,1747,7,SEABRIGHT,BURNETT,N,A,0,0,0,3,A,-,5,M,B,C,A,H,A,D,N,,
20040613,1404,7,PARAMOUNT BL,55TH WY,N,A,3,0,1,2,-,-,- ,N,D,G,A,H,A,D,N,33.856988,-118.159837
20040613,1100,7,REDONDA,VISTA,Y,A,4,0,1,2,A,-,9,N,D,C,A,H,A,A,N,33.766265,-118.152412
20040613,1635,7,PACIFIC COAST HWY,ATLANTIC AV,Y,A,0,0,0,2,A,-,9,N,H,C,A,H,A,A,N,33.789867,-118.185018
20040613,1305,7,LAKEWOOD BL,RT 405,N,A,2,0,1,1,A,-,8,N,E,I,A,H,A,D,N,33.843075,-118.142426
20040613,2250,7,RT 405,LAKEWOOD BL,N,A,0,0,0,2,A,-,- ,N,B,C,A,H,C,D,N,33.843075,-118.142426
20040614,1949,1,LONG BEACH BL,SPRING ST,N,-,0,0,0,1,A,-,7,N,A,J,-,-,-,A,Y,33.811573,-118.189350
20040614,1723,1,ORANGE AV,20TH ST,Y,A,0,0,0,2,A,-,4,N,C,C,A,H,A,A,N,33.811573,-118.189350
20040614,537,1,EDISON AV,9TH ST,N,A,3,0,1,2,A,-,- ,N,H,F,A,H,A,D,N,33.793493,-118.176317
20040614,1714,1,PACIFIC BL,P C H,N,A,0,0,0,2,A,-,7,N,B,C,A,H,A,D,N,40.587722,-73.640968
20040614,746,1,68TH WY,LONG BEACH BL,N,A,0,0,0,2,-,-,- ,N,B,C,A,H,A,D,N,,
20040614,1725,1,PACIFIC AV,PACIFIC COAST HWY,N,A,0,0,0,2,A,-,7,N,B,C,A,H,A,D,N,33.789847,-118.193724
20040614,1718,1,ARTESIA BL,PARAMOUNT,N,A,0,0,0,2,A,-,8,N,D,C,A,H,A,A,N,33.874619,-118.159983
20040614,1250,1,20TH ST,LONG BEACH BL,N,A,0,0,0,2,D,-,0,N,H,G,A,H,A,D,N,33.793480,-118.189263
20040614,919,1,WARDLOW RD,ELM AV,N,A,0,0,0,3,A,-,3,N,B,C,A,H,A,A,N,33.793480,-118.189263
20040614,930,1,ATLANTIC AV,27TH ST,Y,A,0,0,0,2,A,-,8,N,D,C,A,H,A,D,N,33.818862,-118.187947
20040614,225,1,3RD ST,HERMOSA AV,N,A,0,0,0,2,A,-,8,N,D,E,A,H,E,D,N,33.769206,-118.169385
20040614,1156,1,WARDLOW RD,ORANGE AV,Y,A,0,0,0,3,A,-,12,N,D,C,A,H,A,A,N,33.818916,-118.176327
20040614,1705,1,BROADWAY,CHERRY AV,Y,A,0,0,0,2,A,-,9,N,A,C,A,H,A,A,N,33.818916,-118.176327
20040614,1808,1,HOFFMAN AV,10TH ST,N,A,0,0,0,2,D,-,0,N,G,G,A,H,A,A,N,33.767286,-118.173634
20040614,1236,1,ATLANTIC,4TH ST,Y,A,3,0,1,4,A,-,9,N,D,C,A,H,A,A,N,33.771710,-118.185050
20040614,1253,1,TOWNE CENTER DR,CARSON ST,Y,A,4,0,1,2,A,-,3,N,C,C,A,H,A,D,N,33.831299,-118.090034
20040614,1730,1,RT 91,CHERRY AV,N,A,0,0,0,2,A,-,- ,M,C,C,A,H,A,D,N,33.876334,-118.167205
20040614,1050,1,REDONDO AV,RANSOM ST,Y,A,0,0,0,2,A,-,9,N,D,C,A,H,A,D,N,33.786679,-118.152409
20040614,1425,1,MARTIN LUTHER KING BL,7TH ST,Y,A,4,0,2,2,A,-,12,F,D,C,A,H,A,A,N,33.775350,-118.180686
20040614,1325,1,7TH ST,FEDERATION DR,N,-,4,0,1,2,A,-,4,N,C,C,A,H,A,D,N,33.775350,-118.180686
20040614,450,1,RT 710,DEL AMO BL,N,A,0,0,0,1,A,-,8,N,E,I,A,H,D,D,N,33.847073,-118.130810
20040614,1640,1,RT 405,LONG BEACH BL,N,A,0,0,0,2,A,-,3,N,C,C,A,H,A,D,N,33.823693,-118.189369
20040614,45,1,RT 710,DELAMO BL,N,A,0,0,0,2,A,-,- ,N,B,C,A,H,C,D,N,33.770050,-118.193739
20040614,445,1,RT 170,DEL AMO BL,N,A,0,0,0,2,A,-,3,M,C,C,A,H,D,D,N,33.847073,-118.130810
20040615,1630,2,ARTESIA BL,RT 91,N,A,0,0,0,2,A,-,4,M,C,C,A,H,A,D,Y,33.872880,-118.290909
20040615,1613,2,21ST,LEWIS AV,N,A,2,0,1,2,C,-,18,N,G,B,-,H,A,D,N,33.795313,-118.179596
20040615,1428,2,OCEAN BL,MAGNOLIA AV,Y,A,3,0,2,2,A,-,9,N,D,C,A,H,A,A,N,33.767374,-118.197984
20040615,2024,2,4TH ST,REDONDO AV,N,A,0,0,0,2,A,-,4,N,C,C,A,H,C,A,N,33.771706,-118.152407
20040615,1635,2,LONG BEACH BL,ELLIS ST,Y,A,4,0,1,2,A,-,11,N,B,B,A,H,A,A,N,33.771706,-118.152407
20040615,1403,2,E SOUTH ST,E SOUTH ST 2725,-,A,0,0,0,2,A,-,9,N,D,C,A,H,A,D,N,33.856735,-118.159025
20040615,1206,2,7TH ST,PARK AV,Y,A,4,0,1,3,A,-,12,N,D,C,A,H,A,A,N,33.860441,-118.159025
20040615,2222,2,CERRITOS,17TH,-,A,0,0,0,2,A,-,5,M,A,E,A,H,C,D,N,33.775354,-118.137369
20040615,2139,2,DELTA AV,HEATH ST,N,A,0,0,0,2,-,-,- ,M,D,E,A,H,C,D,N,33.878324,-118.208060
20040615,515,2,E ARTESIA,E ARTESIA 3290,-,A,0,0,0,2,A,-,9,M,D,C,A,H,C,D,N,33.878324,-118.208060
20040615,943,2,ATLANTA AV,BIXBY RD,Y,A,0,0,0,2,A,-,9,N,B,C,A,H,A,A,N,,
20040615,1120,2,VERNON ST,ATLANTIC AV,N,A,0,0,0,2,A,-,21,M,D,E,A,H,A,D,N,33.803515,-118.185024
20040615,1404,2,ATLANTIC AV,20TH ST,Y,A,3,0,2,2,A,-,9,F,D,C,A,H,A,A,N,33.793484,-118.185020
20040615,1630,2,CREST DR,LONG BEACH BL,Y,A,0,0,0,2,A,-,4,M,C,C,A,H,A,A,N,33.816904,-118.189230