COLLISION_DATE,COLLISION_TIME,DAY_OF_WEEK,PRIMARY_RD,SECONDARY_RD,INTERSECTION,WEATHER_1,COLLISION_SEVERITY,NUMBER_KILLED,NUMBER_INJURED,PARTY_COUNT,PRIMARY_COLL_FACTOR,PCF_CODE_OF_VIOL,PCF_VIOL_CATEGORY,HIT_AND_RUN,TYPE_OF_COLLISION,MVIW,ROAD_SURFACE,ROAD_COND_1,LIGHTING,CONTROL_DEVICE,ALCOHOL_INVOLVED,LATITUDE,LONGITUDE
20040615,1359,2,ARTESIA BL,ORANGE AV,N,A,0,0,0,2,A,-,21,N,B,C,A,H,A,D,N,33.874675,-118.177374
20040615,1720,2,RT 405,WILLOW ST,N,A,0,0,0,2,A,-,3,N,C,C,A,H,A,A,N,33.770050,-118.193739
20040615,820,2,RT 405,PALO VERDE,N,B,0,0,0,3,A,-,3,N,C,C,A,H,A,D,N,33.770050,-118.193739
20040615,1501,2,7TH ST,MAINE AV,N,A,3,0,1,2,A,-,11,F,G,B,A,H,A,D,N,39.787011,-74.194408
20040615,2022,2,RT 405,223 RD ST,N,A,0,0,0,3,A,-,3,N,B,C,A,H,D,D,N,33.770050,-118.193739
20040615,2027,2,7TH ST,W ADAMS DR,N,A,0,0,0,3,A,-,3,N,C,C,A,H,C,A,N,34.032618,-118.323907
20040615,1750,2,4TH ST,JUNIPERO,Y,A,4,0,2,2,A,-,4,N,C,-,A,H,A,A,N,33.771718,-118.164391
20040615,1940,2,CARSON ST,WOODRUFF AV,N,A,0,0,0,2,A,-,7,N,C,C,A,H,A,D,N,33.771718,-118.116545
20040615,1409,2,DONALD DOUGLAS DR,DONALD DOUGLAS DR 4100,N,A,4,0,1,2,A,-,3,N,G,B,A,H,A,D,N,34.021675,-118.445994
20040616,841,3,SPRING,CHATWIN,N,B,0,0,0,2,A,-,1,N,B,C,A,H,A,D,Y,33.770050,-118.193739
20040616,110,3,RT 710,DOMINGUEZ ST,N,A,0,0,0,2,A,-,1,N,C,D,A,H,C,D,Y,33.770050,-118.193739
20040616,1855,3,STUDEBAKER RD,7TH ST,Y,A,4,0,1,2,A,-,1,F,D,C,A,H,A,A,Y,33.838921,-118.207681
20040616,1128,3,CARSON ST,OSTROM AV,N,B,2,0,1,2,A,-,12,N,C,C,A,H,A,A,N,33.773923,-118.101878
20040616,40,3,CARSON ST,CLARK AV,N,A,0,0,0,1,A,-,8,N,E,-,A,H,C,A,N,33.832368,-118.133854
20040616,903,3,MARTIN LUTHER KING JR AV,8TH ST,-,B,0,0,0,2,A,-,3,N,C,C,A,H,A,A,N,33.776548,-118.180676
20040616,920,3,3RD ST,ELM AV,N,A,0,0,0,3,A,-,7,M,B,C,A,H,A,D,N,33.770494,-118.187682
20040616,1744,3,14TH ST,OHIO AV,N,B,0,0,0,2,A,-,9,N,D,C,A,H,A,D,N,,
20040616,1950,3,BELLFLOWER AV,WARDLOW RD,Y,A,0,0,0,2,A,-,9,N,D,C,A,H,A,A,N,33.818750,-118.125154
20040616,1933,3,ATLANTIC AV,45TH ST,-,B,0,0,0,2,D,-,0,N,B,C,A,H,B,D,N,33.818750,-118.125154
20040616,2100,3,HUGHES WY,WARNOCK WY,N,A,0,0,0,1,A,-,3,N,E,I,A,H,C,D,N,33.839869,-118.185052
20040616,818,3,DAISY AV,LOMA VISTA,N,A,0,0,0,2,A,-,3,N,C,C,A,H,A,A,N,33.827387,-118.214479
20040616,747,3,WILLOW,W PACIFIC,N,B,4,0,1,3,A,-,3,M,C,C,A,H,A,A,N,33.781955,-118.199388
20040616,2144,3,LONG BEACH BL,WARDLOW RD,Y,A,0,0,0,2,A,-,9,N,B,C,-,-,C,A,N,33.818979,-118.189257
20040616,1535,3,ATLANTIC AV,20TH ST,N,A,4,0,2,2,A,-,3,N,C,C,A,H,A,D,N,33.793484,-118.185020
20040616,1820,3,CHERRY AV,TEHACHAPI DR,Y,B,2,0,1,2,A,-,8,N,D,G,A,H,A,D,N,33.793484,-118.185020
20040616,840,3,RT 405,TEMPLE AV,N,B,3,0,3,3,A,-,3,N,C,C,A,H,A,D,N,33.836567,-118.167462
20040616,1559,3,2ND ST,SAN MARCO,Y,A,4,0,1,2,A,-,3,N,C,C,A,H,A,D,N,33.770050,-118.193739
20040616,2052,3,6TH ST,ELM AV,Y,A,4,0,4,4,A,-,12,N,D,C,A,H,C,A,N,33.774145,-118.187666
20040616,2500,3,ATLANTIC AV,45TH ST,N,B,0,0,0,2,D,-,0,N,B,C,A,H,B,D,N,33.839869,-118.185052
20040616,1331,3,PACIFIC COAST HWY,HARBOR,Y,A,0,0,0,2,D,-,0,N,B,C,A,H,A,A,N,33.789908,-118.210499
20040616,1445,3,PACIFIC COAST HWY,LOCUST AV,Y,A,0,0,0,2,D,-,0,N,B,C,A,H,A,A,N,33.789849,-118.191081
20040617,1608,4,RT 710,DEL AMO BL,N,A,0,0,0,2,A,-,1,N,C,C,A,H,A,D,Y,33.847073,-118.130810
20040617,1845,4,RT 405,LAKEWOOD BL,N,A,0,0,0,2,A,-,3,M,C,C,A,H,A,D,N,33.843075,-118.142426
20040617,1030,4,CHERRY AV,DEL AMO BL,Y,-,4,0,1,2,A,-,3,F,C,C,A,H,A,A,N,33.846859,-118.167613
20040617,1308,4,LONG BEACH BL,11TH ST,N,A,4,0,1,2,A,-,- ,N,G,G,A,H,A,D,N,33.846859,-118.167613
20040617,1821,4,11TH ST,E DAISY AV,N,A,3,0,1,2,A,-,10,N,G,B,A,H,A,A,N,33.780918,-118.189261
20040617,1147,4,SPRING ST,CLARK AV,Y,A,0,0,0,2,A,-,12,N,D,C,A,H,A,A,N,,
20040617,1208,4,WOODRUFF,S DEBORAH,N,A,3,0,5,2,A,-,9,N,D,C,A,H,A,D,N,33.804446,-118.114510
20040617,812,4,4TH ST,LONG BEACH BL,Y,B,4,0,1,2,A,-,10,N,G,B,A,H,A,A,N,33.771710,-118.189314
20040617,743,4,4TH ST,CARROLL PARK E,Y,A,0,0,0,2,A,-,9,N,D,C,A,H,A,A,N,33.771715,-118.162951
20040617,1705,4,WILLOW ST,PALO VERDE AV,Y,A,0,0,0,2,A,-,9,N,B,C,A,H,A,A,N,33.803149,-118.107912
20040617,1045,4,60TH ST,GAVIOTA AV,Y,A,0,0,0,2,-,-,- ,N,C,C,A,H,A,A,N,33.803149,-118.107912
20040617,745,4,RT 710,RT 405,N,B,0,0,0,2,A,-,3,N,C,C,A,H,A,D,N,33.770050,-118.193739
20040617,2242,4,REDONDO AV,ANAHEIM ST,Y,B,0,0,0,2,-,-,- ,N,D,C,A,H,C,A,N,33.782602,-118.152411
20040617,1510,4,RT 47,HEIM BR,N,A,0,0,0,3,A,-,3,N,C,C,A,H,A,D,N,33.782602,-118.193739
20040618,1120,5,RT 91,RT 710,N,A,0,0,0,4,A,-,3,N,C,C,A,H,A,D,N,32.932282,-80.411644
20040618,6,5,PARKCREST,KAREN,N,A,0,0,0,3,A,-,8,M,B,E,A,H,C,D,N,,
20040618,1800,5,RT 91,CHERRY AV,N,A,0,0,0,2,A,-,7,N,C,C,A,H,A,D,N,33.876334,-118.167205
20040618,957,5,SHOPKEEPER RD,2ND ST,N,A,0,0,0,2,A,-,9,N,D,C,A,H,A,D,N,33.876334,-118.167205
20040618,1118,5,10TH ST,JUNIPERO AV,Y,A,4,0,1,2,D,-,0,N,D,C,A,H,A,A,N,33.758914,-118.108371
20040618,1530,5,SAN ANTONIO DR,ATLANTIC AV,Y,A,4,0,1,2,A,-,9,N,G,G,A,H,A,D,N,33.778973,-118.163312
20040618,1126,5,ATLANTIC AV,WARDLOW RD,N,A,4,0,1,2,A,-,9,N,D,-,A,H,A,D,N,33.818910,-118.185015
20040618,1706,5,LEMON AV,E 65TH ST,Y,A,0,0,0,2,A,-,9,N,D,C,A,H,A,A,N,33.818910,-118.185015
20040618,119,5,E 4TH WY,CALIFORNIA,N,A,0,0,0,3,A,-,7,N,B,E,A,H,C,D,N,33.872772,-118.179213
20040618,1856,5,E 1ST ST,LONG BEACH BL,N,A,0,0,0,2,A,-,8,N,B,E,A,H,A,D,N,33.768079,-118.189466
20040618,1145,5,ATLANTIC AV,SPRING ST,N,A,0,0,0,2,A,-,3,N,C,C,A,H,A,A,N,33.811590,-118.185067
20040618,1727,5,SPRING,CLAREMORE AV,Y,A,0,0,0,2,A,-,9,N,D,C,A,H,A,A,N,33.810432,-118.078274
20040618,1656,5,TEMPLE,SPAULDING,N,A,4,0,1,2,A,-,9,N,D,G,A,H,A,D,N,33.785944,-118.158940
20040618,925,5,ROSEBAY ST,OCANA AV,Y,A,0,0,0,1,A,-,21,N,E,I,A,H,A,D,N,33.813801,-118.120663
20040618,1136,5,SPRING ST,W ORANGE,N,A,4,0,1,3,D,-,0,N,B,C,A,H,A,D,N,33.811647,-118.176302
20040618,1215,5,RT 710,6TH ST,-,A,2,0,2,1,A,-,3,N,E,I,A,H,A,D,N,33.773517,-118.149691
20040618,856,5,1ST ST,LONG BEACH BL,N,A,0,0,0,2,A,-,8,N,B,E,A,H,A,D,N,33.773517,-118.149691
20040618,1510,5,RT 91,DOWNEY AV,N,A,4,0,1,2,A,-,3,N,C,C,A,H,A,D,N,33.876770,-118.153649
20040618,1648,5,PACIFIC COAST HWY,GARDENIA AV,N,A,0,0,0,2,A,-,8,N,D,D,A,H,A,D,N,33.789852,-118.168729
20040618,1805,5,PACIFIC COAST HWY,LAKEWOOD,Y,A,0,0,0,2,D,-,0,N,B,C,A,H,A,D,N,33.789852,-118.189507
20040618,1245,5,LAKEWOOD BL,OUTER TRAFFIC CIR,Y,A,0,0,0,2,A,-,9,N,D,C,A,H,A,D,N,33.791542,-118.142661
20040618,1627,5,PACIFIC COAST HWY,GARDENIA AV,Y,A,0,0,0,2,A,-,9,N,D,C,A,H,A,A,N,33.789852,-118.168729
20040618,1155,5,LAKEWOOD,STEARNS,-,A,0,0,0,2,A,-,8,N,B,C,A,H,A,D,N,33.796078,-118.142774
20040618,1600,5,RT 710,RT 91,N,A,0,0,0,2,A,-,7,N,B,C,A,H,A,D,N,33.770050,-118.193739
20040618,2035,5,E SPRING ST,CHERRY,N,A,0,0,0,2,A,-,9,N,H,G,A,H,C,D,N,33.811671,-118.167533
20040619,2200,6,3RD ST,PACIFIC AV,Y,A,0,0,0,2,A,-,12,M,D,C,A,H,C,A,Y,46.350080,-124.054569
20040619,1845,6,RT 405,WOODRUFF AV,N,A,0,0,0,3,A,-,3,N,C,C,A,H,A,D,N,33.813146,-118.115196
20040619,1800,6,RT 405,LOS CERRITOS CHANNEL,N,A,3,0,3,3,A,-,3,N,D,C,A,H,A,D,N,33.770050,-118.193739
20040619,1935,6,RT 710,COMPTON CREEK,N,B,3,0,1,1,A,-,8,N,F,A,A,H,A,D,N,33.770050,-118.193739
20040619,2126,6,GOLDEN AV,5TH ST,N,-,0,0,0,3,A,-,7,M,B,E,-,-,-,D,N,33.770050,-118.193739
20040619,2005,6,7TH ST,CHANNEL,N,A,0,0,0,2,-,-,- ,M,C,C,A,H,B,-,N,33.775220,-118.119009
20040619,735,6,JUNIPERO AV,4TH ST,N,B,0,0,0,2,A,-,17,M,B,C,A,H,A,D,N,,
20040619,130,6,WARDLOW RD,PACIFIC PL,N,A,0,0,0,2,A,-,7,M,B,C,A,H,C,D,N,33.819044,-118.195946
20040619,545,6,LONG BEACH BL,VICTORIA ST,Y,A,4,0,1,2,A,-,12,N,D,C,A,H,A,A,N,33.864882,-118.200006
20040619,1820,6,WOODRUFF AV,WARDLOW RD,Y,A,4,0,1,2,A,-,12,N,D,C,A,H,A,A,N,33.818859,-118.116517
20040619,1925,6,SPRING ST,PALO VERDE,N,B,0,0,0,2,A,-,9,N,D,C,A,H,A,A,N,33.810426,-118.107869
20040619,1227,6,ANAHEIM,TERMINO,N,A,3,0,1,2,C,-,18,N,H,B,A,H,A,D,N,33.782595,-118.145883
20040619,1805,6,ORANGE AV,19TH ST,Y,B,4,0,1,2,A,-,12,N,D,G,A,H,A,A,N,33.791251,-118.176312
20040619,1600,6,CARSON ST,SHOPPING CNTR DR,Y,A,0,0,0,2,A,-,12,N,D,C,A,H,A,A,N,33.791251,-118.193739
20040619,2000,6,21ST,CEDAR AV,-,A,0,0,0,3,A,-,8,N,C,C,A,H,A,D,N,33.795299,-118.194793
20040619,1534,6,68TH WY,ORCUTT AV,-,B,0,0,0,4,A,-,8,N,B,C,A,H,A,D,N,33.795299,-118.194793
20040619,1900,6,EAST 2ND ST,MARINA DR,N,A,0,0,0,2,A,-,7,N,C,C,A,H,A,D,N,33.757647,-118.113255
20040619,1918,6,7TH ST,ORANGE AV,Y,A,0,0,0,2,A,-,12,N,D,C,A,H,A,A,N,33.775366,-118.176353
20040619,1350,6,3RD ST,LINDEN AV,-,A,0,0,0,2,A,I,- ,N,D,G,A,H,A,-,N,33.770499,-118.186365
20040619,2145,6,7TH ST,PARK AV,Y,A,0,0,0,2,A,-,9,N,A,C,A,H,C,A,N,33.775354,-118.137369
20040619,1339,6,7TH ST,MARTIN LUTHER KING JR AV,Y,A,4,0,1,2,D,-,0,N,D,C,A,-,A,A,N,33.775350,-118.180686
20040620,125,7,RT 405,TEMPLE,N,A,3,0,2,2,A,-,1,N,C,C,A,H,C,D,Y,34.145957,-118.417898
20040620,2352,7,15TH ST,STANLEY AV,N,A,0,0,0,2,A,-,21,M,D,E,A,H,C,D,Y,34.145957,-118.417898
20040620,2127,7,CLARK AV,SPRING,N,A,3,0,2,2,A,-,1,N,C,C,A,H,C,A,Y,33.786226,-118.162228
20040620,130,7,RT 405,TEMPLE AV,N,A,3,0,1,2,A,-,3,F,G,B,A,H,C,D,Y,34.145957,-118.417898
20040620,2110,7,WARNOCK WY,SANTA FE AV,N,A,0,0,0,2,A,-,5,M,B,C,A,H,C,A,N,34.145957,-118.417898
20040620,2025,7,DEL AMO BL,CHERRY AV,N,A,0,0,0,2,A,-,4,M,C,C,A,H,C,D,N,,
20040620,1745,7,7TH ST,GRAND,Y,-,4,0,1,2,-,-,- ,F,G,B,-,-,-,D,N,33.775341,-118.148062
20040620,1531,7,RT 710,LIGHT POLE QC1455,N,A,3,0,2,2,A,-,8,N,B,-,A,H,A,D,N,33.775341,-118.148062
20040620,2005,7,RT 405,PALO VERDE AV,N,A,0,0,0,1,A,-,3,N,E,I,A,H,A,D,N,33.775341,-118.148062
20040620,1710,7,SAINT LOUIS AV,8TH ST,N,A,0,0,0,2,A,-,21,N,C,C,A,H,A,D,N,33.777191,-118.166581
20040620,1655,7,7TH ST,MLK,Y,A,4,0,1,2,D,-,0,N,D,-,A,H,A,A,N,33.775350,-118.180686
20040621,800,1,RT 405,SANTA FE AV,N,B,0,0,0,2,A,-,3,M,B,C,A,H,A,D,N,33.807295,-118.215507
20040621,840,1,RT 710,RT 405,N,A,0,0,0,2,A,-,7,N,B,C,A,H,A,D,N,33.770050,-118.193739
20040621,1730,1,RT 710,RT 405,N,A,4,0,3,3,A,-,3,N,C,C,-,H,A,D,N,33.770050,-118.193739
20040621,2136,1,ANAHEIM ST,ALAMITOS AV,Y,A,0,0,0,2,A,-,9,M,D,C,A,H,C,A,N,33.782608,-118.177967
20040621,1800,1,10TH ST,DAWSON,Y,A,0,0,0,2,A,-,0,M,C,C,A,H,A,A,N,33.778972,-118.165489
20040621,700,1,PARAMOUNT,65TH ST,N,B,0,0,0,2,A,-,7,M,C,C,A,H,B,D,N,33.872496,-118.159965
20040621,105,1,33RD ST,PINE,Y,A,0,0,0,1,-,-,- ,M,E,I,A,H,C,D,N,33.817092,-118.191956
20040621,1254,1,4TH ST,ALAMITOS,Y,B,0,0,0,2,A,-,9,N,D,C,A,H,A,A,N,33.771717,-118.181305
20040621,1729,1,VIA WANDA,VIA WANDA 991,-,A,4,0,1,2,A,-,11,N,G,B,A,H,A,D,N,33.849959,-118.179536
20040621,1740,1,BROADWAY,MAGNOLIA AV,Y,A,4,0,1,2,D,-,0,N,D,G,A,H,A,A,N,33.849959,-118.179536
20040621,1338,1,WILLOW ST,PACIFIC AV,N,A,4,0,3,2,A,-,9,N,D,C,A,H,A,A,N,33.804440,-118.193717
20040621,945,1,OCEAN BL,RT 47,Y,B,0,0,0,1,A,-,8,M,E,I,A,-,A,A,N,39.627783,-74.190228
20040621,2156,1,68TH ST,CURTIS AV,Y,A,0,0,0,2,A,-,8,N,D,C,A,H,C,A,N,33.878315,-118.158902
20040621,1132,1,3RD ST,DAISY AV,Y,A,0,0,0,2,A,-,12,N,D,C,A,H,A,A,N,33.770517,-118.199385
20040621,1322,1,ANAHEIM ST,XIMENO WY,Y,A,4,0,2,2,A,-,9,N,A,C,A,H,A,A,N,33.782595,-118.141530
20040621,1505,1,PACIFIC AV,HILL ST,N,A,0,0,0,2,A,-,3,N,C,C,A,H,A,A,N,33.797113,-118.193667
20040621,1740,1,20TH ST,PACIFIC AV,N,A,0,0,0,2,A,-,8,N,D,E,A,H,A,A,N,33.793484,-118.193780
20040621,1440,1,MARTIN LUTHER KING JR BL,6TH ST,Y,A,0,0,0,2,A,-,4,N,C,C,A,H,A,D,N,33.774083,-118.180765
20040621,1040,1,PACIFIC COAST HWY,MAGNOLIA AV,N,-,0,0,0,2,A,-,3,N,C,C,-,-,-,A,N,33.789866,-118.198093
20040621,1500,1,RT 405,LAKEWOOD BL,N,A,4,0,2,4,A,-,3,N,C,C,A,H,A,D,N,33.843075,-118.142426
20040621,1231,1,RT 710,COMPTON CREEK,N,B,0,0,0,3,A,-,3,N,C,C,A,H,A,D,N,33.770050,-118.193739
20040621,1230,1,RT 710,COMPTON CREEK,N,A,0,0,0,3,A,-,3,N,C,C,A,H,A,D,N,33.770050,-118.193739
20040621,1224,1,LOCUST AV,56TH ST,Y,A,3,0,3,2,A,-,12,N,D,C,A,H,A,D,N,33.770050,-118.193739
20040621,2035,1,ATLANTIC AV,55TH ST,N,A,0,0,0,2,A,-,8,N,B,C,A,H,C,D,N,33.856240,-118.184892
20040622,2320,2,SAN ANSELMO AV,BRITTON DR,N,A,4,0,1,4,A,-,1,N,A,E,A,H,C,D,Y,33.791301,-118.119882
20040622,1650,2,SANTA FE AV,17TH ST,Y,A,0,0,0,2,A,-,1,M,-,C,A,H,A,-,Y,33.791301,-118.215471
20040622,52,2,RT 605,SPRING ST,N,A,3,0,1,2,A,-,1,N,E,I,A,H,D,D,Y,33.810673,-118.134847
20040622,845,2,RT 710,DEL AMO BL,N,B,4,0,2,3,A,-,3,N,C,C,A,H,A,D,N,33.847073,-118.130810
20040622,1535,2,LOS COYOTES DIAGONAL,PALO VERDE,N,-,0,0,0,2,A,-,7,M,B,E,-,-,-,D,N,33.820462,-118.107814
20040622,330,2,CARSON ST,LOS COYOTES DIAGONAL,Y,-,0,0,0,1,-,-,- ,M,E,I,-,-,-,A,N,33.832134,-118.098846
20040622,1513,2,LOCUST AV,8TH ST,N,A,0,0,0,2,A,-,17,N,B,C,A,H,A,A,N,33.776585,-118.191079
20040622,2120,2,4TH ST,TERMINO AV,Y,A,0,0,0,2,A,-,12,N,D,C,A,H,C,A,N,33.776585,-118.145896
20040622,1513,2,SAN ANTONIO DR,CALIFORNIA AV,Y,A,4,0,3,2,A,-,8,N,D,C,A,H,A,D,N,33.838715,-118.181664
20040622,1856,2,WARDLOW RD,DELTA AV,Y,A,4,0,2,2,A,-,12,N,H,C,A,H,A,A,N,33.823710,-118.211042
20040622,910,2,LONG BEACH BL,BIXBY RD,N,A,0,0,0,2,A,-,3,N,C,C,A,H,A,A,N,33.826702,-118.189344
20040622,1957,2,BROADWAY,PINE,N,A,0,0,0,2,A,-,8,N,B,C,A,H,C,D,N,40.626710,-73.714487
20040622,1330,2,RT 91,PARAMOUNT BL,N,A,0,0,0,2,A,-,3,N,E,J,A,H,A,D,N,33.875856,-118.159275
20040622,1440,2,RT 710,ANAHEIM ST,N,A,0,0,0,3,A,-,3,N,C,C,A,H,A,A,N,33.782618,-118.162432
20040622,1300,2,RT 405,CHERRY AV,N,B,0,0,0,1,C,-,18,N,E,J,A,H,A,D,N,33.823170,-118.167726
20040622,2135,2,RT 405,RT 710,N,A,0,0,0,2,A,-,3,N,D,C,A,H,C,D,N,46.462508,-95.646979
20040622,2300,2,2ND ST,LIVINGSTON DR,Y,A,0,0,0,2,A,-,8,M,H,C,A,H,C,A,N,33.762161,-118.139428
20040623,1500,3,RT 91,LONG BEACH BL,N,A,0,0,0,2,A,-,1,N,C,C,A,H,A,D,Y,33.873156,-118.200648
20040623,1523,3,RT 405,CHERRY AV,N,A,4,0,1,2,A,-,3,N,C,C,A,H,A,D,N,33.823170,-118.167726
20040623,1610,3,RT 405,WILLOW ST,N,A,0,0,0,2,A,-,6,N,C,C,A,H,A,D,N,33.770050,-118.193739
20040623,1306,3,PALO VERDE AV,PALO VERDE AV 3557,-,A,0,0,0,2,D,-,0,M,B,C,A,H,A,A,N,34.410755,-118.453491
20040623,1705,3,ANAHEIM RD,EL PARQUE ST,Y,A,0,0,0,2,A,-,12,N,D,G,A,H,A,A,N,33.783529,-118.130918
20040623,1802,3,7TH ST,PEPPER TREE LN,N,A,4,0,1,2,A,-,3,N,C,C,A,H,A,A,N,33.774140,-118.108707
20040623,5,3,OCEAN BL,ALAMITOS AV,N,A,0,0,0,3,A,-,3,N,C,C,A,H,A,A,N,33.766221,-118.183133
20040623,1804,3,SAINT LOUIS AV,4TH ST,N,A,0,0,0,2,A,-,9,N,D,C,A,H,A,D,N,33.766221,-118.183133
20040623,729,3,7TH ST,REDONDO AV,N,A,0,0,0,2,A,-,3,N,C,C,A,H,A,A,N,33.775338,-118.152417
20040623,1511,3,ALAMITOS AV,HELLMAN ST,Y,A,3,0,2,3,A,-,9,N,D,-,A,H,A,D,N,33.775338,-118.152417
20040623,1705,3,ANAHEIM RD,EL PARQUE ST,Y,A,0,0,0,2,A,-,12,N,D,G,A,H,A,A,N,33.777162,-118.179622
20040623,1730,3,XIMENO AV,7TH ST,N,A,0,0,0,2,A,-,3,N,C,C,A,H,A,D,N,33.777162,-118.179622
20040623,1211,3,ATLANTIC AV,56TH ST,Y,A,0,0,0,2,A,-,12,N,D,C,A,H,A,A,N,33.775330,-118.141552
20040623,442,3,PACIFIC AV,PACIFIC COAST HWY,Y,A,3,0,1,2,A,-,12,N,D,C,A,H,D,A,N,33.789847,-118.193724
20040623,1710,3,PACIFIC COAST HWY,LEMON AV,Y,A,4,0,1,2,A,-,9,N,D,C,A,H,A,A,N,33.789858,-118.178418
20040623,642,3,PACIFIC COAST HWY,ORANGE AV,N,A,4,0,1,2,A,-,10,N,G,B,A,H,A,A,N,33.789854,-118.176289
20040623,1650,3,RT 405,ATLANTIC AV,N,A,0,0,0,3,A,-,3,N,C,C,A,H,A,D,N,39.576654,-74.226897
20040623,735,3,RT 710,RT 405,N,B,4,0,3,4,A,-,3,N,C,C,A,H,A,D,N,33.770050,-118.193739
20040623,1645,3,RT 710,ATLANTIC AV,N,A,0,0,0,2,A,-,3,N,C,C,A,H,A,D,N,39.576654,-74.226897
20040623,1800,3,RT 710,ATLANTIC AV,-,A,4,0,2,4,A,-,7,N,B,C,A,H,A,D,N,39.576654,-74.226897
20040623,1600,3,RT 91,ATLANTIC AV,N,A,2,0,1,2,A,-,3,N,C,C,A,H,A,D,N,33.874843,-118.193412
20040624,1605,4,4TH ST,ORIZABA AV,Y,A,3,0,1,3,A,-,9,N,D,C,A,H,A,A,N,33.771708,-118.156758
20040624,1145,4,CHERRY,ANAHEIM,-,A,0,0,0,2,A,-,9,M,D,C,A,H,A,A,N,33.782604,-118.167652
20040624,1540,4,2ND ST,GLENDORA AV,N,A,4,0,2,2,A,-,3,N,C,C,A,H,A,A,N,33.759280,-118.132695
20040624,2038,4,WARDLOW RD,DELTA AV,Y,A,0,0,0,2,A,-,9,N,D,C,A,H,C,A,N,33.823710,-118.211042
20040624,2018,4,PALO VERDE AV,WARDLOW,N,A,0,0,0,1,-,-,- ,M,E,I,A,H,C,D,N,33.818859,-118.107822
20040624,145,4,EAST 10TH ST,E 10TH ST 1735,Y,A,0,0,0,1,A,-,3,M,E,I,A,H,C,D,N,33.778968,-118.192391
20040624,544,4,ANAHEIM ST,ORIZABA,N,A,4,0,1,2,A,-,10,F,G,B,A,H,A,D,N,33.782602,-118.156761
20040624,1400,4,PINE AV,15TH ST,Y,A,4,0,1,2,A,-,3,N,C,C,A,H,A,A,N,33.785316,-118.192395
20040624,2222,4,LONG BEACH BL,20TH ST,Y,A,3,0,3,3,A,-,12,N,D,C,A,H,C,A,N,33.793480,-118.189263
20040624,1221,4,69TH ST,DOWNEY AV,Y,A,4,0,1,2,A,-,8,N,B,C,A,H,A,A,N,33.793480,-118.189263
20040624,1725,4,WILLOW ST,PACIFIC AV,N,A,0,0,0,2,A,-,4,N,C,C,A,H,A,A,N,33.804440,-118.193717
20040624,1544,4,VICTORIA,SUSANA RD,N,A,0,0,0,3,A,-,7,N,B,C,A,H,A,D,N,33.804440,-118.193717
20040624,2050,4,ANAHEIM ST,LOMA AV,N,A,0,0,0,2,A,-,8,N,B,E,A,H,C,A,N,33.782598,-118.150236
20040624,1330,4,PACIFIC COAST HWY,REDONDO AV,Y,A,4,0,1,3,A,-,3,N,C,C,A,H,A,D,N,33.789853,-118.152439
20040624,1500,4,RT 405,BELLFLOWER BL,N,A,4,0,1,2,A,-,8,N,D,C,A,H,A,D,N,33.769086,-118.120973
20040624,1307,4,SANTA FE,16TH ST,Y,A,4,0,1,3,A,-,9,N,D,C,A,H,A,A,N,33.787298,-118.215469
20040625,800,5,WALNUT AV,17TH ST,N,A,0,0,0,2,A,-,7,N,B,E,A,-,A,D,N,33.787298,-118.215469
20040625,835,5,SANTA FE AV,19TH ST,N,A,0,0,0,2,A,-,7,N,C,I,A,H,A,D,N,33.788065,-118.171985
20040625,1300,5,ORANGE,HARDING,Y,A,4,0,1,2,A,-,3,F,C,C,A,H,A,A,N,33.867345,-118.177333
20040625,755,5,CEDAR,15TH ST,N,B,4,0,1,2,A,-,21,F,G,B,A,H,A,D,N,33.786226,-118.195055
20040625,1330,5,OCEAN BL,ALAMITOS,N,A,0,0,0,2,-,-,- ,M,C,C,A,H,A,D,N,33.766221,-118.183133
20040625,1309,5,OCEAN BL,OCEAN MANOR,N,A,0,0,0,1,-,-,- ,N,E,I,A,H,A,D,N,33.760640,-118.149070
20040625,737,5,GAVIOTA AV,10TH ST,Y,A,4,0,1,3,A,-,10,N,G,B,A,H,A,D,N,33.778972,-118.170906
20040625,837,5,VIA ORO AV,CARSON ST,Y,A,3,0,1,1,B,-,22,N,E,I,A,H,A,A,N,33.831742,-118.212544
20040625,2200,5,2ND ST,SAINT JOSEPH AV,N,A,0,0,0,3,A,-,8,N,B,C,A,H,C,A,N,33.761358,-118.137289
20040625,1600,5,WILLOW ST,PACIFIC AV,Y,A,3,0,1,2,A,-,9,N,D,C,A,H,A,A,N,33.804440,-118.193717
20040625,1625,5,7TH ST,BELLFLOWER,N,A,4,0,1,3,A,-,3,N,C,C,A,H,A,A,N,33.775248,-118.121193
20040625,1500,5,ORANGE AV,PACIFIC COAST HWY,Y,A,0,0,0,2,A,-,9,N,D,C,A,H,A,A,N,33.789854,-118.176289
20040625,1515,5,RT 710,CARSON ST,N,A,0,0,0,2,A,-,3,N,C,C,A,H,A,D,N,33.832262,-118.135654
20040625,1310,5,RT 710,DEL AMO BL,N,A,0,0,0,3,A,-,3,N,C,C,A,H,A,D,N,33.847073,-118.130810
20040625,1525,5,RT 91,LONG BEACH BL,N,A,3,0,1,3,A,-,3,N,C,C,A,H,A,D,N,33.873156,-118.200648
20040626,1315,6,ORANGE AV,ANAHEIM ST,N,A,0,0,0,2,A,-,7,M,C,E,-,H,A,D,Y,33.782603,-118.176335
20040626,27,6,RT 605,KATELLA AV,N,A,0,0,0,2,A,-,1,N,C,C,A,H,D,D,Y,33.803096,-118.082814