COLLISION_DATE,COLLISION_TIME,DAY_OF_WEEK,PRIMARY_RD,SECONDARY_RD,INTERSECTION,WEATHER_1,COLLISION_SEVERITY,NUMBER_KILLED,NUMBER_INJURED,PARTY_COUNT,PRIMARY_COLL_FACTOR,PCF_CODE_OF_VIOL,PCF_VIOL_CATEGORY,HIT_AND_RUN,TYPE_OF_COLLISION,MVIW,ROAD_SURFACE,ROAD_COND_1,LIGHTING,CONTROL_DEVICE,ALCOHOL_INVOLVED,LATITUDE,LONGITUDE
20040715,1025,4,RT 605,CARSON ST,N,A,0,0,0,1,A,-,8,N,E,I,A,H,A,D,N,33.832262,-118.135654
20040715,1246,4,ALAMITOS,5TH ST,N,A,0,0,0,2,A,-,3,N,C,C,A,H,A,A,N,33.772925,-118.180933
20040715,1938,4,CERRITOS,HELLMAN,N,A,4,0,1,2,A,-,11,N,G,B,A,H,A,D,N,33.772925,-118.180933
20040715,1857,4,ARTESIA BL,ATLANTIC AV,N,A,0,0,0,2,A,-,9,N,D,C,A,H,A,D,N,33.874312,-118.186089
20040715,1855,4,3RD ST,LONG BEACH BL,N,A,0,0,0,2,A,-,7,N,B,C,A,H,A,A,N,33.874312,-118.186089
20040715,1537,4,3RD ST,ELM AV,Y,A,0,0,0,2,A,-,12,N,D,C,A,H,A,A,N,,
20040715,1015,4,TEMPLE AV,SPRING ST,N,A,3,0,1,2,A,-,9,N,D,C,A,H,A,A,N,33.811571,-118.158856
20040715,1610,4,LOS COYOTES DIAGONAL,XIMENO,Y,A,3,0,1,2,D,-,0,N,D,C,A,H,A,A,N,33.791929,-118.139567
20040715,1229,4,ALAMITOS AV,4TH ST,Y,A,0,0,0,2,A,-,12,N,D,C,A,H,A,A,N,33.791929,-118.181305
20040715,1200,4,E 72ND ST,E 72ND ST 1070,-,A,0,0,0,2,A,-,16,N,B,C,A,H,A,D,N,33.771717,-118.181305
20040715,646,4,53RD ST,LONG BEACH BL,Y,A,4,0,1,2,A,-,12,N,D,C,A,H,A,A,N,33.885458,-118.182783
20040715,1331,4,ALAMITOS AV,17TH ST,N,A,4,0,1,3,A,-,3,N,C,C,A,H,A,A,N,33.852382,-118.195811
20040715,1200,4,ATLANTIC AV,COLUMBIA ST,Y,A,0,0,0,2,A,-,3,N,C,C,A,H,A,A,N,33.788039,-118.176289
20040715,1728,4,XIMENO AV,7TH ST,N,A,4,0,1,2,A,-,3,N,C,C,A,H,A,D,N,33.775330,-118.141552
20040715,1000,4,DAISY AV,16TH ST,Y,A,0,0,0,2,-,-,- ,N,H,E,-,-,A,A,N,33.775330,-118.199358
20040715,2500,4,WHITE AV,FORHAN ST,N,F,0,0,0,1,B,-,22,M,E,I,-,H,-,A,N,33.871279,-118.195274
20040715,1830,4,RT 710,ATLANTIC AV,N,A,4,0,2,2,A,-,3,N,C,C,A,H,A,D,N,39.576654,-74.226897
20040715,2035,4,RT 405,SPRING ST,N,A,3,0,1,1,C,-,18,N,F,A,A,H,C,D,N,33.810673,-118.134847
20040715,1220,4,RT 405,WOODRUFF AV,N,A,3,0,1,1,A,-,3,N,E,J,A,H,A,D,N,33.813146,-118.115196
20040715,1515,4,OCEAN BL,PIER T,N,A,3,0,1,2,D,-,0,N,C,C,A,H,A,D,N,33.759369,-118.241680
20040715,430,4,RT 405,WOODRUFF AV,N,A,0,0,0,1,A,-,3,N,E,I,B,H,C,D,N,33.813146,-118.115196
20040715,1450,4,ELM AV,BROADWAY,N,A,0,0,0,2,-,-,- ,N,B,C,A,H,A,A,N,40.625497,-73.716432
20040715,2300,4,RT 405,BELLFLOWER BL,N,A,3,0,1,1,A,-,3,N,E,I,A,H,C,D,N,33.769086,-118.120973
20040715,1600,4,LONG BEACH BL,SPRING ST,Y,A,3,0,1,2,A,-,9,N,A,C,A,H,A,A,N,33.811573,-118.189350
20040715,756,4,MARTIN LUTHER KING,7TH ST,Y,A,3,0,1,2,A,-,10,F,G,B,A,H,A,A,N,33.775350,-118.180686
20040716,2250,5,RT 710,RT 405,N,A,0,0,0,2,A,-,8,M,B,C,A,H,C,D,N,33.770050,-118.193739
20040716,1725,5,RT 91,CHERRY AV,N,A,0,0,0,2,A,-,3,N,C,C,A,H,A,A,N,33.876334,-118.167205
20040716,620,5,RT 91,CHERRY AV,N,B,4,0,2,2,A,-,7,N,C,C,A,H,A,D,N,33.876334,-118.167205
20040716,700,5,PACIFIC COAST HWY,TECHNOLOGY PL,N,-,0,0,0,4,A,-,9,N,D,C,-,-,-,D,N,33.789807,-118.221390
20040716,1710,5,PALO VERDE AV,BELEN ST,N,A,0,0,0,2,A,-,5,N,D,C,A,H,A,A,N,33.808841,-118.107892
20040716,847,5,SPRING,PALO VERDE,Y,A,3,0,1,2,A,-,12,N,D,C,A,H,A,A,N,33.810426,-118.107869
20040716,1009,5,ATLANTIC AV,3RD ST,Y,A,4,0,2,2,A,-,12,N,D,C,A,H,A,A,N,33.810426,-118.107869
20040716,2259,5,OCEAN BL,LOMA AV,N,A,0,0,0,5,A,-,7,N,B,E,A,H,C,D,N,33.770501,-118.185045
20040716,900,5,ALAMITAS AV,16TH ST,N,A,0,0,0,4,A,-,3,N,C,C,A,H,A,D,N,33.760886,-118.150834
20040716,2145,5,PACIFIC COAST HWY,BELLFLOWER BL,N,A,4,0,1,2,A,-,8,N,B,C,A,H,C,A,N,33.774031,-118.121077
20040716,1502,5,LONG BEACH BL,MARKET ST,N,A,0,0,0,2,A,-,7,M,B,C,A,H,A,A,N,,
20040716,1400,5,LOS COYOTES DIAGONAL,BELLFLOWER,N,A,0,0,0,2,A,-,0,M,B,C,A,-,A,A,N,33.802141,-118.125195
20040716,1929,5,HOFFMAN AV,10TH ST,N,A,4,0,1,2,A,-,3,N,G,B,A,H,A,D,N,33.778967,-118.173634
20040716,1705,5,LAKEWOOD,WARDLOW,N,A,0,0,0,2,A,-,4,N,C,C,A,H,A,A,N,33.818804,-118.139045
20040716,1242,5,ORANGE AV,ARTESIA BL,N,A,4,0,2,2,A,-,4,N,C,C,A,H,A,A,N,33.874675,-118.177374
20040716,820,5,RT 710,ANAHEIM ST,N,A,0,0,0,2,A,-,3,N,C,C,A,H,A,D,N,33.782618,-118.162432
20040716,1625,5,RT 91,ATLANTIC AV,-,A,0,0,0,4,A,-,3,N,C,C,A,H,A,A,N,33.874843,-118.193412
20040716,800,5,RT 91,LONG BEACH BL,N,A,0,0,0,1,A,-,3,N,E,I,A,H,A,D,N,33.873156,-118.200648
20040716,820,5,RT 91,LONG BEACH BL,N,A,0,0,0,2,A,-,3,N,D,E,A,H,A,D,N,33.873156,-118.200648
20040716,1130,5,WARDLOW RD,ORANGE AV,Y,A,0,0,0,2,A,-,9,N,D,C,A,H,A,A,N,33.818916,-118.176327
20040716,850,5,6TH ST,PACIFIC AV,Y,A,4,0,1,2,A,-,12,N,D,C,A,H,A,A,N,,-118.193806
20040716,1410,5,RT 710,RT 405,N,A,0,0,0,2,A,-,7,N,B,C,A,H,A,A,N,33.770050,-118.193739
20040716,805,5,4TH ST,ALMOND AV,Y,A,0,0,0,2,A,-,7,N,D,C,A,H,A,D,N,33.771713,-118.174728
20040716,1456,5,DAISY AV,ANAHEIM ST,Y,A,0,0,0,2,-,-,- ,N,B,D,A,A,A,D,N,33.782608,-118.199380
20040717,2100,6,RT 710,WARDLOW RD,N,A,4,0,1,2,A,-,1,N,B,C,A,H,C,D,Y,33.818749,-118.130842
20040717,43,6,LONG BEACH BL,RT 710,-,A,4,0,1,1,A,-,1,N,E,I,A,H,C,A,Y,33.775673,-118.189288
20040717,215,6,RT 710,ANAHEIM ST,N,A,0,0,0,2,A,-,1,N,B,C,A,H,C,D,Y,33.782618,-118.162432
20040717,1445,6,RT 405,BELLFLOWER BL,N,A,0,0,0,2,A,-,3,N,C,C,A,H,A,D,N,33.769086,-118.120973
20040717,750,6,RT 405,WARDLOW RD,N,A,4,0,1,1,A,-,8,N,E,I,A,H,A,D,N,33.818749,-118.130842
20040717,950,6,RT 405,SAN GABRIEL RV,N,A,3,0,2,2,A,-,7,F,E,I,A,H,A,D,N,33.770050,-118.193739
20040717,1130,6,2ND ST,SIENA DR,-,A,3,0,2,3,A,-,5,N,A,C,A,H,A,D,N,,
20040717,1846,6,GARDENIA AV,ANAHEIM,N,A,4,0,1,2,D,-,0,N,G,B,A,H,B,D,N,,-118.168735
20040717,1937,6,DAWSON AV,ANAHEIM,N,A,3,0,1,2,A,-,11,N,G,B,A,H,A,D,N,33.782599,-118.165480
20040717,20,6,TEMPLE AV,RT 405,N,A,3,0,1,2,A,-,12,N,D,C,A,H,C,A,N,33.771802,-118.158963
20040717,148,6,LOS COYOTES DIAGONAL,SPRING ST,Y,A,4,0,1,3,A,-,12,N,D,C,A,H,C,A,N,33.810454,-118.117540
20040717,1400,6,STUDEBAKER RD,DRISCOLL ST,N,A,3,0,2,3,A,-,3,N,C,C,A,H,A,A,N,33.785803,-118.100088
20040717,2000,6,DIVISION,BAYSHORE DR,N,A,0,0,0,2,A,-,21,N,H,C,A,H,A,D,N,33.785803,-118.131378
20040717,2300,6,CHERRY AV,60TH ST,Y,A,0,0,0,2,A,-,8,M,D,C,A,H,C,D,N,33.864227,-118.168642
20040717,1911,6,DAISY AV,19TH ST,N,-,3,0,1,2,A,-,3,M,G,B,-,-,-,D,N,33.864227,-118.168642
20040717,1320,6,PACIFIC COAST HWY,CHERRY AV,N,A,0,0,0,2,A,-,21,M,C,C,A,H,A,A,N,33.789861,-118.167643
20040717,1,6,11TH ST,OBISPO AV,N,A,0,0,0,2,A,-,3,M,D,C,A,H,C,D,N,,
20040717,749,6,RT 405,WARDLOW RD,N,A,3,0,1,1,A,-,1,N,E,I,A,H,A,D,N,33.818749,-118.130842
20040717,1730,6,OCEAN BL,MAGNOLIA,Y,A,0,0,0,2,A,-,3,N,C,C,A,H,A,A,N,33.767374,-118.197984
20040717,1306,6,WARDLOW RD,PACIFICA AV,Y,A,0,0,0,2,A,-,12,N,D,C,A,H,A,A,N,33.819017,-118.193750
20040717,1228,6,VOLK AV,AIVLIS,N,A,0,0,0,3,A,-,7,N,C,C,A,H,A,D,N,33.794112,-118.094756
20040717,1945,6,RT 605,CARSON ST,N,A,2,0,2,1,A,-,8,N,E,I,A,H,B,D,N,33.832262,-118.135654
20040717,1125,6,RT 405,PACIFIC AV,N,A,0,0,0,4,A,-,3,M,C,C,A,H,A,D,N,46.356782,-124.054189
20040717,950,6,JUNIPERO AV,6TH ST,Y,A,0,0,0,2,A,-,9,N,D,C,A,H,A,D,N,46.356782,-118.163702
20040717,2500,6,REDONDO AV,PACIFIC COAST HWY,N,A,0,0,0,2,-,-,- ,N,H,E,A,H,C,D,N,33.789853,-118.152439
20040718,705,7,RT 710,RT 405,N,A,4,0,1,3,A,-,1,N,C,C,A,H,A,A,Y,33.770050,-118.193739
20040718,46,7,LIVINGSTON,ROSWELL,Y,A,4,0,1,4,A,-,1,N,C,E,A,H,C,D,Y,33.761211,-118.143748
20040718,1015,7,RT 405,SANTA FE AV,N,A,0,0,0,2,A,-,8,N,B,C,A,H,A,D,N,33.807295,-118.215507
20040718,1219,7,SOUTH ST,DOWNEY AV,N,A,0,0,0,2,A,-,9,N,D,C,A,H,A,A,N,33.860199,-118.151179
20040718,2100,7,ORANGE,HARDING,Y,A,4,0,2,2,A,-,12,N,D,C,A,H,C,A,N,33.867345,-118.177333
20040718,1358,7,BIXBY RD,PACIFIC AV,N,A,3,0,3,2,A,-,21,N,D,C,A,H,A,D,N,33.867345,-118.177333
20040718,905,7,ANAHEIM ST,PACIFIC COAST HWY,-,A,0,0,0,2,A,-,3,N,C,C,A,H,A,A,N,33.782723,-118.132815
20040718,1810,7,EAST BROADWAY,JUNIPERO AV,N,A,0,0,0,2,A,-,21,N,C,E,A,H,A,A,N,33.766933,-118.165809
20040718,2215,7,EAST 11TH ST,OHIO AV,N,A,0,0,0,2,A,-,7,N,B,E,A,H,C,D,N,33.766933,-118.165809
20040718,2500,7,ELM AV,MARKET ST,N,F,0,0,0,2,-,-,- ,M,H,E,A,H,B,D,N,33.780783,-118.160045
20040718,1308,7,BROADWAY ST,CHERRY AV,Y,A,3,0,1,3,A,-,8,N,A,C,A,H,A,A,N,33.854306,-118.188370
20040718,2139,7,LEMON AV,LIGHT PLE CB1111,N,-,0,0,0,2,A,-,21,N,H,C,-,-,-,D,N,33.770050,-118.193739
20040718,150,7,RT 710,DEL AMO BL,N,A,4,0,1,1,C,-,18,N,F,A,A,H,A,D,N,33.847073,-118.130810
20040718,639,7,ALAMITOS AV,ORANGE,Y,A,4,0,1,2,A,-,8,N,A,C,A,H,A,D,N,33.791251,-118.176312
20040719,1945,1,OCEAN BL,36TH PL,N,A,0,0,0,4,A,-,8,N,-,E,A,H,C,A,Y,33.760814,-118.150468
20040719,2115,1,RT 405,BELLFLOWER BL,N,A,0,0,0,2,C,-,18,N,E,J,A,H,C,D,N,33.769086,-118.120973
20040719,1800,1,RT 710,LOS ANGELES CO RV,N,A,0,0,0,2,A,-,3,N,C,C,A,H,A,D,N,33.770050,-118.193739
20040719,1940,1,1ST ST,LONG BEACH BL,N,A,0,0,0,2,A,-,8,N,B,E,A,H,B,A,N,33.768079,-118.189466
20040719,1718,1,RHEA ST,ATLANTIC AV,-,-,4,0,1,2,A,-,5,N,A,G,-,-,-,D,N,33.768079,-118.189466
20040719,1727,1,PACIFIC COAST HWY,LEMON AV,Y,A,4,0,2,3,A,-,8,N,D,C,A,H,A,D,N,33.789858,-118.178418
20040719,1221,1,10TH ST,LOMA AV,Y,A,4,0,1,2,A,-,- ,N,D,-,A,H,A,D,N,33.789858,-118.178418
20040719,2021,1,VIA VERANADA,ATLANTIC PLZ,Y,-,0,0,0,2,A,-,12,N,D,G,A,-,C,A,N,33.850511,-118.184242
20040719,825,1,ARTESIA BL,PARAMOUNT BL,N,A,0,0,0,2,A,-,7,N,C,E,A,H,A,D,N,33.874619,-118.159983
20040719,1608,1,ARTESIA BL,E LEWIS,N,A,4,0,1,2,A,-,3,N,C,C,A,H,A,A,N,33.874653,-118.180151
20040719,122,1,ANAHEIM ST,DAISY AV,N,A,3,0,1,6,C,-,18,N,B,E,A,H,C,D,N,33.782608,-118.199380
20040719,1530,1,MAGNOLIA,MAGNOLIA 2305,-,A,0,0,0,2,A,-,8,M,B,E,A,H,A,D,N,33.856579,-117.976339
20040719,1749,1,RT 91,ATLANTIC AV,N,A,0,0,0,2,A,-,7,N,B,C,A,H,A,D,N,33.874843,-118.193412
20040719,919,1,HARBOR SCENIC DR,QUEENS WAY BRIDGE,Y,A,2,0,3,2,A,-,7,N,D,C,A,H,A,D,N,33.874843,-118.193412
20040719,1345,1,RT 405,STUDEBAKER RD,N,A,4,0,1,2,A,-,7,N,C,C,A,H,A,D,N,33.791446,-118.099621
20040719,1634,1,BIXBY RD,LONG BEACH BL,Y,A,0,0,0,2,A,-,9,N,B,C,A,H,A,D,N,33.826702,-118.189344
20040720,1617,2,GRAND AV,7TH ST,N,A,0,0,0,2,A,-,21,M,C,E,A,H,A,D,Y,33.826702,-118.189344
20040720,1247,2,RT 405,LAKEWOOD BL,-,A,0,0,0,1,C,-,18,N,E,J,A,H,A,D,N,,
20040720,1515,2,RT 91,LONG BEACH BL,N,A,0,0,0,2,A,-,7,M,C,C,A,H,A,D,N,33.873156,-118.200648
20040720,1815,2,RT 405,BELLFLOWER BL,N,A,0,0,0,4,A,-,3,N,C,C,A,H,A,D,N,33.873156,-118.200648
20040720,835,2,RT 405,ATLANTIC AV,N,A,0,0,0,2,A,-,3,N,C,C,A,H,A,D,N,33.769086,-118.120973
20040720,1530,2,RT 710,UNION PACIFIC RR,N,A,0,0,0,2,A,-,3,N,C,C,A,H,A,D,N,33.770050,-118.193739
20040720,145,2,ORANGE AV,63RD ST,-,A,4,0,2,2,A,-,7,N,A,C,A,H,C,D,N,33.770050,-118.193739
20040720,1803,2,MARTIN LUTHER KING,10TH ST,-,A,2,0,1,2,-,-,- ,N,A,B,A,H,A,D,N,33.778977,-118.180686
20040720,1830,2,PACIFIC COAST HWY,LOCUST AV,Y,A,0,0,0,2,A,-,9,N,D,D,A,H,A,D,N,33.789849,-118.191081
20040720,651,2,7TH ST,ROSE AV,-,A,0,0,0,2,A,-,8,N,B,C,A,H,A,A,N,33.775343,-118.169839
20040720,1413,2,CHERRY AV,ROGER ST,Y,A,0,0,0,2,A,-,3,N,C,C,A,H,A,D,N,33.770050,-118.193739
20040720,840,2,7TH ST,ORANGE AV,N,A,0,0,0,2,A,-,3,N,C,C,A,H,A,D,N,33.775366,-118.176353
20040720,1614,2,BROADWAY,JUNIPERO,N,A,0,0,0,2,A,-,8,N,D,C,A,H,A,D,N,33.766933,-118.165809
20040720,2023,2,PARK AV,NORTH BROADWAY,N,-,0,0,0,1,A,-,7,N,B,I,A,H,C,D,N,33.766933,-118.165809
20040720,1903,2,MARTIN LUTHER KING,10TH,N,A,2,0,1,2,-,-,- ,N,A,B,A,H,A,D,N,33.778977,-118.180686
20040720,700,2,SOUTH ST,PARAMOUNT BL,N,A,0,0,0,2,A,-,9,N,D,C,A,H,A,A,N,33.860173,-118.159958
20040720,1930,2,PACIFIC COAST HWY,LOUISA AV,Y,A,0,0,0,2,A,-,9,N,D,D,A,H,A,D,N,33.860173,-118.159958
20040720,1310,2,GALE AV,31ST ST,N,-,2,0,1,2,A,-,10,N,G,G,-,-,-,D,N,33.813462,-118.207839
20040720,1338,2,PALMER CT,20TH ST,N,A,0,0,0,2,D,-,0,M,D,E,A,H,A,D,N,33.793483,-118.190258
20040720,1640,2,LONG BEACH BL,WILLOW ST,Y,-,4,0,1,2,A,-,10,N,G,B,-,-,-,A,N,33.804424,-118.189443
20040720,1720,2,7TH ST,ORANGE AV,N,A,0,0,0,2,A,-,3,N,C,C,A,H,A,A,N,33.775366,-118.176353
20040720,735,2,RT 405,WARDLOW AV,N,A,0,0,0,2,A,-,3,N,C,C,A,H,A,D,N,,
20040720,1115,2,ORANGE AV,PACIFIC COAST HWY,Y,A,3,0,2,2,-,-,- ,N,A,C,A,H,A,A,N,33.789854,-118.176289
20040720,1640,2,RT 91,LONG BEACH BL,N,A,0,0,0,3,A,-,3,N,C,C,A,H,A,D,N,33.873156,-118.200648
20040720,820,2,RT 710,PACIFIC COAST HWY,N,A,0,0,0,2,A,-,7,M,B,C,A,H,A,D,N,33.789863,-118.166885
20040721,55,3,MARINA DR,MARINA DR 6550,-,A,3,0,1,2,A,-,1,N,C,C,A,H,C,D,Y,33.789863,-118.166885
20040721,6,3,RT 605,WILLOW AV,Y,A,0,0,0,1,A,-,1,N,A,I,A,H,C,D,Y,40.623157,-73.723150
20040721,1500,3,RT 405,SANTA FE AV,N,A,0,0,0,2,A,-,3,N,C,C,A,H,A,D,N,33.807295,-118.215507
20040721,1135,3,MARTIN LUTHER KING JR AV,7TH ST,Y,A,0,0,0,3,A,-,5,M,B,C,A,H,A,A,N,33.807295,-118.215507
20040721,1130,3,MARTIN LUTHER KING,10TH ST,Y,A,4,0,1,2,A,-,12,N,B,-,A,H,A,A,N,33.778977,-118.180686
20040721,1646,3,7TH ST,XIMENO,N,A,0,0,0,2,A,-,6,N,B,-,A,H,A,A,N,33.778977,-118.180686
20040721,251,3,SHORELINE DR,OCEAN BL,N,A,3,0,1,1,E,-,24,N,A,I,A,H,C,D,N,,
20040721,1720,3,WILLOW,BELLFLOWER,N,A,0,0,0,2,A,-,8,N,C,C,A,H,A,A,N,33.803355,-118.125361
20040721,1700,3,STUDEBAKER RD,PAVO WALK,N,A,0,0,0,2,D,-,0,N,D,C,A,H,A,D,N,33.803355,-118.125361
20040721,1311,3,ORANGE AV,SOUTH ST,N,A,4,0,1,2,A,-,8,N,B,C,A,H,A,A,N,33.860117,-118.177288
20040721,1448,3,7TH ST,PROSPECT,N,A,0,0,0,2,A,-,3,N,-,-,A,H,A,A,N,33.775335,-118.140465
20040721,1420,3,RT 405,WALNUT AV,N,A,4,0,1,3,A,-,3,N,C,C,A,H,A,D,N,33.811666,-118.171975
20040721,715,3,RT 405,WOODRUFF AV,N,A,4,0,1,3,A,-,7,M,B,C,A,H,A,D,N,33.813146,-118.115196
20040721,1535,3,RT 710,DOMINGUEZ ST,N,A,0,0,0,2,A,-,3,N,C,C,A,H,A,D,N,33.838921,-118.207681
20040721,730,3,RT 405,WOODRUFF AV,N,A,0,0,0,2,A,-,3,M,B,C,A,H,A,D,N,33.813146,-118.115196
20040721,1220,3,ATLANTIC AV,PACIFIC COAST HWY,Y,A,0,0,0,2,A,-,9,N,D,C,A,H,A,A,N,33.789867,-118.185018
20040721,1300,3,ELM MEDICAL PLZ,ELM MEDICAL PLZ 2650,N,A,0,0,0,2,-,-,- ,M,-,E,A,H,A,-,N,,
20040722,1120,4,3RD ST,LONG BEACH BL,N,A,0,0,0,2,A,-,9,N,B,C,A,H,A,D,Y,,
20040722,1755,4,6TH ST,ATLANTIC AV,N,A,0,0,0,2,A,-,7,N,B,C,A,H,A,D,N,,
20040722,1708,4,ERIE ST,WALNUT,N,A,0,0,0,2,A,-,9,N,D,G,A,H,A,D,N,33.770342,-118.172005
20040722,25,4,SPRING ST,RT 405,N,A,0,0,0,2,A,-,16,N,E,J,A,H,C,D,N,33.811709,-118.187710
20040722,2000,4,14TH ST,CEDAR,N,A,0,0,0,2,A,-,21,M,C,E,A,-,C,A,N,33.811709,-118.187710
20040722,2100,4,LONG BEACH AV,RT 710,Y,-,0,0,0,2,A,-,12,N,D,C,-,-,-,A,N,33.783695,-118.195057
20040722,225,4,THORNLAKE,TOPIA ST,N,A,0,0,0,3,A,-,8,M,C,E,A,H,C,D,N,33.820011,-118.071205
20040722,2330,4,ANAHEIM,RT 710,Y,A,0,0,0,1,A,-,3,N,A,I,A,H,C,A,N,33.820011,-118.071205
20040722,1701,4,ORANGE AV,DEL AMO BL,N,A,4,0,2,4,A,-,3,N,C,C,A,H,A,D,N,33.820011,-118.071205
20040722,1433,4,MAGNOLIA AV,6TH ST,Y,A,2,0,3,2,D,-,0,N,D,C,A,H,A,A,N,,
20040722,1250,4,ANAHEIM ST,LEMON AV,N,-,4,0,2,2,A,-,7,N,C,E,-,-,-,D,N,33.782614,-118.179030
20040722,2120,4,LONG BEACH BL,69TH ST,N,A,0,0,0,2,A,-,8,N,B,C,A,H,A,D,N,33.879302,-118.204197
20040722,1730,4,SANTA FE,12TH ST,Y,A,0,0,0,2,A,-,9,N,D,C,A,H,A,A,N,33.781586,-118.215463
20040722,1416,4,BROADWAY ST,TERMINO AV,N,A,4,0,1,3,A,-,3,N,C,-,A,H,A,D,N,33.764453,-118.145906
20040722,1615,4,LONG BEACH BL,WARDLOW RD,N,A,4,0,1,2,A,-,3,N,C,C,A,H,A,A,N,33.818979,-118.189257
20040722,1145,4,SPRING ST,LONG BEACH BL,Y,A,4,0,1,2,A,-,9,N,D,C,A,H,A,A,N,33.811573,-118.189350
20040722,1540,4,RT 405,PACIFIC AV,N,A,4,0,1,2,A,-,3,N,C,C,A,H,A,D,N,46.356782,-124.054189
20040722,2020,4,RT 710,LONG BEACH BL,N,A,3,0,3,1,A,-,8,N,E,I,A,H,C,D,N,33.823693,-118.189369
20040722,1510,4,RT 710,RT 91,N,A,0,0,0,2,A,-,7,N,B,C,A,H,A,D,N,33.770050,-118.193739
20040722,1650,4,RT 710,CARSON ST,N,A,0,0,0,2,A,-,3,N,C,C,A,H,A,D,N,33.832262,-118.135654
20040722,1700,4,RT 710,DEL AMO BL,N,A,0,0,0,2,A,-,7,N,B,C,A,H,A,D,N,33.847073,-118.130810
20040722,1329,4,BELLFLOWER BL,27TH ST,Y,A,0,0,0,3,A,-,12,N,D,C,A,H,A,A,N,33.805059,-118.125192
20040722,27,4,5TH ST,BONITO,N,A,0,0,0,2,-,-,- ,M,C,E,A,H,C,D,N,33.805059,-118.125192
20040722,1035,4,5TH,CEDAR AV,Y,A,0,0,0,2,A,-,12,M,H,C,A,H,A,A,N,33.772912,-118.195072
20040722,1249,4,4TH ST,ATLANTIC AV,N,A,0,0,0,2,A,-,8,N,B,C,A,H,A,D,N,33.772912,-118.195072
20040722,1240,4,RT 405,CLARKE AV,N,A,0,0,0,2,A,-,7,M,E,I,A,H,A,D,N,33.770050,-118.193739
20040722,1547,4,RT 710,WARDLOW RD,N,A,4,0,2,2,A,-,3,N,C,C,A,H,A,D,N,33.818749,-118.130842
20040722,1335,4,RT 710,DEL AMO BL,N,A,0,0,0,3,A,-,4,N,C,C,A,H,A,D,N,33.847073,-118.130810
20040722,1505,4,RT 605,WARDLOW,N,A,0,0,0,2,A,-,7,N,B,C,A,H,A,D,N,33.770050,-118.193739
20040723,3,5,PAOLI WY,BAYSHORE AV,N,A,0,0,0,1,A,-,1,N,A,I,C,H,A,D,Y,,
20040723,824,5,14TH ST,JUNIPERO AV,N,A,0,0,0,2,A,-,8,N,B,C,A,H,A,D,Y,33.784419,-118.163304
20040723,1725,5,RT 91,CHERRY AV,N,A,0,0,0,3,A,-,3,N,C,C,A,H,A,A,N,33.876334,-118.167205
20040723,955,5,DEL AMO BL,ORANGE,N,A,0,0,0,2,A,-,8,N,D,C,A,H,A,A,N,33.876334,-118.167205
20040723,1800,5,PROSPECT AV,2ND ST,N,A,0,0,0,2,D,-,0,N,D,E,A,H,A,D,N,33.846917,-118.176842
20040723,1720,5,WILLOW AV,BELLFLOWER,N,A,0,0,0,2,A,-,8,N,C,C,A,H,A,A,N,33.762360,-118.140488
20040723,2120,5,7TH ST,PINE AV,N,A,3,0,1,2,A,-,17,N,H,C,A,H,C,A,N,33.775344,-118.192398
20040723,1000,5,RT 710,DEL AMO BL,N,A,0,0,0,3,A,-,3,N,C,C,A,H,A,D,N,33.847073,-118.130810
20040723,1900,5,RT 405,ATLANTIC AV,N,A,0,0,0,2,A,-,3,M,C,C,A,H,A,D,N,39.576654,-74.226897
20040723,1831,5,7TH ST,MAGNOLIA WY,N,A,0,0,0,2,B,-,22,M,B,C,A,H,A,D,N,39.576654,-74.226897
20040723,1807,5,DOWNEY AV,SOUTH ST,N,A,0,0,0,3,A,-,12,M,B,-,A,H,A,A,N,,
20040723,1800,5,WILLOW,ATLANTIC,Y,A,0,0,0,2,A,-,3,M,C,C,A,H,A,A,N,33.804328,-118.185023
20040723,1147,5,DEL AMO BL,CHERRY AV,Y,A,4,0,1,2,A,-,3,N,C,C,A,H,A,A,N,33.846859,-118.167613
20040723,1715,5,PACIFIC COAST HWY,LOCUST AV,Y,A,4,0,2,2,A,-,9,N,D,C,A,H,A,D,N,33.789849,-118.191081
20040723,1510,5,RT 710,ATLANTIC AV,N,A,0,0,0,4,A,-,3,N,C,C,A,H,A,D,N,39.576654,-74.226897
20040723,745,5,RT 405,CLARKE AV,N,B,3,0,1,1,A,-,8,N,E,I,A,H,A,D,N,33.770050,-118.193739
20040723,1437,5,ORANGE AV,15TH ST,N,A,4,0,1,3,A,-,3,F,C,C,A,H,A,D,N,33.770050,-118.193739
20040723,1808,5,SPAULDING ST,ORIZABA,N,A,0,0,0,2,A,-,7,M,B,E,A,H,A,D,N,33.770050,-118.176339
20040723,2358,5,RT 91,PARAMOUNT BL,N,A,0,0,0,1,A,-,3,N,E,J,A,H,D,D,N,33.785380,-118.156765
20040723,1744,5,CHERRY AV,3RD ST,N,A,0,0,0,2,D,-,0,N,B,C,A,H,A,D,N,33.768976,-118.167666
20040723,2355,5,RT 91,DOWNEY AV,N,A,0,0,0,2,A,-,3,N,C,C,D,D,A,D,N,,
20040723,1940,5,RT 605,SPRING ST,N,A,0,0,0,1,A,-,8,N,E,I,A,H,A,D,N,33.810673,-118.134847
20040723,1300,5,E ESTHER ST,ATLANTIC AV,N,A,0,0,0,2,D,-,0,M,B,C,A,H,A,D,N,33.810673,-118.134847